Compiling '/home/runner/work/Khala-joybug/Khala-joybug/.buildozer/android/platform/build-arm64-v8a/build/other_builds/python3/arm64-v8a__ndk_target_21/python3/Lib/test/test_free_threading/test_enumerate.py'...
Compiling '/home/runner/work/Khala-joybug/Khala-joybug/.buildozer/android/platform/build-arm64-v8a/build/other_builds/python3/arm64-v8a__ndk_target_21/python3/Lib/test/test_free_threading/test_func_annotations.py'...
Compiling '/home/runner/work/Khala-joybug/Khala-joybug/.buildozer/android/platform/build-arm64-v8a/build/other_builds/python3/arm64-v8a__ndk_target_21/python3/Lib/test/test_free_threading/test_functools.py'...
Compiling '/home/runner/work/Khala-joybug/Khala-joybug/.buildozer/android/platform/build-arm64-v8a/build/other_builds/python3/arm64-v8a__ndk_target_21/python3/Lib/test/test_free_threading/test_gc.py'...
Compiling '/home/runner/work/Khala-joybug/Khala-joybug/.buildozer/android/platform/build-arm64-v8a/build/other_builds/python3/arm64-v8a__ndk_target_21/python3/Lib/test/test_free_threading/test_grp.py'...
Compiling '/home/runner/work/Khala-joybug/Khala-joybug/.buildozer/android/platform/build-arm64-v8a/build/other_builds/python3/arm64-v8a__ndk_target_21/python3/Lib/test/test_free_threading/test_heapq.py'...
Compiling '/home/runner/work/Khala-joybug/Khala-joybug/.buildozer/android/platform/build-arm64-v8a/build/other_builds/python3/arm64-v8a__ndk_target_21/python3/Lib/test/test_free_threading/test_io.py'...
Compiling '/home/runner/work/Khala-joybug/Khala-joybug/.buildozer/android/platform/build-arm64-v8a/build/other_builds/python3/arm64-v8a__ndk_target_21/python3/Lib/test/test_free_threading/test_iteration.py'...
Compiling '/home/runner/work/Khala-joybug/Khala-joybug/.buildozer/android/platform/build-arm64-v8a/build/other_builds/python3/arm64-v8a__ndk_target_21/python3/Lib/test/test_free_threading/test_itertools_batched.py'...
Compiling '/home/runner/work/Khala-joybug/Khala-joybug/.buildozer/android/platform/build-arm64-v8a/build/other_builds/python3/arm64-v8a__ndk_target_21/python3/Lib/test/test_free_threading/test_list.py'...
Compiling '/home/runner/work/Khala-joybug/Khala-joybug/.buildozer/android/platform/build-arm64-v8a/build/other_builds/python3/arm64-v8a__ndk_target_21/python3/Lib/test/test_free_threading/test_methodcaller.py'...
Compiling '/home/runner/work/Khala-joybug/Khala-joybug/.buildozer/android/platform/build-arm64-v8a/build/other_builds/python3/arm64-v8a__ndk_target_21/python3/Lib/test/test_free_threading/test_mmap.py'...
Compiling '/home/runner/work/Khala-joybug/Khala-joybug/.buildozer/android/platform/build-arm64-v8a/build/other_builds/python3/arm64-v8a__ndk_target_21/python3/Lib/test/test_free_threading/test_monitoring.py'...
Compiling '/home/runner/work/Khala-joybug/Khala-joybug/.buildozer/android/platform/build-arm64-v8a/build/other_builds/python3/arm64-v8a__ndk_target_21/python3/Lib/test/test_free_threading/test_races.py'...
Compiling '/home/runner/work/Khala-joybug/Khala-joybug/.buildozer/android/platform/build-arm64-v8a/build/other_builds/python3/arm64-v8a__ndk_target_21/python3/Lib/test/test_free_threading/test_re.py'...
Compiling '/home/runner/work/Khala-joybug/Khala-joybug/.buildozer/android/platform/build-arm64-v8a/build/other_builds/python3/arm64-v8a__ndk_target_21/python3/Lib/test/test_free_threading/test_resource.py'...
Compiling '/home/runner/work/Khala-joybug/Khala-joybug/.buildozer/android/platform/build-arm64-v8a/build/other_builds/python3/arm64-v8a__ndk_target_21/python3/Lib/test/test_free_threading/test_reversed.py'...
Compiling '/home/runner/work/Khala-joybug/Khala-joybug/.buildozer/android/platform/build-arm64-v8a/build/other_builds/python3/arm64-v8a__ndk_target_21/python3/Lib/test/test_free_threading/test_set.py'...
Compiling '/home/runner/work/Khala-joybug/Khala-joybug/.buildozer/android/platform/build-arm64-v8a/build/other_builds/python3/arm64-v8a__ndk_target_21/python3/Lib/test/test_free_threading/test_slots.py'...
Compiling '/home/runner/work/Khala-joybug/Khala-joybug/.buildozer/android/platform/build-arm64-v8a/build/other_builds/python3/arm64-v8a__ndk_target_21/python3/Lib/test/test_free_threading/test_str.py'...
Compiling '/home/runner/work/Khala-joybug/Khala-joybug/.buildozer/android/platform/build-arm64-v8a/build/other_builds/python3/arm64-v8a__ndk_target_21/python3/Lib/test/test_free_threading/test_tokenize.py'...
Compiling '/home/runner/work/Khala-joybug/Khala-joybug/.buildozer/android/platform/build-arm64-v8a/build/other_builds/python3/arm64-v8a__ndk_target_21/python3/Lib/test/test_free_threading/test_type.py'...
Compiling '/home/runner/work/Khala-joybug/Khala-joybug/.buildozer/android/platform/build-arm64-v8a/build/other_builds/python3/arm64-v8a__ndk_target_21/python3/Lib/test/test_free_threading/test_uuid.py'...
Compiling '/home/runner/work/Khala-joybug/Khala-joybug/.buildozer/android/platform/build-arm64-v8a/build/other_builds/python3/arm64-v8a__ndk_target_21/python3/Lib/test/test_free_threading/test_zip.py'...
Compiling '/home/runner/work/Khala-joybug/Khala-joybug/.buildozer/android/platform/build-arm64-v8a/build/other_builds/python3/arm64-v8a__ndk_target_21/python3/Lib/test/test_frozen.py'...
Compiling '/home/runner/work/Khala-joybug/Khala-joybug/.buildozer/android/platform/build-arm64-v8a/build/other_builds/python3/arm64-v8a__ndk_target_21/python3/Lib/test/test_fstring.py'...
Compiling '/home/runner/work/Khala-joybug/Khala-joybug/.buildozer/android/platform/build-arm64-v8a/build/other_builds/python3/arm64-v8a__ndk_target_21/python3/Lib/test/test_ftplib.py'...
Compiling '/home/runner/work/Khala-joybug/Khala-joybug/.buildozer/android/platform/build-arm64-v8a/build/other_builds/python3/arm64-v8a__ndk_target_21/python3/Lib/test/test_funcattrs.py'...
Compiling '/home/runner/work/Khala-joybug/Khala-joybug/.buildozer/android/platform/build-arm64-v8a/build/other_builds/python3/arm64-v8a__ndk_target_21/python3/Lib/test/test_functools.py'...
Listing '/home/runner/work/Khala-joybug/Khala-joybug/.buildozer/android/platform/build-arm64-v8a/build/other_builds/python3/arm64-v8a__ndk_target_21/python3/Lib/test/test_future_stmt'...
Compiling '/home/runner/work/Khala-joybug/Khala-joybug/.buildozer/android/platform/build-arm64-v8a/build/other_builds/python3/arm64-v8a__ndk_target_21/python3/Lib/test/test_future_stmt/__init__.py'...
Compiling '/home/runner/work/Khala-joybug/Khala-joybug/.buildozer/android/platform/build-arm64-v8a/build/other_builds/python3/arm64-v8a__ndk_target_21/python3/Lib/test/test_future_stmt/badsyntax_future.py'...
***   File "/home/runner/work/Khala-joybug/Khala-joybug/.buildozer/android/platform/build-arm64-v8a/build/other_builds/python3/arm64-v8a__ndk_target_21/python3/Lib/test/test_future_stmt/badsyntax_future.py", line 3
    from __future__ import print_function
    ^^^^^^^^^^^^^^^^^^^^^^^^^^^^^^^^^^^^^
SyntaxError: from __future__ imports must occur at the beginning of the file

Compiling '/home/runner/work/Khala-joybug/Khala-joybug/.buildozer/android/platform/build-arm64-v8a/build/other_builds/python3/arm64-v8a__ndk_target_21/python3/Lib/test/test_future_stmt/import_nested_scope_twice.py'...
Compiling '/home/runner/work/Khala-joybug/Khala-joybug/.buildozer/android/platform/build-arm64-v8a/build/other_builds/python3/arm64-v8a__ndk_target_21/python3/Lib/test/test_future_stmt/nested_scope.py'...
Compiling '/home/runner/work/Khala-joybug/Khala-joybug/.buildozer/android/platform/build-arm64-v8a/build/other_builds/python3/arm64-v8a__ndk_target_21/python3/Lib/test/test_future_stmt/test_future.py'...
Compiling '/home/runner/work/Khala-joybug/Khala-joybug/.buildozer/android/platform/build-arm64-v8a/build/other_builds/python3/arm64-v8a__ndk_target_21/python3/Lib/test/test_future_stmt/test_future_flags.py'...
Compiling '/home/runner/work/Khala-joybug/Khala-joybug/.buildozer/android/platform/build-arm64-v8a/build/other_builds/python3/arm64-v8a__ndk_target_21/python3/Lib/test/test_future_stmt/test_future_multiple_features.py'...
Compiling '/home/runner/work/Khala-joybug/Khala-joybug/.buildozer/android/platform/build-arm64-v8a/build/other_builds/python3/arm64-v8a__ndk_target_21/python3/Lib/test/test_future_stmt/test_future_multiple_imports.py'...
Compiling '/home/runner/work/Khala-joybug/Khala-joybug/.buildozer/android/platform/build-arm64-v8a/build/other_builds/python3/arm64-v8a__ndk_target_21/python3/Lib/test/test_future_stmt/test_future_single_import.py'...
Compiling '/home/runner/work/Khala-joybug/Khala-joybug/.buildozer/android/platform/build-arm64-v8a/build/other_builds/python3/arm64-v8a__ndk_target_21/python3/Lib/test/test_gc.py'...
Listing '/home/runner/work/Khala-joybug/Khala-joybug/.buildozer/android/platform/build-arm64-v8a/build/other_builds/python3/arm64-v8a__ndk_target_21/python3/Lib/test/test_gdb'...
Compiling '/home/runner/work/Khala-joybug/Khala-joybug/.buildozer/android/platform/build-arm64-v8a/build/other_builds/python3/arm64-v8a__ndk_target_21/python3/Lib/test/test_gdb/__init__.py'...
Compiling '/home/runner/work/Khala-joybug/Khala-joybug/.buildozer/android/platform/build-arm64-v8a/build/other_builds/python3/arm64-v8a__ndk_target_21/python3/Lib/test/test_gdb/gdb_sample.py'...
Compiling '/home/runner/work/Khala-joybug/Khala-joybug/.buildozer/android/platform/build-arm64-v8a/build/other_builds/python3/arm64-v8a__ndk_target_21/python3/Lib/test/test_gdb/test_backtrace.py'...
Compiling '/home/runner/work/Khala-joybug/Khala-joybug/.buildozer/android/platform/build-arm64-v8a/build/other_builds/python3/arm64-v8a__ndk_target_21/python3/Lib/test/test_gdb/test_cfunction.py'...
Compiling '/home/runner/work/Khala-joybug/Khala-joybug/.buildozer/android/platform/build-arm64-v8a/build/other_builds/python3/arm64-v8a__ndk_target_21/python3/Lib/test/test_gdb/test_cfunction_full.py'...
Compiling '/home/runner/work/Khala-joybug/Khala-joybug/.buildozer/android/platform/build-arm64-v8a/build/other_builds/python3/arm64-v8a__ndk_target_21/python3/Lib/test/test_gdb/test_misc.py'...
Compiling '/home/runner/work/Khala-joybug/Khala-joybug/.buildozer/android/platform/build-arm64-v8a/build/other_builds/python3/arm64-v8a__ndk_target_21/python3/Lib/test/test_gdb/test_pretty_print.py'...
Compiling '/home/runner/work/Khala-joybug/Khala-joybug/.buildozer/android/platform/build-arm64-v8a/build/other_builds/python3/arm64-v8a__ndk_target_21/python3/Lib/test/test_gdb/util.py'...
Compiling '/home/runner/work/Khala-joybug/Khala-joybug/.buildozer/android/platform/build-arm64-v8a/build/other_builds/python3/arm64-v8a__ndk_target_21/python3/Lib/test/test_generated_cases.py'...
Compiling '/home/runner/work/Khala-joybug/Khala-joybug/.buildozer/android/platform/build-arm64-v8a/build/other_builds/python3/arm64-v8a__ndk_target_21/python3/Lib/test/test_generator_stop.py'...
Compiling '/home/runner/work/Khala-joybug/Khala-joybug/.buildozer/android/platform/build-arm64-v8a/build/other_builds/python3/arm64-v8a__ndk_target_21/python3/Lib/test/test_generators.py'...
Compiling '/home/runner/work/Khala-joybug/Khala-joybug/.buildozer/android/platform/build-arm64-v8a/build/other_builds/python3/arm64-v8a__ndk_target_21/python3/Lib/test/test_genericalias.py'...
Compiling '/home/runner/work/Khala-joybug/Khala-joybug/.buildozer/android/platform/build-arm64-v8a/build/other_builds/python3/arm64-v8a__ndk_target_21/python3/Lib/test/test_genericclass.py'...
Compiling '/home/runner/work/Khala-joybug/Khala-joybug/.buildozer/android/platform/build-arm64-v8a/build/other_builds/python3/arm64-v8a__ndk_target_21/python3/Lib/test/test_genericpath.py'...
Compiling '/home/runner/work/Khala-joybug/Khala-joybug/.buildozer/android/platform/build-arm64-v8a/build/other_builds/python3/arm64-v8a__ndk_target_21/python3/Lib/test/test_genexps.py'...
Compiling '/home/runner/work/Khala-joybug/Khala-joybug/.buildozer/android/platform/build-arm64-v8a/build/other_builds/python3/arm64-v8a__ndk_target_21/python3/Lib/test/test_getopt.py'...
Compiling '/home/runner/work/Khala-joybug/Khala-joybug/.buildozer/android/platform/build-arm64-v8a/build/other_builds/python3/arm64-v8a__ndk_target_21/python3/Lib/test/test_getpass.py'...
Compiling '/home/runner/work/Khala-joybug/Khala-joybug/.buildozer/android/platform/build-arm64-v8a/build/other_builds/python3/arm64-v8a__ndk_target_21/python3/Lib/test/test_getpath.py'...
Compiling '/home/runner/work/Khala-joybug/Khala-joybug/.buildozer/android/platform/build-arm64-v8a/build/other_builds/python3/arm64-v8a__ndk_target_21/python3/Lib/test/test_gettext.py'...
Compiling '/home/runner/work/Khala-joybug/Khala-joybug/.buildozer/android/platform/build-arm64-v8a/build/other_builds/python3/arm64-v8a__ndk_target_21/python3/Lib/test/test_glob.py'...
Compiling '/home/runner/work/Khala-joybug/Khala-joybug/.buildozer/android/platform/build-arm64-v8a/build/other_builds/python3/arm64-v8a__ndk_target_21/python3/Lib/test/test_global.py'...
Compiling '/home/runner/work/Khala-joybug/Khala-joybug/.buildozer/android/platform/build-arm64-v8a/build/other_builds/python3/arm64-v8a__ndk_target_21/python3/Lib/test/test_grammar.py'...
Compiling '/home/runner/work/Khala-joybug/Khala-joybug/.buildozer/android/platform/build-arm64-v8a/build/other_builds/python3/arm64-v8a__ndk_target_21/python3/Lib/test/test_graphlib.py'...
Compiling '/home/runner/work/Khala-joybug/Khala-joybug/.buildozer/android/platform/build-arm64-v8a/build/other_builds/python3/arm64-v8a__ndk_target_21/python3/Lib/test/test_grp.py'...
Compiling '/home/runner/work/Khala-joybug/Khala-joybug/.buildozer/android/platform/build-arm64-v8a/build/other_builds/python3/arm64-v8a__ndk_target_21/python3/Lib/test/test_gzip.py'...
Compiling '/home/runner/work/Khala-joybug/Khala-joybug/.buildozer/android/platform/build-arm64-v8a/build/other_builds/python3/arm64-v8a__ndk_target_21/python3/Lib/test/test_hash.py'...
Compiling '/home/runner/work/Khala-joybug/Khala-joybug/.buildozer/android/platform/build-arm64-v8a/build/other_builds/python3/arm64-v8a__ndk_target_21/python3/Lib/test/test_hashlib.py'...
Compiling '/home/runner/work/Khala-joybug/Khala-joybug/.buildozer/android/platform/build-arm64-v8a/build/other_builds/python3/arm64-v8a__ndk_target_21/python3/Lib/test/test_heapq.py'...
Compiling '/home/runner/work/Khala-joybug/Khala-joybug/.buildozer/android/platform/build-arm64-v8a/build/other_builds/python3/arm64-v8a__ndk_target_21/python3/Lib/test/test_hmac.py'...
Compiling '/home/runner/work/Khala-joybug/Khala-joybug/.buildozer/android/platform/build-arm64-v8a/build/other_builds/python3/arm64-v8a__ndk_target_21/python3/Lib/test/test_html.py'...
Compiling '/home/runner/work/Khala-joybug/Khala-joybug/.buildozer/android/platform/build-arm64-v8a/build/other_builds/python3/arm64-v8a__ndk_target_21/python3/Lib/test/test_htmlparser.py'...
Compiling '/home/runner/work/Khala-joybug/Khala-joybug/.buildozer/android/platform/build-arm64-v8a/build/other_builds/python3/arm64-v8a__ndk_target_21/python3/Lib/test/test_http_cookiejar.py'...
Compiling '/home/runner/work/Khala-joybug/Khala-joybug/.buildozer/android/platform/build-arm64-v8a/build/other_builds/python3/arm64-v8a__ndk_target_21/python3/Lib/test/test_http_cookies.py'...
Compiling '/home/runner/work/Khala-joybug/Khala-joybug/.buildozer/android/platform/build-arm64-v8a/build/other_builds/python3/arm64-v8a__ndk_target_21/python3/Lib/test/test_httplib.py'...
Compiling '/home/runner/work/Khala-joybug/Khala-joybug/.buildozer/android/platform/build-arm64-v8a/build/other_builds/python3/arm64-v8a__ndk_target_21/python3/Lib/test/test_httpservers.py'...
Compiling '/home/runner/work/Khala-joybug/Khala-joybug/.buildozer/android/platform/build-arm64-v8a/build/other_builds/python3/arm64-v8a__ndk_target_21/python3/Lib/test/test_idle.py'...
Compiling '/home/runner/work/Khala-joybug/Khala-joybug/.buildozer/android/platform/build-arm64-v8a/build/other_builds/python3/arm64-v8a__ndk_target_21/python3/Lib/test/test_imaplib.py'...
Listing '/home/runner/work/Khala-joybug/Khala-joybug/.buildozer/android/platform/build-arm64-v8a/build/other_builds/python3/arm64-v8a__ndk_target_21/python3/Lib/test/test_import'...
Compiling '/home/runner/work/Khala-joybug/Khala-joybug/.buildozer/android/platform/build-arm64-v8a/build/other_builds/python3/arm64-v8a__ndk_target_21/python3/Lib/test/test_import/__init__.py'...
Compiling '/home/runner/work/Khala-joybug/Khala-joybug/.buildozer/android/platform/build-arm64-v8a/build/other_builds/python3/arm64-v8a__ndk_target_21/python3/Lib/test/test_import/__main__.py'...
Listing '/home/runner/work/Khala-joybug/Khala-joybug/.buildozer/android/platform/build-arm64-v8a/build/other_builds/python3/arm64-v8a__ndk_target_21/python3/Lib/test/test_import/data'...
Listing '/home/runner/work/Khala-joybug/Khala-joybug/.buildozer/android/platform/build-arm64-v8a/build/other_builds/python3/arm64-v8a__ndk_target_21/python3/Lib/test/test_import/data/circular_imports'...
Compiling '/home/runner/work/Khala-joybug/Khala-joybug/.buildozer/android/platform/build-arm64-v8a/build/other_builds/python3/arm64-v8a__ndk_target_21/python3/Lib/test/test_import/data/circular_imports/basic.py'...
Compiling '/home/runner/work/Khala-joybug/Khala-joybug/.buildozer/android/platform/build-arm64-v8a/build/other_builds/python3/arm64-v8a__ndk_target_21/python3/Lib/test/test_import/data/circular_imports/basic2.py'...
Compiling '/home/runner/work/Khala-joybug/Khala-joybug/.buildozer/android/platform/build-arm64-v8a/build/other_builds/python3/arm64-v8a__ndk_target_21/python3/Lib/test/test_import/data/circular_imports/binding.py'...
Compiling '/home/runner/work/Khala-joybug/Khala-joybug/.buildozer/android/platform/build-arm64-v8a/build/other_builds/python3/arm64-v8a__ndk_target_21/python3/Lib/test/test_import/data/circular_imports/binding2.py'...
Compiling '/home/runner/work/Khala-joybug/Khala-joybug/.buildozer/android/platform/build-arm64-v8a/build/other_builds/python3/arm64-v8a__ndk_target_21/python3/Lib/test/test_import/data/circular_imports/from_cycle1.py'...
Compiling '/home/runner/work/Khala-joybug/Khala-joybug/.buildozer/android/platform/build-arm64-v8a/build/other_builds/python3/arm64-v8a__ndk_target_21/python3/Lib/test/test_import/data/circular_imports/from_cycle2.py'...
Compiling '/home/runner/work/Khala-joybug/Khala-joybug/.buildozer/android/platform/build-arm64-v8a/build/other_builds/python3/arm64-v8a__ndk_target_21/python3/Lib/test/test_import/data/circular_imports/import_cycle.py'...
Compiling '/home/runner/work/Khala-joybug/Khala-joybug/.buildozer/android/platform/build-arm64-v8a/build/other_builds/python3/arm64-v8a__ndk_target_21/python3/Lib/test/test_import/data/circular_imports/indirect.py'...
Compiling '/home/runner/work/Khala-joybug/Khala-joybug/.buildozer/android/platform/build-arm64-v8a/build/other_builds/python3/arm64-v8a__ndk_target_21/python3/Lib/test/test_import/data/circular_imports/rebinding.py'...
Compiling '/home/runner/work/Khala-joybug/Khala-joybug/.buildozer/android/platform/build-arm64-v8a/build/other_builds/python3/arm64-v8a__ndk_target_21/python3/Lib/test/test_import/data/circular_imports/rebinding2.py'...
Compiling '/home/runner/work/Khala-joybug/Khala-joybug/.buildozer/android/platform/build-arm64-v8a/build/other_builds/python3/arm64-v8a__ndk_target_21/python3/Lib/test/test_import/data/circular_imports/singlephase.py'...
Compiling '/home/runner/work/Khala-joybug/Khala-joybug/.buildozer/android/platform/build-arm64-v8a/build/other_builds/python3/arm64-v8a__ndk_target_21/python3/Lib/test/test_import/data/circular_imports/source.py'...
Compiling '/home/runner/work/Khala-joybug/Khala-joybug/.buildozer/android/platform/build-arm64-v8a/build/other_builds/python3/arm64-v8a__ndk_target_21/python3/Lib/test/test_import/data/circular_imports/subpackage.py'...
Listing '/home/runner/work/Khala-joybug/Khala-joybug/.buildozer/android/platform/build-arm64-v8a/build/other_builds/python3/arm64-v8a__ndk_target_21/python3/Lib/test/test_import/data/circular_imports/subpkg'...
Compiling '/home/runner/work/Khala-joybug/Khala-joybug/.buildozer/android/platform/build-arm64-v8a/build/other_builds/python3/arm64-v8a__ndk_target_21/python3/Lib/test/test_import/data/circular_imports/subpkg/subpackage2.py'...
Compiling '/home/runner/work/Khala-joybug/Khala-joybug/.buildozer/android/platform/build-arm64-v8a/build/other_builds/python3/arm64-v8a__ndk_target_21/python3/Lib/test/test_import/data/circular_imports/subpkg/util.py'...
Listing '/home/runner/work/Khala-joybug/Khala-joybug/.buildozer/android/platform/build-arm64-v8a/build/other_builds/python3/arm64-v8a__ndk_target_21/python3/Lib/test/test_import/data/circular_imports/subpkg2'...
Compiling '/home/runner/work/Khala-joybug/Khala-joybug/.buildozer/android/platform/build-arm64-v8a/build/other_builds/python3/arm64-v8a__ndk_target_21/python3/Lib/test/test_import/data/circular_imports/subpkg2/__init__.py'...
Listing '/home/runner/work/Khala-joybug/Khala-joybug/.buildozer/android/platform/build-arm64-v8a/build/other_builds/python3/arm64-v8a__ndk_target_21/python3/Lib/test/test_import/data/circular_imports/subpkg2/parent'...
Compiling '/home/runner/work/Khala-joybug/Khala-joybug/.buildozer/android/platform/build-arm64-v8a/build/other_builds/python3/arm64-v8a__ndk_target_21/python3/Lib/test/test_import/data/circular_imports/subpkg2/parent/__init__.py'...
Compiling '/home/runner/work/Khala-joybug/Khala-joybug/.buildozer/android/platform/build-arm64-v8a/build/other_builds/python3/arm64-v8a__ndk_target_21/python3/Lib/test/test_import/data/circular_imports/subpkg2/parent/child.py'...
Compiling '/home/runner/work/Khala-joybug/Khala-joybug/.buildozer/android/platform/build-arm64-v8a/build/other_builds/python3/arm64-v8a__ndk_target_21/python3/Lib/test/test_import/data/circular_imports/use.py'...
Compiling '/home/runner/work/Khala-joybug/Khala-joybug/.buildozer/android/platform/build-arm64-v8a/build/other_builds/python3/arm64-v8a__ndk_target_21/python3/Lib/test/test_import/data/circular_imports/util.py'...
Compiling '/home/runner/work/Khala-joybug/Khala-joybug/.buildozer/android/platform/build-arm64-v8a/build/other_builds/python3/arm64-v8a__ndk_target_21/python3/Lib/test/test_import/data/double_const.py'...
Listing '/home/runner/work/Khala-joybug/Khala-joybug/.buildozer/android/platform/build-arm64-v8a/build/other_builds/python3/arm64-v8a__ndk_target_21/python3/Lib/test/test_import/data/package'...
Compiling '/home/runner/work/Khala-joybug/Khala-joybug/.buildozer/android/platform/build-arm64-v8a/build/other_builds/python3/arm64-v8a__ndk_target_21/python3/Lib/test/test_import/data/package/__init__.py'...
Compiling '/home/runner/work/Khala-joybug/Khala-joybug/.buildozer/android/platform/build-arm64-v8a/build/other_builds/python3/arm64-v8a__ndk_target_21/python3/Lib/test/test_import/data/package/submodule.py'...
Listing '/home/runner/work/Khala-joybug/Khala-joybug/.buildozer/android/platform/build-arm64-v8a/build/other_builds/python3/arm64-v8a__ndk_target_21/python3/Lib/test/test_import/data/package2'...
Compiling '/home/runner/work/Khala-joybug/Khala-joybug/.buildozer/android/platform/build-arm64-v8a/build/other_builds/python3/arm64-v8a__ndk_target_21/python3/Lib/test/test_import/data/package2/submodule1.py'...
Compiling '/home/runner/work/Khala-joybug/Khala-joybug/.buildozer/android/platform/build-arm64-v8a/build/other_builds/python3/arm64-v8a__ndk_target_21/python3/Lib/test/test_import/data/package2/submodule2.py'...
Listing '/home/runner/work/Khala-joybug/Khala-joybug/.buildozer/android/platform/build-arm64-v8a/build/other_builds/python3/arm64-v8a__ndk_target_21/python3/Lib/test/test_import/data/package3'...
Compiling '/home/runner/work/Khala-joybug/Khala-joybug/.buildozer/android/platform/build-arm64-v8a/build/other_builds/python3/arm64-v8a__ndk_target_21/python3/Lib/test/test_import/data/package3/__init__.py'...
Compiling '/home/runner/work/Khala-joybug/Khala-joybug/.buildozer/android/platform/build-arm64-v8a/build/other_builds/python3/arm64-v8a__ndk_target_21/python3/Lib/test/test_import/data/package3/submodule.py'...
Listing '/home/runner/work/Khala-joybug/Khala-joybug/.buildozer/android/platform/build-arm64-v8a/build/other_builds/python3/arm64-v8a__ndk_target_21/python3/Lib/test/test_import/data/package4'...
Compiling '/home/runner/work/Khala-joybug/Khala-joybug/.buildozer/android/platform/build-arm64-v8a/build/other_builds/python3/arm64-v8a__ndk_target_21/python3/Lib/test/test_import/data/package4/__init__.py'...
Compiling '/home/runner/work/Khala-joybug/Khala-joybug/.buildozer/android/platform/build-arm64-v8a/build/other_builds/python3/arm64-v8a__ndk_target_21/python3/Lib/test/test_import/data/package4/submodule.py'...
Listing '/home/runner/work/Khala-joybug/Khala-joybug/.buildozer/android/platform/build-arm64-v8a/build/other_builds/python3/arm64-v8a__ndk_target_21/python3/Lib/test/test_import/data/unwritable'...
Compiling '/home/runner/work/Khala-joybug/Khala-joybug/.buildozer/android/platform/build-arm64-v8a/build/other_builds/python3/arm64-v8a__ndk_target_21/python3/Lib/test/test_import/data/unwritable/__init__.py'...
Compiling '/home/runner/work/Khala-joybug/Khala-joybug/.buildozer/android/platform/build-arm64-v8a/build/other_builds/python3/arm64-v8a__ndk_target_21/python3/Lib/test/test_import/data/unwritable/x.py'...
Listing '/home/runner/work/Khala-joybug/Khala-joybug/.buildozer/android/platform/build-arm64-v8a/build/other_builds/python3/arm64-v8a__ndk_target_21/python3/Lib/test/test_importlib'...
Compiling '/home/runner/work/Khala-joybug/Khala-joybug/.buildozer/android/platform/build-arm64-v8a/build/other_builds/python3/arm64-v8a__ndk_target_21/python3/Lib/test/test_importlib/__init__.py'...
Compiling '/home/runner/work/Khala-joybug/Khala-joybug/.buildozer/android/platform/build-arm64-v8a/build/other_builds/python3/arm64-v8a__ndk_target_21/python3/Lib/test/test_importlib/__main__.py'...
Compiling '/home/runner/work/Khala-joybug/Khala-joybug/.buildozer/android/platform/build-arm64-v8a/build/other_builds/python3/arm64-v8a__ndk_target_21/python3/Lib/test/test_importlib/abc.py'...
Listing '/home/runner/work/Khala-joybug/Khala-joybug/.buildozer/android/platform/build-arm64-v8a/build/other_builds/python3/arm64-v8a__ndk_target_21/python3/Lib/test/test_importlib/builtin'...
Compiling '/home/runner/work/Khala-joybug/Khala-joybug/.buildozer/android/platform/build-arm64-v8a/build/other_builds/python3/arm64-v8a__ndk_target_21/python3/Lib/test/test_importlib/builtin/__init__.py'...
Compiling '/home/runner/work/Khala-joybug/Khala-joybug/.buildozer/android/platform/build-arm64-v8a/build/other_builds/python3/arm64-v8a__ndk_target_21/python3/Lib/test/test_importlib/builtin/__main__.py'...
Compiling '/home/runner/work/Khala-joybug/Khala-joybug/.buildozer/android/platform/build-arm64-v8a/build/other_builds/python3/arm64-v8a__ndk_target_21/python3/Lib/test/test_importlib/builtin/test_finder.py'...
Compiling '/home/runner/work/Khala-joybug/Khala-joybug/.buildozer/android/platform/build-arm64-v8a/build/other_builds/python3/arm64-v8a__ndk_target_21/python3/Lib/test/test_importlib/builtin/test_loader.py'...
Listing '/home/runner/work/Khala-joybug/Khala-joybug/.buildozer/android/platform/build-arm64-v8a/build/other_builds/python3/arm64-v8a__ndk_target_21/python3/Lib/test/test_importlib/extension'...
Compiling '/home/runner/work/Khala-joybug/Khala-joybug/.buildozer/android/platform/build-arm64-v8a/build/other_builds/python3/arm64-v8a__ndk_target_21/python3/Lib/test/test_importlib/extension/__init__.py'...
Compiling '/home/runner/work/Khala-joybug/Khala-joybug/.buildozer/android/platform/build-arm64-v8a/build/other_builds/python3/arm64-v8a__ndk_target_21/python3/Lib/test/test_importlib/extension/__main__.py'...
Compiling '/home/runner/work/Khala-joybug/Khala-joybug/.buildozer/android/platform/build-arm64-v8a/build/other_builds/python3/arm64-v8a__ndk_target_21/python3/Lib/test/test_importlib/extension/_test_nonmodule_cases.py'...
Compiling '/home/runner/work/Khala-joybug/Khala-joybug/.buildozer/android/platform/build-arm64-v8a/build/other_builds/python3/arm64-v8a__ndk_target_21/python3/Lib/test/test_importlib/extension/test_case_sensitivity.py'...
Compiling '/home/runner/work/Khala-joybug/Khala-joybug/.buildozer/android/platform/build-arm64-v8a/build/other_builds/python3/arm64-v8a__ndk_target_21/python3/Lib/test/test_importlib/extension/test_finder.py'...
Compiling '/home/runner/work/Khala-joybug/Khala-joybug/.buildozer/android/platform/build-arm64-v8a/build/other_builds/python3/arm64-v8a__ndk_target_21/python3/Lib/test/test_importlib/extension/test_loader.py'...
Compiling '/home/runner/work/Khala-joybug/Khala-joybug/.buildozer/android/platform/build-arm64-v8a/build/other_builds/python3/arm64-v8a__ndk_target_21/python3/Lib/test/test_importlib/extension/test_path_hook.py'...
Listing '/home/runner/work/Khala-joybug/Khala-joybug/.buildozer/android/platform/build-arm64-v8a/build/other_builds/python3/arm64-v8a__ndk_target_21/python3/Lib/test/test_importlib/frozen'...
Compiling '/home/runner/work/Khala-joybug/Khala-joybug/.buildozer/android/platform/build-arm64-v8a/build/other_builds/python3/arm64-v8a__ndk_target_21/python3/Lib/test/test_importlib/frozen/__init__.py'...
Compiling '/home/runner/work/Khala-joybug/Khala-joybug/.buildozer/android/platform/build-arm64-v8a/build/other_builds/python3/arm64-v8a__ndk_target_21/python3/Lib/test/test_importlib/frozen/__main__.py'...
Compiling '/home/runner/work/Khala-joybug/Khala-joybug/.buildozer/android/platform/build-arm64-v8a/build/other_builds/python3/arm64-v8a__ndk_target_21/python3/Lib/test/test_importlib/frozen/test_finder.py'...
Compiling '/home/runner/work/Khala-joybug/Khala-joybug/.buildozer/android/platform/build-arm64-v8a/build/other_builds/python3/arm64-v8a__ndk_target_21/python3/Lib/test/test_importlib/frozen/test_loader.py'...
Listing '/home/runner/work/Khala-joybug/Khala-joybug/.buildozer/android/platform/build-arm64-v8a/build/other_builds/python3/arm64-v8a__ndk_target_21/python3/Lib/test/test_importlib/import_'...
Compiling '/home/runner/work/Khala-joybug/Khala-joybug/.buildozer/android/platform/build-arm64-v8a/build/other_builds/python3/arm64-v8a__ndk_target_21/python3/Lib/test/test_importlib/import_/__init__.py'...
Compiling '/home/runner/work/Khala-joybug/Khala-joybug/.buildozer/android/platform/build-arm64-v8a/build/other_builds/python3/arm64-v8a__ndk_target_21/python3/Lib/test/test_importlib/import_/__main__.py'...
Compiling '/home/runner/work/Khala-joybug/Khala-joybug/.buildozer/android/platform/build-arm64-v8a/build/other_builds/python3/arm64-v8a__ndk_target_21/python3/Lib/test/test_importlib/import_/test___loader__.py'...
Compiling '/home/runner/work/Khala-joybug/Khala-joybug/.buildozer/android/platform/build-arm64-v8a/build/other_builds/python3/arm64-v8a__ndk_target_21/python3/Lib/test/test_importlib/import_/test___package__.py'...
Compiling '/home/runner/work/Khala-joybug/Khala-joybug/.buildozer/android/platform/build-arm64-v8a/build/other_builds/python3/arm64-v8a__ndk_target_21/python3/Lib/test/test_importlib/import_/test_api.py'...
Compiling '/home/runner/work/Khala-joybug/Khala-joybug/.buildozer/android/platform/build-arm64-v8a/build/other_builds/python3/arm64-v8a__ndk_target_21/python3/Lib/test/test_importlib/import_/test_caching.py'...
Compiling '/home/runner/work/Khala-joybug/Khala-joybug/.buildozer/android/platform/build-arm64-v8a/build/other_builds/python3/arm64-v8a__ndk_target_21/python3/Lib/test/test_importlib/import_/test_fromlist.py'...
Compiling '/home/runner/work/Khala-joybug/Khala-joybug/.buildozer/android/platform/build-arm64-v8a/build/other_builds/python3/arm64-v8a__ndk_target_21/python3/Lib/test/test_importlib/import_/test_helpers.py'...
Compiling '/home/runner/work/Khala-joybug/Khala-joybug/.buildozer/android/platform/build-arm64-v8a/build/other_builds/python3/arm64-v8a__ndk_target_21/python3/Lib/test/test_importlib/import_/test_meta_path.py'...
Compiling '/home/runner/work/Khala-joybug/Khala-joybug/.buildozer/android/platform/build-arm64-v8a/build/other_builds/python3/arm64-v8a__ndk_target_21/python3/Lib/test/test_importlib/import_/test_packages.py'...
Compiling '/home/runner/work/Khala-joybug/Khala-joybug/.buildozer/android/platform/build-arm64-v8a/build/other_builds/python3/arm64-v8a__ndk_target_21/python3/Lib/test/test_importlib/import_/test_path.py'...
Compiling '/home/runner/work/Khala-joybug/Khala-joybug/.buildozer/android/platform/build-arm64-v8a/build/other_builds/python3/arm64-v8a__ndk_target_21/python3/Lib/test/test_importlib/import_/test_relative_imports.py'...
Listing '/home/runner/work/Khala-joybug/Khala-joybug/.buildozer/android/platform/build-arm64-v8a/build/other_builds/python3/arm64-v8a__ndk_target_21/python3/Lib/test/test_importlib/metadata'...
Compiling '/home/runner/work/Khala-joybug/Khala-joybug/.buildozer/android/platform/build-arm64-v8a/build/other_builds/python3/arm64-v8a__ndk_target_21/python3/Lib/test/test_importlib/metadata/__init__.py'...
Compiling '/home/runner/work/Khala-joybug/Khala-joybug/.buildozer/android/platform/build-arm64-v8a/build/other_builds/python3/arm64-v8a__ndk_target_21/python3/Lib/test/test_importlib/metadata/_context.py'...
Compiling '/home/runner/work/Khala-joybug/Khala-joybug/.buildozer/android/platform/build-arm64-v8a/build/other_builds/python3/arm64-v8a__ndk_target_21/python3/Lib/test/test_importlib/metadata/_path.py'...
Listing '/home/runner/work/Khala-joybug/Khala-joybug/.buildozer/android/platform/build-arm64-v8a/build/other_builds/python3/arm64-v8a__ndk_target_21/python3/Lib/test/test_importlib/metadata/data'...
Compiling '/home/runner/work/Khala-joybug/Khala-joybug/.buildozer/android/platform/build-arm64-v8a/build/other_builds/python3/arm64-v8a__ndk_target_21/python3/Lib/test/test_importlib/metadata/data/__init__.py'...
Listing '/home/runner/work/Khala-joybug/Khala-joybug/.buildozer/android/platform/build-arm64-v8a/build/other_builds/python3/arm64-v8a__ndk_target_21/python3/Lib/test/test_importlib/metadata/data/sources'...
Listing '/home/runner/work/Khala-joybug/Khala-joybug/.buildozer/android/platform/build-arm64-v8a/build/other_builds/python3/arm64-v8a__ndk_target_21/python3/Lib/test/test_importlib/metadata/data/sources/example'...
Listing '/home/runner/work/Khala-joybug/Khala-joybug/.buildozer/android/platform/build-arm64-v8a/build/other_builds/python3/arm64-v8a__ndk_target_21/python3/Lib/test/test_importlib/metadata/data/sources/example/example'...
Compiling '/home/runner/work/Khala-joybug/Khala-joybug/.buildozer/android/platform/build-arm64-v8a/build/other_builds/python3/arm64-v8a__ndk_target_21/python3/Lib/test/test_importlib/metadata/data/sources/example/example/__init__.py'...
Compiling '/home/runner/work/Khala-joybug/Khala-joybug/.buildozer/android/platform/build-arm64-v8a/build/other_builds/python3/arm64-v8a__ndk_target_21/python3/Lib/test/test_importlib/metadata/data/sources/example/setup.py'...
Listing '/home/runner/work/Khala-joybug/Khala-joybug/.buildozer/android/platform/build-arm64-v8a/build/other_builds/python3/arm64-v8a__ndk_target_21/python3/Lib/test/test_importlib/metadata/data/sources/example2'...
Listing '/home/runner/work/Khala-joybug/Khala-joybug/.buildozer/android/platform/build-arm64-v8a/build/other_builds/python3/arm64-v8a__ndk_target_21/python3/Lib/test/test_importlib/metadata/data/sources/example2/example2'...
Compiling '/home/runner/work/Khala-joybug/Khala-joybug/.buildozer/android/platform/build-arm64-v8a/build/other_builds/python3/arm64-v8a__ndk_target_21/python3/Lib/test/test_importlib/metadata/data/sources/example2/example2/__init__.py'...
Compiling '/home/runner/work/Khala-joybug/Khala-joybug/.buildozer/android/platform/build-arm64-v8a/build/other_builds/python3/arm64-v8a__ndk_target_21/python3/Lib/test/test_importlib/metadata/fixtures.py'...
Compiling '/home/runner/work/Khala-joybug/Khala-joybug/.buildozer/android/platform/build-arm64-v8a/build/other_builds/python3/arm64-v8a__ndk_target_21/python3/Lib/test/test_importlib/metadata/stubs.py'...
Compiling '/home/runner/work/Khala-joybug/Khala-joybug/.buildozer/android/platform/build-arm64-v8a/build/other_builds/python3/arm64-v8a__ndk_target_21/python3/Lib/test/test_importlib/metadata/test_api.py'...
Compiling '/home/runner/work/Khala-joybug/Khala-joybug/.buildozer/android/platform/build-arm64-v8a/build/other_builds/python3/arm64-v8a__ndk_target_21/python3/Lib/test/test_importlib/metadata/test_main.py'...
Compiling '/home/runner/work/Khala-joybug/Khala-joybug/.buildozer/android/platform/build-arm64-v8a/build/other_builds/python3/arm64-v8a__ndk_target_21/python3/Lib/test/test_importlib/metadata/test_zip.py'...
Listing '/home/runner/work/Khala-joybug/Khala-joybug/.buildozer/android/platform/build-arm64-v8a/build/other_builds/python3/arm64-v8a__ndk_target_21/python3/Lib/test/test_importlib/namespace_pkgs'...
Listing '/home/runner/work/Khala-joybug/Khala-joybug/.buildozer/android/platform/build-arm64-v8a/build/other_builds/python3/arm64-v8a__ndk_target_21/python3/Lib/test/test_importlib/namespace_pkgs/both_portions'...
Listing '/home/runner/work/Khala-joybug/Khala-joybug/.buildozer/android/platform/build-arm64-v8a/build/other_builds/python3/arm64-v8a__ndk_target_21/python3/Lib/test/test_importlib/namespace_pkgs/both_portions/foo'...
Compiling '/home/runner/work/Khala-joybug/Khala-joybug/.buildozer/android/platform/build-arm64-v8a/build/other_builds/python3/arm64-v8a__ndk_target_21/python3/Lib/test/test_importlib/namespace_pkgs/both_portions/foo/one.py'...
Compiling '/home/runner/work/Khala-joybug/Khala-joybug/.buildozer/android/platform/build-arm64-v8a/build/other_builds/python3/arm64-v8a__ndk_target_21/python3/Lib/test/test_importlib/namespace_pkgs/both_portions/foo/two.py'...
Listing '/home/runner/work/Khala-joybug/Khala-joybug/.buildozer/android/platform/build-arm64-v8a/build/other_builds/python3/arm64-v8a__ndk_target_21/python3/Lib/test/test_importlib/namespace_pkgs/module_and_namespace_package'...
Listing '/home/runner/work/Khala-joybug/Khala-joybug/.buildozer/android/platform/build-arm64-v8a/build/other_builds/python3/arm64-v8a__ndk_target_21/python3/Lib/test/test_importlib/namespace_pkgs/module_and_namespace_package/a_test'...
Compiling '/home/runner/work/Khala-joybug/Khala-joybug/.buildozer/android/platform/build-arm64-v8a/build/other_builds/python3/arm64-v8a__ndk_target_21/python3/Lib/test/test_importlib/namespace_pkgs/module_and_namespace_package/a_test.py'...
Listing '/home/runner/work/Khala-joybug/Khala-joybug/.buildozer/android/platform/build-arm64-v8a/build/other_builds/python3/arm64-v8a__ndk_target_21/python3/Lib/test/test_importlib/namespace_pkgs/not_a_namespace_pkg'...
Listing '/home/runner/work/Khala-joybug/Khala-joybug/.buildozer/android/platform/build-arm64-v8a/build/other_builds/python3/arm64-v8a__ndk_target_21/python3/Lib/test/test_importlib/namespace_pkgs/not_a_namespace_pkg/foo'...
Compiling '/home/runner/work/Khala-joybug/Khala-joybug/.buildozer/android/platform/build-arm64-v8a/build/other_builds/python3/arm64-v8a__ndk_target_21/python3/Lib/test/test_importlib/namespace_pkgs/not_a_namespace_pkg/foo/__init__.py'...
Compiling '/home/runner/work/Khala-joybug/Khala-joybug/.buildozer/android/platform/build-arm64-v8a/build/other_builds/python3/arm64-v8a__ndk_target_21/python3/Lib/test/test_importlib/namespace_pkgs/not_a_namespace_pkg/foo/one.py'...
Listing '/home/runner/work/Khala-joybug/Khala-joybug/.buildozer/android/platform/build-arm64-v8a/build/other_builds/python3/arm64-v8a__ndk_target_21/python3/Lib/test/test_importlib/namespace_pkgs/portion1'...
Listing '/home/runner/work/Khala-joybug/Khala-joybug/.buildozer/android/platform/build-arm64-v8a/build/other_builds/python3/arm64-v8a__ndk_target_21/python3/Lib/test/test_importlib/namespace_pkgs/portion1/foo'...
Compiling '/home/runner/work/Khala-joybug/Khala-joybug/.buildozer/android/platform/build-arm64-v8a/build/other_builds/python3/arm64-v8a__ndk_target_21/python3/Lib/test/test_importlib/namespace_pkgs/portion1/foo/one.py'...
Listing '/home/runner/work/Khala-joybug/Khala-joybug/.buildozer/android/platform/build-arm64-v8a/build/other_builds/python3/arm64-v8a__ndk_target_21/python3/Lib/test/test_importlib/namespace_pkgs/portion2'...
Listing '/home/runner/work/Khala-joybug/Khala-joybug/.buildozer/android/platform/build-arm64-v8a/build/other_builds/python3/arm64-v8a__ndk_target_21/python3/Lib/test/test_importlib/namespace_pkgs/portion2/foo'...
Compiling '/home/runner/work/Khala-joybug/Khala-joybug/.buildozer/android/platform/build-arm64-v8a/build/other_builds/python3/arm64-v8a__ndk_target_21/python3/Lib/test/test_importlib/namespace_pkgs/portion2/foo/two.py'...
Listing '/home/runner/work/Khala-joybug/Khala-joybug/.buildozer/android/platform/build-arm64-v8a/build/other_builds/python3/arm64-v8a__ndk_target_21/python3/Lib/test/test_importlib/namespace_pkgs/project1'...
Listing '/home/runner/work/Khala-joybug/Khala-joybug/.buildozer/android/platform/build-arm64-v8a/build/other_builds/python3/arm64-v8a__ndk_target_21/python3/Lib/test/test_importlib/namespace_pkgs/project1/parent'...
Listing '/home/runner/work/Khala-joybug/Khala-joybug/.buildozer/android/platform/build-arm64-v8a/build/other_builds/python3/arm64-v8a__ndk_target_21/python3/Lib/test/test_importlib/namespace_pkgs/project1/parent/child'...
Compiling '/home/runner/work/Khala-joybug/Khala-joybug/.buildozer/android/platform/build-arm64-v8a/build/other_builds/python3/arm64-v8a__ndk_target_21/python3/Lib/test/test_importlib/namespace_pkgs/project1/parent/child/one.py'...
Listing '/home/runner/work/Khala-joybug/Khala-joybug/.buildozer/android/platform/build-arm64-v8a/build/other_builds/python3/arm64-v8a__ndk_target_21/python3/Lib/test/test_importlib/namespace_pkgs/project2'...
Listing '/home/runner/work/Khala-joybug/Khala-joybug/.buildozer/android/platform/build-arm64-v8a/build/other_builds/python3/arm64-v8a__ndk_target_21/python3/Lib/test/test_importlib/namespace_pkgs/project2/parent'...
Listing '/home/runner/work/Khala-joybug/Khala-joybug/.buildozer/android/platform/build-arm64-v8a/build/other_builds/python3/arm64-v8a__ndk_target_21/python3/Lib/test/test_importlib/namespace_pkgs/project2/parent/child'...
Compiling '/home/runner/work/Khala-joybug/Khala-joybug/.buildozer/android/platform/build-arm64-v8a/build/other_builds/python3/arm64-v8a__ndk_target_21/python3/Lib/test/test_importlib/namespace_pkgs/project2/parent/child/two.py'...
Listing '/home/runner/work/Khala-joybug/Khala-joybug/.buildozer/android/platform/build-arm64-v8a/build/other_builds/python3/arm64-v8a__ndk_target_21/python3/Lib/test/test_importlib/namespace_pkgs/project3'...
Listing '/home/runner/work/Khala-joybug/Khala-joybug/.buildozer/android/platform/build-arm64-v8a/build/other_builds/python3/arm64-v8a__ndk_target_21/python3/Lib/test/test_importlib/namespace_pkgs/project3/parent'...
Listing '/home/runner/work/Khala-joybug/Khala-joybug/.buildozer/android/platform/build-arm64-v8a/build/other_builds/python3/arm64-v8a__ndk_target_21/python3/Lib/test/test_importlib/namespace_pkgs/project3/parent/child'...
Compiling '/home/runner/work/Khala-joybug/Khala-joybug/.buildozer/android/platform/build-arm64-v8a/build/other_builds/python3/arm64-v8a__ndk_target_21/python3/Lib/test/test_importlib/namespace_pkgs/project3/parent/child/three.py'...
Listing '/home/runner/work/Khala-joybug/Khala-joybug/.buildozer/android/platform/build-arm64-v8a/build/other_builds/python3/arm64-v8a__ndk_target_21/python3/Lib/test/test_importlib/partial'...
Compiling '/home/runner/work/Khala-joybug/Khala-joybug/.buildozer/android/platform/build-arm64-v8a/build/other_builds/python3/arm64-v8a__ndk_target_21/python3/Lib/test/test_importlib/partial/cfimport.py'...
Compiling '/home/runner/work/Khala-joybug/Khala-joybug/.buildozer/android/platform/build-arm64-v8a/build/other_builds/python3/arm64-v8a__ndk_target_21/python3/Lib/test/test_importlib/partial/pool_in_threads.py'...
Listing '/home/runner/work/Khala-joybug/Khala-joybug/.buildozer/android/platform/build-arm64-v8a/build/other_builds/python3/arm64-v8a__ndk_target_21/python3/Lib/test/test_importlib/resources'...
Compiling '/home/runner/work/Khala-joybug/Khala-joybug/.buildozer/android/platform/build-arm64-v8a/build/other_builds/python3/arm64-v8a__ndk_target_21/python3/Lib/test/test_importlib/resources/__init__.py'...
Compiling '/home/runner/work/Khala-joybug/Khala-joybug/.buildozer/android/platform/build-arm64-v8a/build/other_builds/python3/arm64-v8a__ndk_target_21/python3/Lib/test/test_importlib/resources/_path.py'...
Compiling '/home/runner/work/Khala-joybug/Khala-joybug/.buildozer/android/platform/build-arm64-v8a/build/other_builds/python3/arm64-v8a__ndk_target_21/python3/Lib/test/test_importlib/resources/test_compatibilty_files.py'...
Compiling '/home/runner/work/Khala-joybug/Khala-joybug/.buildozer/android/platform/build-arm64-v8a/build/other_builds/python3/arm64-v8a__ndk_target_21/python3/Lib/test/test_importlib/resources/test_contents.py'...
Compiling '/home/runner/work/Khala-joybug/Khala-joybug/.buildozer/android/platform/build-arm64-v8a/build/other_builds/python3/arm64-v8a__ndk_target_21/python3/Lib/test/test_importlib/resources/test_custom.py'...
Compiling '/home/runner/work/Khala-joybug/Khala-joybug/.buildozer/android/platform/build-arm64-v8a/build/other_builds/python3/arm64-v8a__ndk_target_21/python3/Lib/test/test_importlib/resources/test_files.py'...
Compiling '/home/runner/work/Khala-joybug/Khala-joybug/.buildozer/android/platform/build-arm64-v8a/build/other_builds/python3/arm64-v8a__ndk_target_21/python3/Lib/test/test_importlib/resources/test_functional.py'...
Compiling '/home/runner/work/Khala-joybug/Khala-joybug/.buildozer/android/platform/build-arm64-v8a/build/other_builds/python3/arm64-v8a__ndk_target_21/python3/Lib/test/test_importlib/resources/test_open.py'...
Compiling '/home/runner/work/Khala-joybug/Khala-joybug/.buildozer/android/platform/build-arm64-v8a/build/other_builds/python3/arm64-v8a__ndk_target_21/python3/Lib/test/test_importlib/resources/test_path.py'...
Compiling '/home/runner/work/Khala-joybug/Khala-joybug/.buildozer/android/platform/build-arm64-v8a/build/other_builds/python3/arm64-v8a__ndk_target_21/python3/Lib/test/test_importlib/resources/test_read.py'...
Compiling '/home/runner/work/Khala-joybug/Khala-joybug/.buildozer/android/platform/build-arm64-v8a/build/other_builds/python3/arm64-v8a__ndk_target_21/python3/Lib/test/test_importlib/resources/test_reader.py'...
Compiling '/home/runner/work/Khala-joybug/Khala-joybug/.buildozer/android/platform/build-arm64-v8a/build/other_builds/python3/arm64-v8a__ndk_target_21/python3/Lib/test/test_importlib/resources/test_resource.py'...
Compiling '/home/runner/work/Khala-joybug/Khala-joybug/.buildozer/android/platform/build-arm64-v8a/build/other_builds/python3/arm64-v8a__ndk_target_21/python3/Lib/test/test_importlib/resources/util.py'...
Compiling '/home/runner/work/Khala-joybug/Khala-joybug/.buildozer/android/platform/build-arm64-v8a/build/other_builds/python3/arm64-v8a__ndk_target_21/python3/Lib/test/test_importlib/resources/zip.py'...
Listing '/home/runner/work/Khala-joybug/Khala-joybug/.buildozer/android/platform/build-arm64-v8a/build/other_builds/python3/arm64-v8a__ndk_target_21/python3/Lib/test/test_importlib/source'...
Compiling '/home/runner/work/Khala-joybug/Khala-joybug/.buildozer/android/platform/build-arm64-v8a/build/other_builds/python3/arm64-v8a__ndk_target_21/python3/Lib/test/test_importlib/source/__init__.py'...
Compiling '/home/runner/work/Khala-joybug/Khala-joybug/.buildozer/android/platform/build-arm64-v8a/build/other_builds/python3/arm64-v8a__ndk_target_21/python3/Lib/test/test_importlib/source/__main__.py'...
Compiling '/home/runner/work/Khala-joybug/Khala-joybug/.buildozer/android/platform/build-arm64-v8a/build/other_builds/python3/arm64-v8a__ndk_target_21/python3/Lib/test/test_importlib/source/test_case_sensitivity.py'...
Compiling '/home/runner/work/Khala-joybug/Khala-joybug/.buildozer/android/platform/build-arm64-v8a/build/other_builds/python3/arm64-v8a__ndk_target_21/python3/Lib/test/test_importlib/source/test_file_loader.py'...
Compiling '/home/runner/work/Khala-joybug/Khala-joybug/.buildozer/android/platform/build-arm64-v8a/build/other_builds/python3/arm64-v8a__ndk_target_21/python3/Lib/test/test_importlib/source/test_finder.py'...
Compiling '/home/runner/work/Khala-joybug/Khala-joybug/.buildozer/android/platform/build-arm64-v8a/build/other_builds/python3/arm64-v8a__ndk_target_21/python3/Lib/test/test_importlib/source/test_path_hook.py'...
Compiling '/home/runner/work/Khala-joybug/Khala-joybug/.buildozer/android/platform/build-arm64-v8a/build/other_builds/python3/arm64-v8a__ndk_target_21/python3/Lib/test/test_importlib/source/test_source_encoding.py'...
Compiling '/home/runner/work/Khala-joybug/Khala-joybug/.buildozer/android/platform/build-arm64-v8a/build/other_builds/python3/arm64-v8a__ndk_target_21/python3/Lib/test/test_importlib/test_abc.py'...
Compiling '/home/runner/work/Khala-joybug/Khala-joybug/.buildozer/android/platform/build-arm64-v8a/build/other_builds/python3/arm64-v8a__ndk_target_21/python3/Lib/test/test_importlib/test_api.py'...
Compiling '/home/runner/work/Khala-joybug/Khala-joybug/.buildozer/android/platform/build-arm64-v8a/build/other_builds/python3/arm64-v8a__ndk_target_21/python3/Lib/test/test_importlib/test_lazy.py'...
Compiling '/home/runner/work/Khala-joybug/Khala-joybug/.buildozer/android/platform/build-arm64-v8a/build/other_builds/python3/arm64-v8a__ndk_target_21/python3/Lib/test/test_importlib/test_locks.py'...
Compiling '/home/runner/work/Khala-joybug/Khala-joybug/.buildozer/android/platform/build-arm64-v8a/build/other_builds/python3/arm64-v8a__ndk_target_21/python3/Lib/test/test_importlib/test_namespace_pkgs.py'...
Compiling '/home/runner/work/Khala-joybug/Khala-joybug/.buildozer/android/platform/build-arm64-v8a/build/other_builds/python3/arm64-v8a__ndk_target_21/python3/Lib/test/test_importlib/test_pkg_import.py'...
Compiling '/home/runner/work/Khala-joybug/Khala-joybug/.buildozer/android/platform/build-arm64-v8a/build/other_builds/python3/arm64-v8a__ndk_target_21/python3/Lib/test/test_importlib/test_spec.py'...
Compiling '/home/runner/work/Khala-joybug/Khala-joybug/.buildozer/android/platform/build-arm64-v8a/build/other_builds/python3/arm64-v8a__ndk_target_21/python3/Lib/test/test_importlib/test_threaded_import.py'...
Compiling '/home/runner/work/Khala-joybug/Khala-joybug/.buildozer/android/platform/build-arm64-v8a/build/other_builds/python3/arm64-v8a__ndk_target_21/python3/Lib/test/test_importlib/test_util.py'...
Compiling '/home/runner/work/Khala-joybug/Khala-joybug/.buildozer/android/platform/build-arm64-v8a/build/other_builds/python3/arm64-v8a__ndk_target_21/python3/Lib/test/test_importlib/test_windows.py'...
Compiling '/home/runner/work/Khala-joybug/Khala-joybug/.buildozer/android/platform/build-arm64-v8a/build/other_builds/python3/arm64-v8a__ndk_target_21/python3/Lib/test/test_importlib/threaded_import_hangers.py'...
Compiling '/home/runner/work/Khala-joybug/Khala-joybug/.buildozer/android/platform/build-arm64-v8a/build/other_builds/python3/arm64-v8a__ndk_target_21/python3/Lib/test/test_importlib/util.py'...
Compiling '/home/runner/work/Khala-joybug/Khala-joybug/.buildozer/android/platform/build-arm64-v8a/build/other_builds/python3/arm64-v8a__ndk_target_21/python3/Lib/test/test_index.py'...
Listing '/home/runner/work/Khala-joybug/Khala-joybug/.buildozer/android/platform/build-arm64-v8a/build/other_builds/python3/arm64-v8a__ndk_target_21/python3/Lib/test/test_inspect'...
Compiling '/home/runner/work/Khala-joybug/Khala-joybug/.buildozer/android/platform/build-arm64-v8a/build/other_builds/python3/arm64-v8a__ndk_target_21/python3/Lib/test/test_inspect/__init__.py'...
Compiling '/home/runner/work/Khala-joybug/Khala-joybug/.buildozer/android/platform/build-arm64-v8a/build/other_builds/python3/arm64-v8a__ndk_target_21/python3/Lib/test/test_inspect/inspect_deferred_annotations.py'...
Compiling '/home/runner/work/Khala-joybug/Khala-joybug/.buildozer/android/platform/build-arm64-v8a/build/other_builds/python3/arm64-v8a__ndk_target_21/python3/Lib/test/test_inspect/inspect_fodder.py'...
Compiling '/home/runner/work/Khala-joybug/Khala-joybug/.buildozer/android/platform/build-arm64-v8a/build/other_builds/python3/arm64-v8a__ndk_target_21/python3/Lib/test/test_inspect/inspect_fodder2.py'...
Compiling '/home/runner/work/Khala-joybug/Khala-joybug/.buildozer/android/platform/build-arm64-v8a/build/other_builds/python3/arm64-v8a__ndk_target_21/python3/Lib/test/test_inspect/inspect_stock_annotations.py'...
Compiling '/home/runner/work/Khala-joybug/Khala-joybug/.buildozer/android/platform/build-arm64-v8a/build/other_builds/python3/arm64-v8a__ndk_target_21/python3/Lib/test/test_inspect/inspect_stringized_annotations.py'...
Compiling '/home/runner/work/Khala-joybug/Khala-joybug/.buildozer/android/platform/build-arm64-v8a/build/other_builds/python3/arm64-v8a__ndk_target_21/python3/Lib/test/test_inspect/inspect_stringized_annotations_2.py'...
Compiling '/home/runner/work/Khala-joybug/Khala-joybug/.buildozer/android/platform/build-arm64-v8a/build/other_builds/python3/arm64-v8a__ndk_target_21/python3/Lib/test/test_inspect/inspect_stringized_annotations_pep695.py'...
Compiling '/home/runner/work/Khala-joybug/Khala-joybug/.buildozer/android/platform/build-arm64-v8a/build/other_builds/python3/arm64-v8a__ndk_target_21/python3/Lib/test/test_inspect/test_inspect.py'...
Compiling '/home/runner/work/Khala-joybug/Khala-joybug/.buildozer/android/platform/build-arm64-v8a/build/other_builds/python3/arm64-v8a__ndk_target_21/python3/Lib/test/test_int.py'...
Compiling '/home/runner/work/Khala-joybug/Khala-joybug/.buildozer/android/platform/build-arm64-v8a/build/other_builds/python3/arm64-v8a__ndk_target_21/python3/Lib/test/test_int_literal.py'...
Listing '/home/runner/work/Khala-joybug/Khala-joybug/.buildozer/android/platform/build-arm64-v8a/build/other_builds/python3/arm64-v8a__ndk_target_21/python3/Lib/test/test_interpreters'...
Compiling '/home/runner/work/Khala-joybug/Khala-joybug/.buildozer/android/platform/build-arm64-v8a/build/other_builds/python3/arm64-v8a__ndk_target_21/python3/Lib/test/test_interpreters/__init__.py'...
Compiling '/home/runner/work/Khala-joybug/Khala-joybug/.buildozer/android/platform/build-arm64-v8a/build/other_builds/python3/arm64-v8a__ndk_target_21/python3/Lib/test/test_interpreters/__main__.py'...
Compiling '/home/runner/work/Khala-joybug/Khala-joybug/.buildozer/android/platform/build-arm64-v8a/build/other_builds/python3/arm64-v8a__ndk_target_21/python3/Lib/test/test_interpreters/test_api.py'...
Compiling '/home/runner/work/Khala-joybug/Khala-joybug/.buildozer/android/platform/build-arm64-v8a/build/other_builds/python3/arm64-v8a__ndk_target_21/python3/Lib/test/test_interpreters/test_channels.py'...
Compiling '/home/runner/work/Khala-joybug/Khala-joybug/.buildozer/android/platform/build-arm64-v8a/build/other_builds/python3/arm64-v8a__ndk_target_21/python3/Lib/test/test_interpreters/test_lifecycle.py'...
Compiling '/home/runner/work/Khala-joybug/Khala-joybug/.buildozer/android/platform/build-arm64-v8a/build/other_builds/python3/arm64-v8a__ndk_target_21/python3/Lib/test/test_interpreters/test_queues.py'...
Compiling '/home/runner/work/Khala-joybug/Khala-joybug/.buildozer/android/platform/build-arm64-v8a/build/other_builds/python3/arm64-v8a__ndk_target_21/python3/Lib/test/test_interpreters/test_stress.py'...
Compiling '/home/runner/work/Khala-joybug/Khala-joybug/.buildozer/android/platform/build-arm64-v8a/build/other_builds/python3/arm64-v8a__ndk_target_21/python3/Lib/test/test_interpreters/utils.py'...
Compiling '/home/runner/work/Khala-joybug/Khala-joybug/.buildozer/android/platform/build-arm64-v8a/build/other_builds/python3/arm64-v8a__ndk_target_21/python3/Lib/test/test_io.py'...
Compiling '/home/runner/work/Khala-joybug/Khala-joybug/.buildozer/android/platform/build-arm64-v8a/build/other_builds/python3/arm64-v8a__ndk_target_21/python3/Lib/test/test_ioctl.py'...
Compiling '/home/runner/work/Khala-joybug/Khala-joybug/.buildozer/android/platform/build-arm64-v8a/build/other_builds/python3/arm64-v8a__ndk_target_21/python3/Lib/test/test_ipaddress.py'...
Compiling '/home/runner/work/Khala-joybug/Khala-joybug/.buildozer/android/platform/build-arm64-v8a/build/other_builds/python3/arm64-v8a__ndk_target_21/python3/Lib/test/test_isinstance.py'...
Compiling '/home/runner/work/Khala-joybug/Khala-joybug/.buildozer/android/platform/build-arm64-v8a/build/other_builds/python3/arm64-v8a__ndk_target_21/python3/Lib/test/test_iter.py'...
Compiling '/home/runner/work/Khala-joybug/Khala-joybug/.buildozer/android/platform/build-arm64-v8a/build/other_builds/python3/arm64-v8a__ndk_target_21/python3/Lib/test/test_iterlen.py'...
Compiling '/home/runner/work/Khala-joybug/Khala-joybug/.buildozer/android/platform/build-arm64-v8a/build/other_builds/python3/arm64-v8a__ndk_target_21/python3/Lib/test/test_itertools.py'...
Listing '/home/runner/work/Khala-joybug/Khala-joybug/.buildozer/android/platform/build-arm64-v8a/build/other_builds/python3/arm64-v8a__ndk_target_21/python3/Lib/test/test_json'...
Compiling '/home/runner/work/Khala-joybug/Khala-joybug/.buildozer/android/platform/build-arm64-v8a/build/other_builds/python3/arm64-v8a__ndk_target_21/python3/Lib/test/test_json/__init__.py'...
Compiling '/home/runner/work/Khala-joybug/Khala-joybug/.buildozer/android/platform/build-arm64-v8a/build/other_builds/python3/arm64-v8a__ndk_target_21/python3/Lib/test/test_json/__main__.py'...
Compiling '/home/runner/work/Khala-joybug/Khala-joybug/.buildozer/android/platform/build-arm64-v8a/build/other_builds/python3/arm64-v8a__ndk_target_21/python3/Lib/test/test_json/test_decode.py'...
Compiling '/home/runner/work/Khala-joybug/Khala-joybug/.buildozer/android/platform/build-arm64-v8a/build/other_builds/python3/arm64-v8a__ndk_target_21/python3/Lib/test/test_json/test_default.py'...
Compiling '/home/runner/work/Khala-joybug/Khala-joybug/.buildozer/android/platform/build-arm64-v8a/build/other_builds/python3/arm64-v8a__ndk_target_21/python3/Lib/test/test_json/test_dump.py'...
Compiling '/home/runner/work/Khala-joybug/Khala-joybug/.buildozer/android/platform/build-arm64-v8a/build/other_builds/python3/arm64-v8a__ndk_target_21/python3/Lib/test/test_json/test_encode_basestring_ascii.py'...
Compiling '/home/runner/work/Khala-joybug/Khala-joybug/.buildozer/android/platform/build-arm64-v8a/build/other_builds/python3/arm64-v8a__ndk_target_21/python3/Lib/test/test_json/test_enum.py'...
Compiling '/home/runner/work/Khala-joybug/Khala-joybug/.buildozer/android/platform/build-arm64-v8a/build/other_builds/python3/arm64-v8a__ndk_target_21/python3/Lib/test/test_json/test_fail.py'...
Compiling '/home/runner/work/Khala-joybug/Khala-joybug/.buildozer/android/platform/build-arm64-v8a/build/other_builds/python3/arm64-v8a__ndk_target_21/python3/Lib/test/test_json/test_float.py'...
Compiling '/home/runner/work/Khala-joybug/Khala-joybug/.buildozer/android/platform/build-arm64-v8a/build/other_builds/python3/arm64-v8a__ndk_target_21/python3/Lib/test/test_json/test_indent.py'...
Compiling '/home/runner/work/Khala-joybug/Khala-joybug/.buildozer/android/platform/build-arm64-v8a/build/other_builds/python3/arm64-v8a__ndk_target_21/python3/Lib/test/test_json/test_pass1.py'...
Compiling '/home/runner/work/Khala-joybug/Khala-joybug/.buildozer/android/platform/build-arm64-v8a/build/other_builds/python3/arm64-v8a__ndk_target_21/python3/Lib/test/test_json/test_pass2.py'...
Compiling '/home/runner/work/Khala-joybug/Khala-joybug/.buildozer/android/platform/build-arm64-v8a/build/other_builds/python3/arm64-v8a__ndk_target_21/python3/Lib/test/test_json/test_pass3.py'...
Compiling '/home/runner/work/Khala-joybug/Khala-joybug/.buildozer/android/platform/build-arm64-v8a/build/other_builds/python3/arm64-v8a__ndk_target_21/python3/Lib/test/test_json/test_recursion.py'...
Compiling '/home/runner/work/Khala-joybug/Khala-joybug/.buildozer/android/platform/build-arm64-v8a/build/other_builds/python3/arm64-v8a__ndk_target_21/python3/Lib/test/test_json/test_scanstring.py'...
Compiling '/home/runner/work/Khala-joybug/Khala-joybug/.buildozer/android/platform/build-arm64-v8a/build/other_builds/python3/arm64-v8a__ndk_target_21/python3/Lib/test/test_json/test_separators.py'...
Compiling '/home/runner/work/Khala-joybug/Khala-joybug/.buildozer/android/platform/build-arm64-v8a/build/other_builds/python3/arm64-v8a__ndk_target_21/python3/Lib/test/test_json/test_speedups.py'...
Compiling '/home/runner/work/Khala-joybug/Khala-joybug/.buildozer/android/platform/build-arm64-v8a/build/other_builds/python3/arm64-v8a__ndk_target_21/python3/Lib/test/test_json/test_tool.py'...
Compiling '/home/runner/work/Khala-joybug/Khala-joybug/.buildozer/android/platform/build-arm64-v8a/build/other_builds/python3/arm64-v8a__ndk_target_21/python3/Lib/test/test_json/test_unicode.py'...
Compiling '/home/runner/work/Khala-joybug/Khala-joybug/.buildozer/android/platform/build-arm64-v8a/build/other_builds/python3/arm64-v8a__ndk_target_21/python3/Lib/test/test_keyword.py'...
Compiling '/home/runner/work/Khala-joybug/Khala-joybug/.buildozer/android/platform/build-arm64-v8a/build/other_builds/python3/arm64-v8a__ndk_target_21/python3/Lib/test/test_keywordonlyarg.py'...
Compiling '/home/runner/work/Khala-joybug/Khala-joybug/.buildozer/android/platform/build-arm64-v8a/build/other_builds/python3/arm64-v8a__ndk_target_21/python3/Lib/test/test_kqueue.py'...
Compiling '/home/runner/work/Khala-joybug/Khala-joybug/.buildozer/android/platform/build-arm64-v8a/build/other_builds/python3/arm64-v8a__ndk_target_21/python3/Lib/test/test_largefile.py'...
Compiling '/home/runner/work/Khala-joybug/Khala-joybug/.buildozer/android/platform/build-arm64-v8a/build/other_builds/python3/arm64-v8a__ndk_target_21/python3/Lib/test/test_launcher.py'...
Compiling '/home/runner/work/Khala-joybug/Khala-joybug/.buildozer/android/platform/build-arm64-v8a/build/other_builds/python3/arm64-v8a__ndk_target_21/python3/Lib/test/test_linecache.py'...
Compiling '/home/runner/work/Khala-joybug/Khala-joybug/.buildozer/android/platform/build-arm64-v8a/build/other_builds/python3/arm64-v8a__ndk_target_21/python3/Lib/test/test_list.py'...
Compiling '/home/runner/work/Khala-joybug/Khala-joybug/.buildozer/android/platform/build-arm64-v8a/build/other_builds/python3/arm64-v8a__ndk_target_21/python3/Lib/test/test_listcomps.py'...
Compiling '/home/runner/work/Khala-joybug/Khala-joybug/.buildozer/android/platform/build-arm64-v8a/build/other_builds/python3/arm64-v8a__ndk_target_21/python3/Lib/test/test_lltrace.py'...
Compiling '/home/runner/work/Khala-joybug/Khala-joybug/.buildozer/android/platform/build-arm64-v8a/build/other_builds/python3/arm64-v8a__ndk_target_21/python3/Lib/test/test_locale.py'...
Compiling '/home/runner/work/Khala-joybug/Khala-joybug/.buildozer/android/platform/build-arm64-v8a/build/other_builds/python3/arm64-v8a__ndk_target_21/python3/Lib/test/test_logging.py'...
Compiling '/home/runner/work/Khala-joybug/Khala-joybug/.buildozer/android/platform/build-arm64-v8a/build/other_builds/python3/arm64-v8a__ndk_target_21/python3/Lib/test/test_long.py'...
Compiling '/home/runner/work/Khala-joybug/Khala-joybug/.buildozer/android/platform/build-arm64-v8a/build/other_builds/python3/arm64-v8a__ndk_target_21/python3/Lib/test/test_longexp.py'...
Compiling '/home/runner/work/Khala-joybug/Khala-joybug/.buildozer/android/platform/build-arm64-v8a/build/other_builds/python3/arm64-v8a__ndk_target_21/python3/Lib/test/test_lzma.py'...
Compiling '/home/runner/work/Khala-joybug/Khala-joybug/.buildozer/android/platform/build-arm64-v8a/build/other_builds/python3/arm64-v8a__ndk_target_21/python3/Lib/test/test_mailbox.py'...
Compiling '/home/runner/work/Khala-joybug/Khala-joybug/.buildozer/android/platform/build-arm64-v8a/build/other_builds/python3/arm64-v8a__ndk_target_21/python3/Lib/test/test_marshal.py'...
Compiling '/home/runner/work/Khala-joybug/Khala-joybug/.buildozer/android/platform/build-arm64-v8a/build/other_builds/python3/arm64-v8a__ndk_target_21/python3/Lib/test/test_math.py'...
Compiling '/home/runner/work/Khala-joybug/Khala-joybug/.buildozer/android/platform/build-arm64-v8a/build/other_builds/python3/arm64-v8a__ndk_target_21/python3/Lib/test/test_math_property.py'...
Compiling '/home/runner/work/Khala-joybug/Khala-joybug/.buildozer/android/platform/build-arm64-v8a/build/other_builds/python3/arm64-v8a__ndk_target_21/python3/Lib/test/test_memoryio.py'...
Compiling '/home/runner/work/Khala-joybug/Khala-joybug/.buildozer/android/platform/build-arm64-v8a/build/other_builds/python3/arm64-v8a__ndk_target_21/python3/Lib/test/test_memoryview.py'...
Compiling '/home/runner/work/Khala-joybug/Khala-joybug/.buildozer/android/platform/build-arm64-v8a/build/other_builds/python3/arm64-v8a__ndk_target_21/python3/Lib/test/test_metaclass.py'...
Compiling '/home/runner/work/Khala-joybug/Khala-joybug/.buildozer/android/platform/build-arm64-v8a/build/other_builds/python3/arm64-v8a__ndk_target_21/python3/Lib/test/test_mimetypes.py'...
Compiling '/home/runner/work/Khala-joybug/Khala-joybug/.buildozer/android/platform/build-arm64-v8a/build/other_builds/python3/arm64-v8a__ndk_target_21/python3/Lib/test/test_minidom.py'...
Compiling '/home/runner/work/Khala-joybug/Khala-joybug/.buildozer/android/platform/build-arm64-v8a/build/other_builds/python3/arm64-v8a__ndk_target_21/python3/Lib/test/test_mmap.py'...
Listing '/home/runner/work/Khala-joybug/Khala-joybug/.buildozer/android/platform/build-arm64-v8a/build/other_builds/python3/arm64-v8a__ndk_target_21/python3/Lib/test/test_module'...
Compiling '/home/runner/work/Khala-joybug/Khala-joybug/.buildozer/android/platform/build-arm64-v8a/build/other_builds/python3/arm64-v8a__ndk_target_21/python3/Lib/test/test_module/__init__.py'...
Compiling '/home/runner/work/Khala-joybug/Khala-joybug/.buildozer/android/platform/build-arm64-v8a/build/other_builds/python3/arm64-v8a__ndk_target_21/python3/Lib/test/test_module/bad_getattr.py'...
Compiling '/home/runner/work/Khala-joybug/Khala-joybug/.buildozer/android/platform/build-arm64-v8a/build/other_builds/python3/arm64-v8a__ndk_target_21/python3/Lib/test/test_module/bad_getattr2.py'...
Compiling '/home/runner/work/Khala-joybug/Khala-joybug/.buildozer/android/platform/build-arm64-v8a/build/other_builds/python3/arm64-v8a__ndk_target_21/python3/Lib/test/test_module/bad_getattr3.py'...
Compiling '/home/runner/work/Khala-joybug/Khala-joybug/.buildozer/android/platform/build-arm64-v8a/build/other_builds/python3/arm64-v8a__ndk_target_21/python3/Lib/test/test_module/final_a.py'...
Compiling '/home/runner/work/Khala-joybug/Khala-joybug/.buildozer/android/platform/build-arm64-v8a/build/other_builds/python3/arm64-v8a__ndk_target_21/python3/Lib/test/test_module/final_b.py'...
Compiling '/home/runner/work/Khala-joybug/Khala-joybug/.buildozer/android/platform/build-arm64-v8a/build/other_builds/python3/arm64-v8a__ndk_target_21/python3/Lib/test/test_module/good_getattr.py'...
Compiling '/home/runner/work/Khala-joybug/Khala-joybug/.buildozer/android/platform/build-arm64-v8a/build/other_builds/python3/arm64-v8a__ndk_target_21/python3/Lib/test/test_modulefinder.py'...
Compiling '/home/runner/work/Khala-joybug/Khala-joybug/.buildozer/android/platform/build-arm64-v8a/build/other_builds/python3/arm64-v8a__ndk_target_21/python3/Lib/test/test_monitoring.py'...
Compiling '/home/runner/work/Khala-joybug/Khala-joybug/.buildozer/android/platform/build-arm64-v8a/build/other_builds/python3/arm64-v8a__ndk_target_21/python3/Lib/test/test_msvcrt.py'...
Compiling '/home/runner/work/Khala-joybug/Khala-joybug/.buildozer/android/platform/build-arm64-v8a/build/other_builds/python3/arm64-v8a__ndk_target_21/python3/Lib/test/test_multibytecodec.py'...
Listing '/home/runner/work/Khala-joybug/Khala-joybug/.buildozer/android/platform/build-arm64-v8a/build/other_builds/python3/arm64-v8a__ndk_target_21/python3/Lib/test/test_multiprocessing_fork'...
Compiling '/home/runner/work/Khala-joybug/Khala-joybug/.buildozer/android/platform/build-arm64-v8a/build/other_builds/python3/arm64-v8a__ndk_target_21/python3/Lib/test/test_multiprocessing_fork/__init__.py'...
Compiling '/home/runner/work/Khala-joybug/Khala-joybug/.buildozer/android/platform/build-arm64-v8a/build/other_builds/python3/arm64-v8a__ndk_target_21/python3/Lib/test/test_multiprocessing_fork/test_manager.py'...
Compiling '/home/runner/work/Khala-joybug/Khala-joybug/.buildozer/android/platform/build-arm64-v8a/build/other_builds/python3/arm64-v8a__ndk_target_21/python3/Lib/test/test_multiprocessing_fork/test_misc.py'...
Compiling '/home/runner/work/Khala-joybug/Khala-joybug/.buildozer/android/platform/build-arm64-v8a/build/other_builds/python3/arm64-v8a__ndk_target_21/python3/Lib/test/test_multiprocessing_fork/test_processes.py'...
Compiling '/home/runner/work/Khala-joybug/Khala-joybug/.buildozer/android/platform/build-arm64-v8a/build/other_builds/python3/arm64-v8a__ndk_target_21/python3/Lib/test/test_multiprocessing_fork/test_threads.py'...
Listing '/home/runner/work/Khala-joybug/Khala-joybug/.buildozer/android/platform/build-arm64-v8a/build/other_builds/python3/arm64-v8a__ndk_target_21/python3/Lib/test/test_multiprocessing_forkserver'...
Compiling '/home/runner/work/Khala-joybug/Khala-joybug/.buildozer/android/platform/build-arm64-v8a/build/other_builds/python3/arm64-v8a__ndk_target_21/python3/Lib/test/test_multiprocessing_forkserver/__init__.py'...
Compiling '/home/runner/work/Khala-joybug/Khala-joybug/.buildozer/android/platform/build-arm64-v8a/build/other_builds/python3/arm64-v8a__ndk_target_21/python3/Lib/test/test_multiprocessing_forkserver/test_manager.py'...
Compiling '/home/runner/work/Khala-joybug/Khala-joybug/.buildozer/android/platform/build-arm64-v8a/build/other_builds/python3/arm64-v8a__ndk_target_21/python3/Lib/test/test_multiprocessing_forkserver/test_misc.py'...
Compiling '/home/runner/work/Khala-joybug/Khala-joybug/.buildozer/android/platform/build-arm64-v8a/build/other_builds/python3/arm64-v8a__ndk_target_21/python3/Lib/test/test_multiprocessing_forkserver/test_processes.py'...
Compiling '/home/runner/work/Khala-joybug/Khala-joybug/.buildozer/android/platform/build-arm64-v8a/build/other_builds/python3/arm64-v8a__ndk_target_21/python3/Lib/test/test_multiprocessing_forkserver/test_threads.py'...
Compiling '/home/runner/work/Khala-joybug/Khala-joybug/.buildozer/android/platform/build-arm64-v8a/build/other_builds/python3/arm64-v8a__ndk_target_21/python3/Lib/test/test_multiprocessing_main_handling.py'...
Listing '/home/runner/work/Khala-joybug/Khala-joybug/.buildozer/android/platform/build-arm64-v8a/build/other_builds/python3/arm64-v8a__ndk_target_21/python3/Lib/test/test_multiprocessing_spawn'...
Compiling '/home/runner/work/Khala-joybug/Khala-joybug/.buildozer/android/platform/build-arm64-v8a/build/other_builds/python3/arm64-v8a__ndk_target_21/python3/Lib/test/test_multiprocessing_spawn/__init__.py'...
Compiling '/home/runner/work/Khala-joybug/Khala-joybug/.buildozer/android/platform/build-arm64-v8a/build/other_builds/python3/arm64-v8a__ndk_target_21/python3/Lib/test/test_multiprocessing_spawn/test_manager.py'...
Compiling '/home/runner/work/Khala-joybug/Khala-joybug/.buildozer/android/platform/build-arm64-v8a/build/other_builds/python3/arm64-v8a__ndk_target_21/python3/Lib/test/test_multiprocessing_spawn/test_misc.py'...
Compiling '/home/runner/work/Khala-joybug/Khala-joybug/.buildozer/android/platform/build-arm64-v8a/build/other_builds/python3/arm64-v8a__ndk_target_21/python3/Lib/test/test_multiprocessing_spawn/test_processes.py'...
Compiling '/home/runner/work/Khala-joybug/Khala-joybug/.buildozer/android/platform/build-arm64-v8a/build/other_builds/python3/arm64-v8a__ndk_target_21/python3/Lib/test/test_multiprocessing_spawn/test_threads.py'...
Compiling '/home/runner/work/Khala-joybug/Khala-joybug/.buildozer/android/platform/build-arm64-v8a/build/other_builds/python3/arm64-v8a__ndk_target_21/python3/Lib/test/test_named_expressions.py'...
Compiling '/home/runner/work/Khala-joybug/Khala-joybug/.buildozer/android/platform/build-arm64-v8a/build/other_builds/python3/arm64-v8a__ndk_target_21/python3/Lib/test/test_netrc.py'...
Compiling '/home/runner/work/Khala-joybug/Khala-joybug/.buildozer/android/platform/build-arm64-v8a/build/other_builds/python3/arm64-v8a__ndk_target_21/python3/Lib/test/test_ntpath.py'...
Compiling '/home/runner/work/Khala-joybug/Khala-joybug/.buildozer/android/platform/build-arm64-v8a/build/other_builds/python3/arm64-v8a__ndk_target_21/python3/Lib/test/test_nturl2path.py'...
Compiling '/home/runner/work/Khala-joybug/Khala-joybug/.buildozer/android/platform/build-arm64-v8a/build/other_builds/python3/arm64-v8a__ndk_target_21/python3/Lib/test/test_numeric_tower.py'...
Compiling '/home/runner/work/Khala-joybug/Khala-joybug/.buildozer/android/platform/build-arm64-v8a/build/other_builds/python3/arm64-v8a__ndk_target_21/python3/Lib/test/test_opcache.py'...
Compiling '/home/runner/work/Khala-joybug/Khala-joybug/.buildozer/android/platform/build-arm64-v8a/build/other_builds/python3/arm64-v8a__ndk_target_21/python3/Lib/test/test_opcodes.py'...
Compiling '/home/runner/work/Khala-joybug/Khala-joybug/.buildozer/android/platform/build-arm64-v8a/build/other_builds/python3/arm64-v8a__ndk_target_21/python3/Lib/test/test_openpty.py'...
Compiling '/home/runner/work/Khala-joybug/Khala-joybug/.buildozer/android/platform/build-arm64-v8a/build/other_builds/python3/arm64-v8a__ndk_target_21/python3/Lib/test/test_operator.py'...
Compiling '/home/runner/work/Khala-joybug/Khala-joybug/.buildozer/android/platform/build-arm64-v8a/build/other_builds/python3/arm64-v8a__ndk_target_21/python3/Lib/test/test_optimizer.py'...
Compiling '/home/runner/work/Khala-joybug/Khala-joybug/.buildozer/android/platform/build-arm64-v8a/build/other_builds/python3/arm64-v8a__ndk_target_21/python3/Lib/test/test_optparse.py'...
Compiling '/home/runner/work/Khala-joybug/Khala-joybug/.buildozer/android/platform/build-arm64-v8a/build/other_builds/python3/arm64-v8a__ndk_target_21/python3/Lib/test/test_ordered_dict.py'...
Compiling '/home/runner/work/Khala-joybug/Khala-joybug/.buildozer/android/platform/build-arm64-v8a/build/other_builds/python3/arm64-v8a__ndk_target_21/python3/Lib/test/test_os.py'...
Compiling '/home/runner/work/Khala-joybug/Khala-joybug/.buildozer/android/platform/build-arm64-v8a/build/other_builds/python3/arm64-v8a__ndk_target_21/python3/Lib/test/test_osx_env.py'...
Listing '/home/runner/work/Khala-joybug/Khala-joybug/.buildozer/android/platform/build-arm64-v8a/build/other_builds/python3/arm64-v8a__ndk_target_21/python3/Lib/test/test_pathlib'...
Compiling '/home/runner/work/Khala-joybug/Khala-joybug/.buildozer/android/platform/build-arm64-v8a/build/other_builds/python3/arm64-v8a__ndk_target_21/python3/Lib/test/test_pathlib/__init__.py'...
Listing '/home/runner/work/Khala-joybug/Khala-joybug/.buildozer/android/platform/build-arm64-v8a/build/other_builds/python3/arm64-v8a__ndk_target_21/python3/Lib/test/test_pathlib/support'...
Compiling '/home/runner/work/Khala-joybug/Khala-joybug/.buildozer/android/platform/build-arm64-v8a/build/other_builds/python3/arm64-v8a__ndk_target_21/python3/Lib/test/test_pathlib/support/__init__.py'...
Compiling '/home/runner/work/Khala-joybug/Khala-joybug/.buildozer/android/platform/build-arm64-v8a/build/other_builds/python3/arm64-v8a__ndk_target_21/python3/Lib/test/test_pathlib/support/lexical_path.py'...
Compiling '/home/runner/work/Khala-joybug/Khala-joybug/.buildozer/android/platform/build-arm64-v8a/build/other_builds/python3/arm64-v8a__ndk_target_21/python3/Lib/test/test_pathlib/support/local_path.py'...
Compiling '/home/runner/work/Khala-joybug/Khala-joybug/.buildozer/android/platform/build-arm64-v8a/build/other_builds/python3/arm64-v8a__ndk_target_21/python3/Lib/test/test_pathlib/support/zip_path.py'...
Compiling '/home/runner/work/Khala-joybug/Khala-joybug/.buildozer/android/platform/build-arm64-v8a/build/other_builds/python3/arm64-v8a__ndk_target_21/python3/Lib/test/test_pathlib/test_copy.py'...
Compiling '/home/runner/work/Khala-joybug/Khala-joybug/.buildozer/android/platform/build-arm64-v8a/build/other_builds/python3/arm64-v8a__ndk_target_21/python3/Lib/test/test_pathlib/test_join.py'...
Compiling '/home/runner/work/Khala-joybug/Khala-joybug/.buildozer/android/platform/build-arm64-v8a/build/other_builds/python3/arm64-v8a__ndk_target_21/python3/Lib/test/test_pathlib/test_join_posix.py'...
Compiling '/home/runner/work/Khala-joybug/Khala-joybug/.buildozer/android/platform/build-arm64-v8a/build/other_builds/python3/arm64-v8a__ndk_target_21/python3/Lib/test/test_pathlib/test_join_windows.py'...
Compiling '/home/runner/work/Khala-joybug/Khala-joybug/.buildozer/android/platform/build-arm64-v8a/build/other_builds/python3/arm64-v8a__ndk_target_21/python3/Lib/test/test_pathlib/test_pathlib.py'...
Compiling '/home/runner/work/Khala-joybug/Khala-joybug/.buildozer/android/platform/build-arm64-v8a/build/other_builds/python3/arm64-v8a__ndk_target_21/python3/Lib/test/test_pathlib/test_read.py'...
Compiling '/home/runner/work/Khala-joybug/Khala-joybug/.buildozer/android/platform/build-arm64-v8a/build/other_builds/python3/arm64-v8a__ndk_target_21/python3/Lib/test/test_pathlib/test_write.py'...
Compiling '/home/runner/work/Khala-joybug/Khala-joybug/.buildozer/android/platform/build-arm64-v8a/build/other_builds/python3/arm64-v8a__ndk_target_21/python3/Lib/test/test_patma.py'...
Compiling '/home/runner/work/Khala-joybug/Khala-joybug/.buildozer/android/platform/build-arm64-v8a/build/other_builds/python3/arm64-v8a__ndk_target_21/python3/Lib/test/test_pdb.py'...
Compiling '/home/runner/work/Khala-joybug/Khala-joybug/.buildozer/android/platform/build-arm64-v8a/build/other_builds/python3/arm64-v8a__ndk_target_21/python3/Lib/test/test_peepholer.py'...
Listing '/home/runner/work/Khala-joybug/Khala-joybug/.buildozer/android/platform/build-arm64-v8a/build/other_builds/python3/arm64-v8a__ndk_target_21/python3/Lib/test/test_peg_generator'...
Compiling '/home/runner/work/Khala-joybug/Khala-joybug/.buildozer/android/platform/build-arm64-v8a/build/other_builds/python3/arm64-v8a__ndk_target_21/python3/Lib/test/test_peg_generator/__init__.py'...
Compiling '/home/runner/work/Khala-joybug/Khala-joybug/.buildozer/android/platform/build-arm64-v8a/build/other_builds/python3/arm64-v8a__ndk_target_21/python3/Lib/test/test_peg_generator/__main__.py'...
Compiling '/home/runner/work/Khala-joybug/Khala-joybug/.buildozer/android/platform/build-arm64-v8a/build/other_builds/python3/arm64-v8a__ndk_target_21/python3/Lib/test/test_peg_generator/test_c_parser.py'...
Compiling '/home/runner/work/Khala-joybug/Khala-joybug/.buildozer/android/platform/build-arm64-v8a/build/other_builds/python3/arm64-v8a__ndk_target_21/python3/Lib/test/test_peg_generator/test_first_sets.py'...
Compiling '/home/runner/work/Khala-joybug/Khala-joybug/.buildozer/android/platform/build-arm64-v8a/build/other_builds/python3/arm64-v8a__ndk_target_21/python3/Lib/test/test_peg_generator/test_grammar_validator.py'...
Compiling '/home/runner/work/Khala-joybug/Khala-joybug/.buildozer/android/platform/build-arm64-v8a/build/other_builds/python3/arm64-v8a__ndk_target_21/python3/Lib/test/test_peg_generator/test_pegen.py'...
Compiling '/home/runner/work/Khala-joybug/Khala-joybug/.buildozer/android/platform/build-arm64-v8a/build/other_builds/python3/arm64-v8a__ndk_target_21/python3/Lib/test/test_pep646_syntax.py'...
Compiling '/home/runner/work/Khala-joybug/Khala-joybug/.buildozer/android/platform/build-arm64-v8a/build/other_builds/python3/arm64-v8a__ndk_target_21/python3/Lib/test/test_perf_profiler.py'...
Compiling '/home/runner/work/Khala-joybug/Khala-joybug/.buildozer/android/platform/build-arm64-v8a/build/other_builds/python3/arm64-v8a__ndk_target_21/python3/Lib/test/test_perfmaps.py'...
Compiling '/home/runner/work/Khala-joybug/Khala-joybug/.buildozer/android/platform/build-arm64-v8a/build/other_builds/python3/arm64-v8a__ndk_target_21/python3/Lib/test/test_pickle.py'...
Compiling '/home/runner/work/Khala-joybug/Khala-joybug/.buildozer/android/platform/build-arm64-v8a/build/other_builds/python3/arm64-v8a__ndk_target_21/python3/Lib/test/test_picklebuffer.py'...
Compiling '/home/runner/work/Khala-joybug/Khala-joybug/.buildozer/android/platform/build-arm64-v8a/build/other_builds/python3/arm64-v8a__ndk_target_21/python3/Lib/test/test_pickletools.py'...
Compiling '/home/runner/work/Khala-joybug/Khala-joybug/.buildozer/android/platform/build-arm64-v8a/build/other_builds/python3/arm64-v8a__ndk_target_21/python3/Lib/test/test_pkg.py'...
Compiling '/home/runner/work/Khala-joybug/Khala-joybug/.buildozer/android/platform/build-arm64-v8a/build/other_builds/python3/arm64-v8a__ndk_target_21/python3/Lib/test/test_pkgutil.py'...
Compiling '/home/runner/work/Khala-joybug/Khala-joybug/.buildozer/android/platform/build-arm64-v8a/build/other_builds/python3/arm64-v8a__ndk_target_21/python3/Lib/test/test_platform.py'...
Compiling '/home/runner/work/Khala-joybug/Khala-joybug/.buildozer/android/platform/build-arm64-v8a/build/other_builds/python3/arm64-v8a__ndk_target_21/python3/Lib/test/test_plistlib.py'...
Compiling '/home/runner/work/Khala-joybug/Khala-joybug/.buildozer/android/platform/build-arm64-v8a/build/other_builds/python3/arm64-v8a__ndk_target_21/python3/Lib/test/test_poll.py'...
Compiling '/home/runner/work/Khala-joybug/Khala-joybug/.buildozer/android/platform/build-arm64-v8a/build/other_builds/python3/arm64-v8a__ndk_target_21/python3/Lib/test/test_popen.py'...
Compiling '/home/runner/work/Khala-joybug/Khala-joybug/.buildozer/android/platform/build-arm64-v8a/build/other_builds/python3/arm64-v8a__ndk_target_21/python3/Lib/test/test_poplib.py'...
Compiling '/home/runner/work/Khala-joybug/Khala-joybug/.buildozer/android/platform/build-arm64-v8a/build/other_builds/python3/arm64-v8a__ndk_target_21/python3/Lib/test/test_positional_only_arg.py'...
Compiling '/home/runner/work/Khala-joybug/Khala-joybug/.buildozer/android/platform/build-arm64-v8a/build/other_builds/python3/arm64-v8a__ndk_target_21/python3/Lib/test/test_posix.py'...
Compiling '/home/runner/work/Khala-joybug/Khala-joybug/.buildozer/android/platform/build-arm64-v8a/build/other_builds/python3/arm64-v8a__ndk_target_21/python3/Lib/test/test_posixpath.py'...
Compiling '/home/runner/work/Khala-joybug/Khala-joybug/.buildozer/android/platform/build-arm64-v8a/build/other_builds/python3/arm64-v8a__ndk_target_21/python3/Lib/test/test_pow.py'...
Compiling '/home/runner/work/Khala-joybug/Khala-joybug/.buildozer/android/platform/build-arm64-v8a/build/other_builds/python3/arm64-v8a__ndk_target_21/python3/Lib/test/test_pprint.py'...
Compiling '/home/runner/work/Khala-joybug/Khala-joybug/.buildozer/android/platform/build-arm64-v8a/build/other_builds/python3/arm64-v8a__ndk_target_21/python3/Lib/test/test_print.py'...
Compiling '/home/runner/work/Khala-joybug/Khala-joybug/.buildozer/android/platform/build-arm64-v8a/build/other_builds/python3/arm64-v8a__ndk_target_21/python3/Lib/test/test_profile.py'...
Compiling '/home/runner/work/Khala-joybug/Khala-joybug/.buildozer/android/platform/build-arm64-v8a/build/other_builds/python3/arm64-v8a__ndk_target_21/python3/Lib/test/test_property.py'...
Compiling '/home/runner/work/Khala-joybug/Khala-joybug/.buildozer/android/platform/build-arm64-v8a/build/other_builds/python3/arm64-v8a__ndk_target_21/python3/Lib/test/test_pstats.py'...
Compiling '/home/runner/work/Khala-joybug/Khala-joybug/.buildozer/android/platform/build-arm64-v8a/build/other_builds/python3/arm64-v8a__ndk_target_21/python3/Lib/test/test_pty.py'...
Compiling '/home/runner/work/Khala-joybug/Khala-joybug/.buildozer/android/platform/build-arm64-v8a/build/other_builds/python3/arm64-v8a__ndk_target_21/python3/Lib/test/test_pulldom.py'...
Compiling '/home/runner/work/Khala-joybug/Khala-joybug/.buildozer/android/platform/build-arm64-v8a/build/other_builds/python3/arm64-v8a__ndk_target_21/python3/Lib/test/test_pwd.py'...
Compiling '/home/runner/work/Khala-joybug/Khala-joybug/.buildozer/android/platform/build-arm64-v8a/build/other_builds/python3/arm64-v8a__ndk_target_21/python3/Lib/test/test_py_compile.py'...
Compiling '/home/runner/work/Khala-joybug/Khala-joybug/.buildozer/android/platform/build-arm64-v8a/build/other_builds/python3/arm64-v8a__ndk_target_21/python3/Lib/test/test_pyclbr.py'...
Listing '/home/runner/work/Khala-joybug/Khala-joybug/.buildozer/android/platform/build-arm64-v8a/build/other_builds/python3/arm64-v8a__ndk_target_21/python3/Lib/test/test_pydoc'...
Compiling '/home/runner/work/Khala-joybug/Khala-joybug/.buildozer/android/platform/build-arm64-v8a/build/other_builds/python3/arm64-v8a__ndk_target_21/python3/Lib/test/test_pydoc/__init__.py'...
Compiling '/home/runner/work/Khala-joybug/Khala-joybug/.buildozer/android/platform/build-arm64-v8a/build/other_builds/python3/arm64-v8a__ndk_target_21/python3/Lib/test/test_pydoc/module_none.py'...
Compiling '/home/runner/work/Khala-joybug/Khala-joybug/.buildozer/android/platform/build-arm64-v8a/build/other_builds/python3/arm64-v8a__ndk_target_21/python3/Lib/test/test_pydoc/pydoc_mod.py'...
Compiling '/home/runner/work/Khala-joybug/Khala-joybug/.buildozer/android/platform/build-arm64-v8a/build/other_builds/python3/arm64-v8a__ndk_target_21/python3/Lib/test/test_pydoc/pydocfodder.py'...
Compiling '/home/runner/work/Khala-joybug/Khala-joybug/.buildozer/android/platform/build-arm64-v8a/build/other_builds/python3/arm64-v8a__ndk_target_21/python3/Lib/test/test_pydoc/test_pydoc.py'...
Compiling '/home/runner/work/Khala-joybug/Khala-joybug/.buildozer/android/platform/build-arm64-v8a/build/other_builds/python3/arm64-v8a__ndk_target_21/python3/Lib/test/test_pyexpat.py'...
Listing '/home/runner/work/Khala-joybug/Khala-joybug/.buildozer/android/platform/build-arm64-v8a/build/other_builds/python3/arm64-v8a__ndk_target_21/python3/Lib/test/test_pyrepl'...
Compiling '/home/runner/work/Khala-joybug/Khala-joybug/.buildozer/android/platform/build-arm64-v8a/build/other_builds/python3/arm64-v8a__ndk_target_21/python3/Lib/test/test_pyrepl/__init__.py'...
Compiling '/home/runner/work/Khala-joybug/Khala-joybug/.buildozer/android/platform/build-arm64-v8a/build/other_builds/python3/arm64-v8a__ndk_target_21/python3/Lib/test/test_pyrepl/__main__.py'...
Compiling '/home/runner/work/Khala-joybug/Khala-joybug/.buildozer/android/platform/build-arm64-v8a/build/other_builds/python3/arm64-v8a__ndk_target_21/python3/Lib/test/test_pyrepl/eio_test_script.py'...
Compiling '/home/runner/work/Khala-joybug/Khala-joybug/.buildozer/android/platform/build-arm64-v8a/build/other_builds/python3/arm64-v8a__ndk_target_21/python3/Lib/test/test_pyrepl/support.py'...
Compiling '/home/runner/work/Khala-joybug/Khala-joybug/.buildozer/android/platform/build-arm64-v8a/build/other_builds/python3/arm64-v8a__ndk_target_21/python3/Lib/test/test_pyrepl/test_eventqueue.py'...
Compiling '/home/runner/work/Khala-joybug/Khala-joybug/.buildozer/android/platform/build-arm64-v8a/build/other_builds/python3/arm64-v8a__ndk_target_21/python3/Lib/test/test_pyrepl/test_input.py'...
Compiling '/home/runner/work/Khala-joybug/Khala-joybug/.buildozer/android/platform/build-arm64-v8a/build/other_builds/python3/arm64-v8a__ndk_target_21/python3/Lib/test/test_pyrepl/test_interact.py'...
Compiling '/home/runner/work/Khala-joybug/Khala-joybug/.buildozer/android/platform/build-arm64-v8a/build/other_builds/python3/arm64-v8a__ndk_target_21/python3/Lib/test/test_pyrepl/test_keymap.py'...
Compiling '/home/runner/work/Khala-joybug/Khala-joybug/.buildozer/android/platform/build-arm64-v8a/build/other_builds/python3/arm64-v8a__ndk_target_21/python3/Lib/test/test_pyrepl/test_pyrepl.py'...
Compiling '/home/runner/work/Khala-joybug/Khala-joybug/.buildozer/android/platform/build-arm64-v8a/build/other_builds/python3/arm64-v8a__ndk_target_21/python3/Lib/test/test_pyrepl/test_reader.py'...
Compiling '/home/runner/work/Khala-joybug/Khala-joybug/.buildozer/android/platform/build-arm64-v8a/build/other_builds/python3/arm64-v8a__ndk_target_21/python3/Lib/test/test_pyrepl/test_terminfo.py'...
Compiling '/home/runner/work/Khala-joybug/Khala-joybug/.buildozer/android/platform/build-arm64-v8a/build/other_builds/python3/arm64-v8a__ndk_target_21/python3/Lib/test/test_pyrepl/test_unix_console.py'...
Compiling '/home/runner/work/Khala-joybug/Khala-joybug/.buildozer/android/platform/build-arm64-v8a/build/other_builds/python3/arm64-v8a__ndk_target_21/python3/Lib/test/test_pyrepl/test_utils.py'...
Compiling '/home/runner/work/Khala-joybug/Khala-joybug/.buildozer/android/platform/build-arm64-v8a/build/other_builds/python3/arm64-v8a__ndk_target_21/python3/Lib/test/test_pyrepl/test_windows_console.py'...
Compiling '/home/runner/work/Khala-joybug/Khala-joybug/.buildozer/android/platform/build-arm64-v8a/build/other_builds/python3/arm64-v8a__ndk_target_21/python3/Lib/test/test_queue.py'...
Compiling '/home/runner/work/Khala-joybug/Khala-joybug/.buildozer/android/platform/build-arm64-v8a/build/other_builds/python3/arm64-v8a__ndk_target_21/python3/Lib/test/test_quopri.py'...
Compiling '/home/runner/work/Khala-joybug/Khala-joybug/.buildozer/android/platform/build-arm64-v8a/build/other_builds/python3/arm64-v8a__ndk_target_21/python3/Lib/test/test_raise.py'...
Compiling '/home/runner/work/Khala-joybug/Khala-joybug/.buildozer/android/platform/build-arm64-v8a/build/other_builds/python3/arm64-v8a__ndk_target_21/python3/Lib/test/test_random.py'...
Compiling '/home/runner/work/Khala-joybug/Khala-joybug/.buildozer/android/platform/build-arm64-v8a/build/other_builds/python3/arm64-v8a__ndk_target_21/python3/Lib/test/test_range.py'...
Compiling '/home/runner/work/Khala-joybug/Khala-joybug/.buildozer/android/platform/build-arm64-v8a/build/other_builds/python3/arm64-v8a__ndk_target_21/python3/Lib/test/test_re.py'...
Compiling '/home/runner/work/Khala-joybug/Khala-joybug/.buildozer/android/platform/build-arm64-v8a/build/other_builds/python3/arm64-v8a__ndk_target_21/python3/Lib/test/test_readline.py'...
Compiling '/home/runner/work/Khala-joybug/Khala-joybug/.buildozer/android/platform/build-arm64-v8a/build/other_builds/python3/arm64-v8a__ndk_target_21/python3/Lib/test/test_regrtest.py'...
Compiling '/home/runner/work/Khala-joybug/Khala-joybug/.buildozer/android/platform/build-arm64-v8a/build/other_builds/python3/arm64-v8a__ndk_target_21/python3/Lib/test/test_remote_pdb.py'...
Compiling '/home/runner/work/Khala-joybug/Khala-joybug/.buildozer/android/platform/build-arm64-v8a/build/other_builds/python3/arm64-v8a__ndk_target_21/python3/Lib/test/test_repl.py'...
Compiling '/home/runner/work/Khala-joybug/Khala-joybug/.buildozer/android/platform/build-arm64-v8a/build/other_builds/python3/arm64-v8a__ndk_target_21/python3/Lib/test/test_reprlib.py'...
Compiling '/home/runner/work/Khala-joybug/Khala-joybug/.buildozer/android/platform/build-arm64-v8a/build/other_builds/python3/arm64-v8a__ndk_target_21/python3/Lib/test/test_resource.py'...
Compiling '/home/runner/work/Khala-joybug/Khala-joybug/.buildozer/android/platform/build-arm64-v8a/build/other_builds/python3/arm64-v8a__ndk_target_21/python3/Lib/test/test_richcmp.py'...
Compiling '/home/runner/work/Khala-joybug/Khala-joybug/.buildozer/android/platform/build-arm64-v8a/build/other_builds/python3/arm64-v8a__ndk_target_21/python3/Lib/test/test_rlcompleter.py'...
Compiling '/home/runner/work/Khala-joybug/Khala-joybug/.buildozer/android/platform/build-arm64-v8a/build/other_builds/python3/arm64-v8a__ndk_target_21/python3/Lib/test/test_robotparser.py'...
Compiling '/home/runner/work/Khala-joybug/Khala-joybug/.buildozer/android/platform/build-arm64-v8a/build/other_builds/python3/arm64-v8a__ndk_target_21/python3/Lib/test/test_runpy.py'...
Compiling '/home/runner/work/Khala-joybug/Khala-joybug/.buildozer/android/platform/build-arm64-v8a/build/other_builds/python3/arm64-v8a__ndk_target_21/python3/Lib/test/test_sax.py'...
Compiling '/home/runner/work/Khala-joybug/Khala-joybug/.buildozer/android/platform/build-arm64-v8a/build/other_builds/python3/arm64-v8a__ndk_target_21/python3/Lib/test/test_sched.py'...
Compiling '/home/runner/work/Khala-joybug/Khala-joybug/.buildozer/android/platform/build-arm64-v8a/build/other_builds/python3/arm64-v8a__ndk_target_21/python3/Lib/test/test_scope.py'...
Compiling '/home/runner/work/Khala-joybug/Khala-joybug/.buildozer/android/platform/build-arm64-v8a/build/other_builds/python3/arm64-v8a__ndk_target_21/python3/Lib/test/test_script_helper.py'...
Compiling '/home/runner/work/Khala-joybug/Khala-joybug/.buildozer/android/platform/build-arm64-v8a/build/other_builds/python3/arm64-v8a__ndk_target_21/python3/Lib/test/test_secrets.py'...
Compiling '/home/runner/work/Khala-joybug/Khala-joybug/.buildozer/android/platform/build-arm64-v8a/build/other_builds/python3/arm64-v8a__ndk_target_21/python3/Lib/test/test_select.py'...
Compiling '/home/runner/work/Khala-joybug/Khala-joybug/.buildozer/android/platform/build-arm64-v8a/build/other_builds/python3/arm64-v8a__ndk_target_21/python3/Lib/test/test_selectors.py'...
Compiling '/home/runner/work/Khala-joybug/Khala-joybug/.buildozer/android/platform/build-arm64-v8a/build/other_builds/python3/arm64-v8a__ndk_target_21/python3/Lib/test/test_set.py'...
Compiling '/home/runner/work/Khala-joybug/Khala-joybug/.buildozer/android/platform/build-arm64-v8a/build/other_builds/python3/arm64-v8a__ndk_target_21/python3/Lib/test/test_setcomps.py'...
Compiling '/home/runner/work/Khala-joybug/Khala-joybug/.buildozer/android/platform/build-arm64-v8a/build/other_builds/python3/arm64-v8a__ndk_target_21/python3/Lib/test/test_shelve.py'...
Compiling '/home/runner/work/Khala-joybug/Khala-joybug/.buildozer/android/platform/build-arm64-v8a/build/other_builds/python3/arm64-v8a__ndk_target_21/python3/Lib/test/test_shlex.py'...
Compiling '/home/runner/work/Khala-joybug/Khala-joybug/.buildozer/android/platform/build-arm64-v8a/build/other_builds/python3/arm64-v8a__ndk_target_21/python3/Lib/test/test_shutil.py'...
Compiling '/home/runner/work/Khala-joybug/Khala-joybug/.buildozer/android/platform/build-arm64-v8a/build/other_builds/python3/arm64-v8a__ndk_target_21/python3/Lib/test/test_signal.py'...
Compiling '/home/runner/work/Khala-joybug/Khala-joybug/.buildozer/android/platform/build-arm64-v8a/build/other_builds/python3/arm64-v8a__ndk_target_21/python3/Lib/test/test_site.py'...
Compiling '/home/runner/work/Khala-joybug/Khala-joybug/.buildozer/android/platform/build-arm64-v8a/build/other_builds/python3/arm64-v8a__ndk_target_21/python3/Lib/test/test_slice.py'...
Compiling '/home/runner/work/Khala-joybug/Khala-joybug/.buildozer/android/platform/build-arm64-v8a/build/other_builds/python3/arm64-v8a__ndk_target_21/python3/Lib/test/test_smtplib.py'...
Compiling '/home/runner/work/Khala-joybug/Khala-joybug/.buildozer/android/platform/build-arm64-v8a/build/other_builds/python3/arm64-v8a__ndk_target_21/python3/Lib/test/test_smtpnet.py'...
Compiling '/home/runner/work/Khala-joybug/Khala-joybug/.buildozer/android/platform/build-arm64-v8a/build/other_builds/python3/arm64-v8a__ndk_target_21/python3/Lib/test/test_socket.py'...
Compiling '/home/runner/work/Khala-joybug/Khala-joybug/.buildozer/android/platform/build-arm64-v8a/build/other_builds/python3/arm64-v8a__ndk_target_21/python3/Lib/test/test_socketserver.py'...
Compiling '/home/runner/work/Khala-joybug/Khala-joybug/.buildozer/android/platform/build-arm64-v8a/build/other_builds/python3/arm64-v8a__ndk_target_21/python3/Lib/test/test_sort.py'...
Compiling '/home/runner/work/Khala-joybug/Khala-joybug/.buildozer/android/platform/build-arm64-v8a/build/other_builds/python3/arm64-v8a__ndk_target_21/python3/Lib/test/test_source_encoding.py'...
Listing '/home/runner/work/Khala-joybug/Khala-joybug/.buildozer/android/platform/build-arm64-v8a/build/other_builds/python3/arm64-v8a__ndk_target_21/python3/Lib/test/test_sqlite3'...
Compiling '/home/runner/work/Khala-joybug/Khala-joybug/.buildozer/android/platform/build-arm64-v8a/build/other_builds/python3/arm64-v8a__ndk_target_21/python3/Lib/test/test_sqlite3/__init__.py'...
Compiling '/home/runner/work/Khala-joybug/Khala-joybug/.buildozer/android/platform/build-arm64-v8a/build/other_builds/python3/arm64-v8a__ndk_target_21/python3/Lib/test/test_sqlite3/__main__.py'...
Compiling '/home/runner/work/Khala-joybug/Khala-joybug/.buildozer/android/platform/build-arm64-v8a/build/other_builds/python3/arm64-v8a__ndk_target_21/python3/Lib/test/test_sqlite3/test_backup.py'...
Compiling '/home/runner/work/Khala-joybug/Khala-joybug/.buildozer/android/platform/build-arm64-v8a/build/other_builds/python3/arm64-v8a__ndk_target_21/python3/Lib/test/test_sqlite3/test_cli.py'...
Compiling '/home/runner/work/Khala-joybug/Khala-joybug/.buildozer/android/platform/build-arm64-v8a/build/other_builds/python3/arm64-v8a__ndk_target_21/python3/Lib/test/test_sqlite3/test_dbapi.py'...
Compiling '/home/runner/work/Khala-joybug/Khala-joybug/.buildozer/android/platform/build-arm64-v8a/build/other_builds/python3/arm64-v8a__ndk_target_21/python3/Lib/test/test_sqlite3/test_dump.py'...
Compiling '/home/runner/work/Khala-joybug/Khala-joybug/.buildozer/android/platform/build-arm64-v8a/build/other_builds/python3/arm64-v8a__ndk_target_21/python3/Lib/test/test_sqlite3/test_factory.py'...
Compiling '/home/runner/work/Khala-joybug/Khala-joybug/.buildozer/android/platform/build-arm64-v8a/build/other_builds/python3/arm64-v8a__ndk_target_21/python3/Lib/test/test_sqlite3/test_hooks.py'...
Compiling '/home/runner/work/Khala-joybug/Khala-joybug/.buildozer/android/platform/build-arm64-v8a/build/other_builds/python3/arm64-v8a__ndk_target_21/python3/Lib/test/test_sqlite3/test_regression.py'...
Compiling '/home/runner/work/Khala-joybug/Khala-joybug/.buildozer/android/platform/build-arm64-v8a/build/other_builds/python3/arm64-v8a__ndk_target_21/python3/Lib/test/test_sqlite3/test_transactions.py'...
Compiling '/home/runner/work/Khala-joybug/Khala-joybug/.buildozer/android/platform/build-arm64-v8a/build/other_builds/python3/arm64-v8a__ndk_target_21/python3/Lib/test/test_sqlite3/test_types.py'...
Compiling '/home/runner/work/Khala-joybug/Khala-joybug/.buildozer/android/platform/build-arm64-v8a/build/other_builds/python3/arm64-v8a__ndk_target_21/python3/Lib/test/test_sqlite3/test_userfunctions.py'...
Compiling '/home/runner/work/Khala-joybug/Khala-joybug/.buildozer/android/platform/build-arm64-v8a/build/other_builds/python3/arm64-v8a__ndk_target_21/python3/Lib/test/test_sqlite3/util.py'...
Compiling '/home/runner/work/Khala-joybug/Khala-joybug/.buildozer/android/platform/build-arm64-v8a/build/other_builds/python3/arm64-v8a__ndk_target_21/python3/Lib/test/test_ssl.py'...
Compiling '/home/runner/work/Khala-joybug/Khala-joybug/.buildozer/android/platform/build-arm64-v8a/build/other_builds/python3/arm64-v8a__ndk_target_21/python3/Lib/test/test_stable_abi_ctypes.py'...
Compiling '/home/runner/work/Khala-joybug/Khala-joybug/.buildozer/android/platform/build-arm64-v8a/build/other_builds/python3/arm64-v8a__ndk_target_21/python3/Lib/test/test_startfile.py'...
Compiling '/home/runner/work/Khala-joybug/Khala-joybug/.buildozer/android/platform/build-arm64-v8a/build/other_builds/python3/arm64-v8a__ndk_target_21/python3/Lib/test/test_stat.py'...
Compiling '/home/runner/work/Khala-joybug/Khala-joybug/.buildozer/android/platform/build-arm64-v8a/build/other_builds/python3/arm64-v8a__ndk_target_21/python3/Lib/test/test_statistics.py'...
Compiling '/home/runner/work/Khala-joybug/Khala-joybug/.buildozer/android/platform/build-arm64-v8a/build/other_builds/python3/arm64-v8a__ndk_target_21/python3/Lib/test/test_str.py'...
Compiling '/home/runner/work/Khala-joybug/Khala-joybug/.buildozer/android/platform/build-arm64-v8a/build/other_builds/python3/arm64-v8a__ndk_target_21/python3/Lib/test/test_strftime.py'...
Listing '/home/runner/work/Khala-joybug/Khala-joybug/.buildozer/android/platform/build-arm64-v8a/build/other_builds/python3/arm64-v8a__ndk_target_21/python3/Lib/test/test_string'...
Compiling '/home/runner/work/Khala-joybug/Khala-joybug/.buildozer/android/platform/build-arm64-v8a/build/other_builds/python3/arm64-v8a__ndk_target_21/python3/Lib/test/test_string/__init__.py'...
Compiling '/home/runner/work/Khala-joybug/Khala-joybug/.buildozer/android/platform/build-arm64-v8a/build/other_builds/python3/arm64-v8a__ndk_target_21/python3/Lib/test/test_string/_support.py'...
Compiling '/home/runner/work/Khala-joybug/Khala-joybug/.buildozer/android/platform/build-arm64-v8a/build/other_builds/python3/arm64-v8a__ndk_target_21/python3/Lib/test/test_string/test_string.py'...
Compiling '/home/runner/work/Khala-joybug/Khala-joybug/.buildozer/android/platform/build-arm64-v8a/build/other_builds/python3/arm64-v8a__ndk_target_21/python3/Lib/test/test_string/test_templatelib.py'...
Compiling '/home/runner/work/Khala-joybug/Khala-joybug/.buildozer/android/platform/build-arm64-v8a/build/other_builds/python3/arm64-v8a__ndk_target_21/python3/Lib/test/test_string_literals.py'...
Compiling '/home/runner/work/Khala-joybug/Khala-joybug/.buildozer/android/platform/build-arm64-v8a/build/other_builds/python3/arm64-v8a__ndk_target_21/python3/Lib/test/test_stringprep.py'...
Compiling '/home/runner/work/Khala-joybug/Khala-joybug/.buildozer/android/platform/build-arm64-v8a/build/other_builds/python3/arm64-v8a__ndk_target_21/python3/Lib/test/test_strptime.py'...
Compiling '/home/runner/work/Khala-joybug/Khala-joybug/.buildozer/android/platform/build-arm64-v8a/build/other_builds/python3/arm64-v8a__ndk_target_21/python3/Lib/test/test_strtod.py'...
Compiling '/home/runner/work/Khala-joybug/Khala-joybug/.buildozer/android/platform/build-arm64-v8a/build/other_builds/python3/arm64-v8a__ndk_target_21/python3/Lib/test/test_struct.py'...
Compiling '/home/runner/work/Khala-joybug/Khala-joybug/.buildozer/android/platform/build-arm64-v8a/build/other_builds/python3/arm64-v8a__ndk_target_21/python3/Lib/test/test_structseq.py'...
Compiling '/home/runner/work/Khala-joybug/Khala-joybug/.buildozer/android/platform/build-arm64-v8a/build/other_builds/python3/arm64-v8a__ndk_target_21/python3/Lib/test/test_subclassinit.py'...
Compiling '/home/runner/work/Khala-joybug/Khala-joybug/.buildozer/android/platform/build-arm64-v8a/build/other_builds/python3/arm64-v8a__ndk_target_21/python3/Lib/test/test_subprocess.py'...
Compiling '/home/runner/work/Khala-joybug/Khala-joybug/.buildozer/android/platform/build-arm64-v8a/build/other_builds/python3/arm64-v8a__ndk_target_21/python3/Lib/test/test_sundry.py'...
Compiling '/home/runner/work/Khala-joybug/Khala-joybug/.buildozer/android/platform/build-arm64-v8a/build/other_builds/python3/arm64-v8a__ndk_target_21/python3/Lib/test/test_super.py'...
Compiling '/home/runner/work/Khala-joybug/Khala-joybug/.buildozer/android/platform/build-arm64-v8a/build/other_builds/python3/arm64-v8a__ndk_target_21/python3/Lib/test/test_support.py'...
Compiling '/home/runner/work/Khala-joybug/Khala-joybug/.buildozer/android/platform/build-arm64-v8a/build/other_builds/python3/arm64-v8a__ndk_target_21/python3/Lib/test/test_symtable.py'...
Compiling '/home/runner/work/Khala-joybug/Khala-joybug/.buildozer/android/platform/build-arm64-v8a/build/other_builds/python3/arm64-v8a__ndk_target_21/python3/Lib/test/test_syntax.py'...
Compiling '/home/runner/work/Khala-joybug/Khala-joybug/.buildozer/android/platform/build-arm64-v8a/build/other_builds/python3/arm64-v8a__ndk_target_21/python3/Lib/test/test_sys.py'...
Compiling '/home/runner/work/Khala-joybug/Khala-joybug/.buildozer/android/platform/build-arm64-v8a/build/other_builds/python3/arm64-v8a__ndk_target_21/python3/Lib/test/test_sys_setprofile.py'...
Compiling '/home/runner/work/Khala-joybug/Khala-joybug/.buildozer/android/platform/build-arm64-v8a/build/other_builds/python3/arm64-v8a__ndk_target_21/python3/Lib/test/test_sys_settrace.py'...
Compiling '/home/runner/work/Khala-joybug/Khala-joybug/.buildozer/android/platform/build-arm64-v8a/build/other_builds/python3/arm64-v8a__ndk_target_21/python3/Lib/test/test_sysconfig.py'...
Compiling '/home/runner/work/Khala-joybug/Khala-joybug/.buildozer/android/platform/build-arm64-v8a/build/other_builds/python3/arm64-v8a__ndk_target_21/python3/Lib/test/test_syslog.py'...
Compiling '/home/runner/work/Khala-joybug/Khala-joybug/.buildozer/android/platform/build-arm64-v8a/build/other_builds/python3/arm64-v8a__ndk_target_21/python3/Lib/test/test_tabnanny.py'...
Compiling '/home/runner/work/Khala-joybug/Khala-joybug/.buildozer/android/platform/build-arm64-v8a/build/other_builds/python3/arm64-v8a__ndk_target_21/python3/Lib/test/test_tarfile.py'...
Compiling '/home/runner/work/Khala-joybug/Khala-joybug/.buildozer/android/platform/build-arm64-v8a/build/other_builds/python3/arm64-v8a__ndk_target_21/python3/Lib/test/test_tcl.py'...
Compiling '/home/runner/work/Khala-joybug/Khala-joybug/.buildozer/android/platform/build-arm64-v8a/build/other_builds/python3/arm64-v8a__ndk_target_21/python3/Lib/test/test_tempfile.py'...
Compiling '/home/runner/work/Khala-joybug/Khala-joybug/.buildozer/android/platform/build-arm64-v8a/build/other_builds/python3/arm64-v8a__ndk_target_21/python3/Lib/test/test_termios.py'...
Compiling '/home/runner/work/Khala-joybug/Khala-joybug/.buildozer/android/platform/build-arm64-v8a/build/other_builds/python3/arm64-v8a__ndk_target_21/python3/Lib/test/test_textwrap.py'...
Compiling '/home/runner/work/Khala-joybug/Khala-joybug/.buildozer/android/platform/build-arm64-v8a/build/other_builds/python3/arm64-v8a__ndk_target_21/python3/Lib/test/test_thread.py'...
Compiling '/home/runner/work/Khala-joybug/Khala-joybug/.buildozer/android/platform/build-arm64-v8a/build/other_builds/python3/arm64-v8a__ndk_target_21/python3/Lib/test/test_thread_local_bytecode.py'...
Compiling '/home/runner/work/Khala-joybug/Khala-joybug/.buildozer/android/platform/build-arm64-v8a/build/other_builds/python3/arm64-v8a__ndk_target_21/python3/Lib/test/test_threadedtempfile.py'...
Compiling '/home/runner/work/Khala-joybug/Khala-joybug/.buildozer/android/platform/build-arm64-v8a/build/other_builds/python3/arm64-v8a__ndk_target_21/python3/Lib/test/test_threading.py'...
Compiling '/home/runner/work/Khala-joybug/Khala-joybug/.buildozer/android/platform/build-arm64-v8a/build/other_builds/python3/arm64-v8a__ndk_target_21/python3/Lib/test/test_threading_local.py'...
Compiling '/home/runner/work/Khala-joybug/Khala-joybug/.buildozer/android/platform/build-arm64-v8a/build/other_builds/python3/arm64-v8a__ndk_target_21/python3/Lib/test/test_threadsignals.py'...
Compiling '/home/runner/work/Khala-joybug/Khala-joybug/.buildozer/android/platform/build-arm64-v8a/build/other_builds/python3/arm64-v8a__ndk_target_21/python3/Lib/test/test_time.py'...
Compiling '/home/runner/work/Khala-joybug/Khala-joybug/.buildozer/android/platform/build-arm64-v8a/build/other_builds/python3/arm64-v8a__ndk_target_21/python3/Lib/test/test_timeit.py'...
Compiling '/home/runner/work/Khala-joybug/Khala-joybug/.buildozer/android/platform/build-arm64-v8a/build/other_builds/python3/arm64-v8a__ndk_target_21/python3/Lib/test/test_timeout.py'...
Listing '/home/runner/work/Khala-joybug/Khala-joybug/.buildozer/android/platform/build-arm64-v8a/build/other_builds/python3/arm64-v8a__ndk_target_21/python3/Lib/test/test_tkinter'...
Compiling '/home/runner/work/Khala-joybug/Khala-joybug/.buildozer/android/platform/build-arm64-v8a/build/other_builds/python3/arm64-v8a__ndk_target_21/python3/Lib/test/test_tkinter/__init__.py'...
Compiling '/home/runner/work/Khala-joybug/Khala-joybug/.buildozer/android/platform/build-arm64-v8a/build/other_builds/python3/arm64-v8a__ndk_target_21/python3/Lib/test/test_tkinter/__main__.py'...
Compiling '/home/runner/work/Khala-joybug/Khala-joybug/.buildozer/android/platform/build-arm64-v8a/build/other_builds/python3/arm64-v8a__ndk_target_21/python3/Lib/test/test_tkinter/support.py'...
Compiling '/home/runner/work/Khala-joybug/Khala-joybug/.buildozer/android/platform/build-arm64-v8a/build/other_builds/python3/arm64-v8a__ndk_target_21/python3/Lib/test/test_tkinter/test_colorchooser.py'...
Compiling '/home/runner/work/Khala-joybug/Khala-joybug/.buildozer/android/platform/build-arm64-v8a/build/other_builds/python3/arm64-v8a__ndk_target_21/python3/Lib/test/test_tkinter/test_font.py'...
Compiling '/home/runner/work/Khala-joybug/Khala-joybug/.buildozer/android/platform/build-arm64-v8a/build/other_builds/python3/arm64-v8a__ndk_target_21/python3/Lib/test/test_tkinter/test_geometry_managers.py'...
Compiling '/home/runner/work/Khala-joybug/Khala-joybug/.buildozer/android/platform/build-arm64-v8a/build/other_builds/python3/arm64-v8a__ndk_target_21/python3/Lib/test/test_tkinter/test_images.py'...
Compiling '/home/runner/work/Khala-joybug/Khala-joybug/.buildozer/android/platform/build-arm64-v8a/build/other_builds/python3/arm64-v8a__ndk_target_21/python3/Lib/test/test_tkinter/test_loadtk.py'...
Compiling '/home/runner/work/Khala-joybug/Khala-joybug/.buildozer/android/platform/build-arm64-v8a/build/other_builds/python3/arm64-v8a__ndk_target_21/python3/Lib/test/test_tkinter/test_messagebox.py'...
Compiling '/home/runner/work/Khala-joybug/Khala-joybug/.buildozer/android/platform/build-arm64-v8a/build/other_builds/python3/arm64-v8a__ndk_target_21/python3/Lib/test/test_tkinter/test_misc.py'...
Compiling '/home/runner/work/Khala-joybug/Khala-joybug/.buildozer/android/platform/build-arm64-v8a/build/other_builds/python3/arm64-v8a__ndk_target_21/python3/Lib/test/test_tkinter/test_simpledialog.py'...
Compiling '/home/runner/work/Khala-joybug/Khala-joybug/.buildozer/android/platform/build-arm64-v8a/build/other_builds/python3/arm64-v8a__ndk_target_21/python3/Lib/test/test_tkinter/test_text.py'...
Compiling '/home/runner/work/Khala-joybug/Khala-joybug/.buildozer/android/platform/build-arm64-v8a/build/other_builds/python3/arm64-v8a__ndk_target_21/python3/Lib/test/test_tkinter/test_variables.py'...
Compiling '/home/runner/work/Khala-joybug/Khala-joybug/.buildozer/android/platform/build-arm64-v8a/build/other_builds/python3/arm64-v8a__ndk_target_21/python3/Lib/test/test_tkinter/test_widgets.py'...
Compiling '/home/runner/work/Khala-joybug/Khala-joybug/.buildozer/android/platform/build-arm64-v8a/build/other_builds/python3/arm64-v8a__ndk_target_21/python3/Lib/test/test_tkinter/widget_tests.py'...
Compiling '/home/runner/work/Khala-joybug/Khala-joybug/.buildozer/android/platform/build-arm64-v8a/build/other_builds/python3/arm64-v8a__ndk_target_21/python3/Lib/test/test_tokenize.py'...
Listing '/home/runner/work/Khala-joybug/Khala-joybug/.buildozer/android/platform/build-arm64-v8a/build/other_builds/python3/arm64-v8a__ndk_target_21/python3/Lib/test/test_tomllib'...
Compiling '/home/runner/work/Khala-joybug/Khala-joybug/.buildozer/android/platform/build-arm64-v8a/build/other_builds/python3/arm64-v8a__ndk_target_21/python3/Lib/test/test_tomllib/__init__.py'...
Compiling '/home/runner/work/Khala-joybug/Khala-joybug/.buildozer/android/platform/build-arm64-v8a/build/other_builds/python3/arm64-v8a__ndk_target_21/python3/Lib/test/test_tomllib/__main__.py'...
Compiling '/home/runner/work/Khala-joybug/Khala-joybug/.buildozer/android/platform/build-arm64-v8a/build/other_builds/python3/arm64-v8a__ndk_target_21/python3/Lib/test/test_tomllib/burntsushi.py'...
Listing '/home/runner/work/Khala-joybug/Khala-joybug/.buildozer/android/platform/build-arm64-v8a/build/other_builds/python3/arm64-v8a__ndk_target_21/python3/Lib/test/test_tomllib/data'...
Listing '/home/runner/work/Khala-joybug/Khala-joybug/.buildozer/android/platform/build-arm64-v8a/build/other_builds/python3/arm64-v8a__ndk_target_21/python3/Lib/test/test_tomllib/data/invalid'...
Listing '/home/runner/work/Khala-joybug/Khala-joybug/.buildozer/android/platform/build-arm64-v8a/build/other_builds/python3/arm64-v8a__ndk_target_21/python3/Lib/test/test_tomllib/data/invalid/array'...
Listing '/home/runner/work/Khala-joybug/Khala-joybug/.buildozer/android/platform/build-arm64-v8a/build/other_builds/python3/arm64-v8a__ndk_target_21/python3/Lib/test/test_tomllib/data/invalid/array-of-tables'...
Listing '/home/runner/work/Khala-joybug/Khala-joybug/.buildozer/android/platform/build-arm64-v8a/build/other_builds/python3/arm64-v8a__ndk_target_21/python3/Lib/test/test_tomllib/data/invalid/boolean'...
Listing '/home/runner/work/Khala-joybug/Khala-joybug/.buildozer/android/platform/build-arm64-v8a/build/other_builds/python3/arm64-v8a__ndk_target_21/python3/Lib/test/test_tomllib/data/invalid/dates-and-times'...
Listing '/home/runner/work/Khala-joybug/Khala-joybug/.buildozer/android/platform/build-arm64-v8a/build/other_builds/python3/arm64-v8a__ndk_target_21/python3/Lib/test/test_tomllib/data/invalid/dotted-keys'...
Listing '/home/runner/work/Khala-joybug/Khala-joybug/.buildozer/android/platform/build-arm64-v8a/build/other_builds/python3/arm64-v8a__ndk_target_21/python3/Lib/test/test_tomllib/data/invalid/inline-table'...
Listing '/home/runner/work/Khala-joybug/Khala-joybug/.buildozer/android/platform/build-arm64-v8a/build/other_builds/python3/arm64-v8a__ndk_target_21/python3/Lib/test/test_tomllib/data/invalid/keys-and-vals'...
Listing '/home/runner/work/Khala-joybug/Khala-joybug/.buildozer/android/platform/build-arm64-v8a/build/other_builds/python3/arm64-v8a__ndk_target_21/python3/Lib/test/test_tomllib/data/invalid/literal-str'...
Listing '/home/runner/work/Khala-joybug/Khala-joybug/.buildozer/android/platform/build-arm64-v8a/build/other_builds/python3/arm64-v8a__ndk_target_21/python3/Lib/test/test_tomllib/data/invalid/multiline-basic-str'...
Listing '/home/runner/work/Khala-joybug/Khala-joybug/.buildozer/android/platform/build-arm64-v8a/build/other_builds/python3/arm64-v8a__ndk_target_21/python3/Lib/test/test_tomllib/data/invalid/multiline-literal-str'...
Listing '/home/runner/work/Khala-joybug/Khala-joybug/.buildozer/android/platform/build-arm64-v8a/build/other_builds/python3/arm64-v8a__ndk_target_21/python3/Lib/test/test_tomllib/data/invalid/table'...
Listing '/home/runner/work/Khala-joybug/Khala-joybug/.buildozer/android/platform/build-arm64-v8a/build/other_builds/python3/arm64-v8a__ndk_target_21/python3/Lib/test/test_tomllib/data/valid'...
Listing '/home/runner/work/Khala-joybug/Khala-joybug/.buildozer/android/platform/build-arm64-v8a/build/other_builds/python3/arm64-v8a__ndk_target_21/python3/Lib/test/test_tomllib/data/valid/array'...
Listing '/home/runner/work/Khala-joybug/Khala-joybug/.buildozer/android/platform/build-arm64-v8a/build/other_builds/python3/arm64-v8a__ndk_target_21/python3/Lib/test/test_tomllib/data/valid/dates-and-times'...
Listing '/home/runner/work/Khala-joybug/Khala-joybug/.buildozer/android/platform/build-arm64-v8a/build/other_builds/python3/arm64-v8a__ndk_target_21/python3/Lib/test/test_tomllib/data/valid/multiline-basic-str'...
Compiling '/home/runner/work/Khala-joybug/Khala-joybug/.buildozer/android/platform/build-arm64-v8a/build/other_builds/python3/arm64-v8a__ndk_target_21/python3/Lib/test/test_tomllib/test_data.py'...
Compiling '/home/runner/work/Khala-joybug/Khala-joybug/.buildozer/android/platform/build-arm64-v8a/build/other_builds/python3/arm64-v8a__ndk_target_21/python3/Lib/test/test_tomllib/test_error.py'...
Compiling '/home/runner/work/Khala-joybug/Khala-joybug/.buildozer/android/platform/build-arm64-v8a/build/other_builds/python3/arm64-v8a__ndk_target_21/python3/Lib/test/test_tomllib/test_misc.py'...
Listing '/home/runner/work/Khala-joybug/Khala-joybug/.buildozer/android/platform/build-arm64-v8a/build/other_builds/python3/arm64-v8a__ndk_target_21/python3/Lib/test/test_tools'...
Compiling '/home/runner/work/Khala-joybug/Khala-joybug/.buildozer/android/platform/build-arm64-v8a/build/other_builds/python3/arm64-v8a__ndk_target_21/python3/Lib/test/test_tools/__init__.py'...
Compiling '/home/runner/work/Khala-joybug/Khala-joybug/.buildozer/android/platform/build-arm64-v8a/build/other_builds/python3/arm64-v8a__ndk_target_21/python3/Lib/test/test_tools/__main__.py'...
Listing '/home/runner/work/Khala-joybug/Khala-joybug/.buildozer/android/platform/build-arm64-v8a/build/other_builds/python3/arm64-v8a__ndk_target_21/python3/Lib/test/test_tools/i18n_data'...
Compiling '/home/runner/work/Khala-joybug/Khala-joybug/.buildozer/android/platform/build-arm64-v8a/build/other_builds/python3/arm64-v8a__ndk_target_21/python3/Lib/test/test_tools/i18n_data/comments.py'...
Compiling '/home/runner/work/Khala-joybug/Khala-joybug/.buildozer/android/platform/build-arm64-v8a/build/other_builds/python3/arm64-v8a__ndk_target_21/python3/Lib/test/test_tools/i18n_data/custom_keywords.py'...
Compiling '/home/runner/work/Khala-joybug/Khala-joybug/.buildozer/android/platform/build-arm64-v8a/build/other_builds/python3/arm64-v8a__ndk_target_21/python3/Lib/test/test_tools/i18n_data/docstrings.py'...
Compiling '/home/runner/work/Khala-joybug/Khala-joybug/.buildozer/android/platform/build-arm64-v8a/build/other_builds/python3/arm64-v8a__ndk_target_21/python3/Lib/test/test_tools/i18n_data/escapes.py'...
Compiling '/home/runner/work/Khala-joybug/Khala-joybug/.buildozer/android/platform/build-arm64-v8a/build/other_builds/python3/arm64-v8a__ndk_target_21/python3/Lib/test/test_tools/i18n_data/fileloc.py'...
Compiling '/home/runner/work/Khala-joybug/Khala-joybug/.buildozer/android/platform/build-arm64-v8a/build/other_builds/python3/arm64-v8a__ndk_target_21/python3/Lib/test/test_tools/i18n_data/messages.py'...
Compiling '/home/runner/work/Khala-joybug/Khala-joybug/.buildozer/android/platform/build-arm64-v8a/build/other_builds/python3/arm64-v8a__ndk_target_21/python3/Lib/test/test_tools/i18n_data/multiple_keywords.py'...
Listing '/home/runner/work/Khala-joybug/Khala-joybug/.buildozer/android/platform/build-arm64-v8a/build/other_builds/python3/arm64-v8a__ndk_target_21/python3/Lib/test/test_tools/msgfmt_data'...
Compiling '/home/runner/work/Khala-joybug/Khala-joybug/.buildozer/android/platform/build-arm64-v8a/build/other_builds/python3/arm64-v8a__ndk_target_21/python3/Lib/test/test_tools/test_freeze.py'...
Compiling '/home/runner/work/Khala-joybug/Khala-joybug/.buildozer/android/platform/build-arm64-v8a/build/other_builds/python3/arm64-v8a__ndk_target_21/python3/Lib/test/test_tools/test_i18n.py'...
Compiling '/home/runner/work/Khala-joybug/Khala-joybug/.buildozer/android/platform/build-arm64-v8a/build/other_builds/python3/arm64-v8a__ndk_target_21/python3/Lib/test/test_tools/test_makefile.py'...
Compiling '/home/runner/work/Khala-joybug/Khala-joybug/.buildozer/android/platform/build-arm64-v8a/build/other_builds/python3/arm64-v8a__ndk_target_21/python3/Lib/test/test_tools/test_makeunicodedata.py'...
Compiling '/home/runner/work/Khala-joybug/Khala-joybug/.buildozer/android/platform/build-arm64-v8a/build/other_builds/python3/arm64-v8a__ndk_target_21/python3/Lib/test/test_tools/test_msgfmt.py'...
Compiling '/home/runner/work/Khala-joybug/Khala-joybug/.buildozer/android/platform/build-arm64-v8a/build/other_builds/python3/arm64-v8a__ndk_target_21/python3/Lib/test/test_tools/test_reindent.py'...
Compiling '/home/runner/work/Khala-joybug/Khala-joybug/.buildozer/android/platform/build-arm64-v8a/build/other_builds/python3/arm64-v8a__ndk_target_21/python3/Lib/test/test_tools/test_sundry.py'...
Compiling '/home/runner/work/Khala-joybug/Khala-joybug/.buildozer/android/platform/build-arm64-v8a/build/other_builds/python3/arm64-v8a__ndk_target_21/python3/Lib/test/test_trace.py'...
Compiling '/home/runner/work/Khala-joybug/Khala-joybug/.buildozer/android/platform/build-arm64-v8a/build/other_builds/python3/arm64-v8a__ndk_target_21/python3/Lib/test/test_traceback.py'...
Compiling '/home/runner/work/Khala-joybug/Khala-joybug/.buildozer/android/platform/build-arm64-v8a/build/other_builds/python3/arm64-v8a__ndk_target_21/python3/Lib/test/test_tracemalloc.py'...
Compiling '/home/runner/work/Khala-joybug/Khala-joybug/.buildozer/android/platform/build-arm64-v8a/build/other_builds/python3/arm64-v8a__ndk_target_21/python3/Lib/test/test_tstring.py'...
Listing '/home/runner/work/Khala-joybug/Khala-joybug/.buildozer/android/platform/build-arm64-v8a/build/other_builds/python3/arm64-v8a__ndk_target_21/python3/Lib/test/test_ttk'...
Compiling '/home/runner/work/Khala-joybug/Khala-joybug/.buildozer/android/platform/build-arm64-v8a/build/other_builds/python3/arm64-v8a__ndk_target_21/python3/Lib/test/test_ttk/__init__.py'...
Compiling '/home/runner/work/Khala-joybug/Khala-joybug/.buildozer/android/platform/build-arm64-v8a/build/other_builds/python3/arm64-v8a__ndk_target_21/python3/Lib/test/test_ttk/__main__.py'...
Compiling '/home/runner/work/Khala-joybug/Khala-joybug/.buildozer/android/platform/build-arm64-v8a/build/other_builds/python3/arm64-v8a__ndk_target_21/python3/Lib/test/test_ttk/test_extensions.py'...
Compiling '/home/runner/work/Khala-joybug/Khala-joybug/.buildozer/android/platform/build-arm64-v8a/build/other_builds/python3/arm64-v8a__ndk_target_21/python3/Lib/test/test_ttk/test_style.py'...
Compiling '/home/runner/work/Khala-joybug/Khala-joybug/.buildozer/android/platform/build-arm64-v8a/build/other_builds/python3/arm64-v8a__ndk_target_21/python3/Lib/test/test_ttk/test_widgets.py'...
Compiling '/home/runner/work/Khala-joybug/Khala-joybug/.buildozer/android/platform/build-arm64-v8a/build/other_builds/python3/arm64-v8a__ndk_target_21/python3/Lib/test/test_ttk_textonly.py'...
Compiling '/home/runner/work/Khala-joybug/Khala-joybug/.buildozer/android/platform/build-arm64-v8a/build/other_builds/python3/arm64-v8a__ndk_target_21/python3/Lib/test/test_tty.py'...
Compiling '/home/runner/work/Khala-joybug/Khala-joybug/.buildozer/android/platform/build-arm64-v8a/build/other_builds/python3/arm64-v8a__ndk_target_21/python3/Lib/test/test_tuple.py'...
Compiling '/home/runner/work/Khala-joybug/Khala-joybug/.buildozer/android/platform/build-arm64-v8a/build/other_builds/python3/arm64-v8a__ndk_target_21/python3/Lib/test/test_turtle.py'...
Compiling '/home/runner/work/Khala-joybug/Khala-joybug/.buildozer/android/platform/build-arm64-v8a/build/other_builds/python3/arm64-v8a__ndk_target_21/python3/Lib/test/test_type_aliases.py'...
Compiling '/home/runner/work/Khala-joybug/Khala-joybug/.buildozer/android/platform/build-arm64-v8a/build/other_builds/python3/arm64-v8a__ndk_target_21/python3/Lib/test/test_type_annotations.py'...
Compiling '/home/runner/work/Khala-joybug/Khala-joybug/.buildozer/android/platform/build-arm64-v8a/build/other_builds/python3/arm64-v8a__ndk_target_21/python3/Lib/test/test_type_cache.py'...
Compiling '/home/runner/work/Khala-joybug/Khala-joybug/.buildozer/android/platform/build-arm64-v8a/build/other_builds/python3/arm64-v8a__ndk_target_21/python3/Lib/test/test_type_comments.py'...
Compiling '/home/runner/work/Khala-joybug/Khala-joybug/.buildozer/android/platform/build-arm64-v8a/build/other_builds/python3/arm64-v8a__ndk_target_21/python3/Lib/test/test_type_params.py'...
Compiling '/home/runner/work/Khala-joybug/Khala-joybug/.buildozer/android/platform/build-arm64-v8a/build/other_builds/python3/arm64-v8a__ndk_target_21/python3/Lib/test/test_typechecks.py'...
Compiling '/home/runner/work/Khala-joybug/Khala-joybug/.buildozer/android/platform/build-arm64-v8a/build/other_builds/python3/arm64-v8a__ndk_target_21/python3/Lib/test/test_types.py'...
Compiling '/home/runner/work/Khala-joybug/Khala-joybug/.buildozer/android/platform/build-arm64-v8a/build/other_builds/python3/arm64-v8a__ndk_target_21/python3/Lib/test/test_typing.py'...
Compiling '/home/runner/work/Khala-joybug/Khala-joybug/.buildozer/android/platform/build-arm64-v8a/build/other_builds/python3/arm64-v8a__ndk_target_21/python3/Lib/test/test_ucn.py'...
Compiling '/home/runner/work/Khala-joybug/Khala-joybug/.buildozer/android/platform/build-arm64-v8a/build/other_builds/python3/arm64-v8a__ndk_target_21/python3/Lib/test/test_unary.py'...
Compiling '/home/runner/work/Khala-joybug/Khala-joybug/.buildozer/android/platform/build-arm64-v8a/build/other_builds/python3/arm64-v8a__ndk_target_21/python3/Lib/test/test_unicode_file.py'...
Compiling '/home/runner/work/Khala-joybug/Khala-joybug/.buildozer/android/platform/build-arm64-v8a/build/other_builds/python3/arm64-v8a__ndk_target_21/python3/Lib/test/test_unicode_file_functions.py'...
Compiling '/home/runner/work/Khala-joybug/Khala-joybug/.buildozer/android/platform/build-arm64-v8a/build/other_builds/python3/arm64-v8a__ndk_target_21/python3/Lib/test/test_unicode_identifiers.py'...
Compiling '/home/runner/work/Khala-joybug/Khala-joybug/.buildozer/android/platform/build-arm64-v8a/build/other_builds/python3/arm64-v8a__ndk_target_21/python3/Lib/test/test_unicodedata.py'...
Listing '/home/runner/work/Khala-joybug/Khala-joybug/.buildozer/android/platform/build-arm64-v8a/build/other_builds/python3/arm64-v8a__ndk_target_21/python3/Lib/test/test_unittest'...
Compiling '/home/runner/work/Khala-joybug/Khala-joybug/.buildozer/android/platform/build-arm64-v8a/build/other_builds/python3/arm64-v8a__ndk_target_21/python3/Lib/test/test_unittest/__init__.py'...
Compiling '/home/runner/work/Khala-joybug/Khala-joybug/.buildozer/android/platform/build-arm64-v8a/build/other_builds/python3/arm64-v8a__ndk_target_21/python3/Lib/test/test_unittest/__main__.py'...
Compiling '/home/runner/work/Khala-joybug/Khala-joybug/.buildozer/android/platform/build-arm64-v8a/build/other_builds/python3/arm64-v8a__ndk_target_21/python3/Lib/test/test_unittest/_test_warnings.py'...
Compiling '/home/runner/work/Khala-joybug/Khala-joybug/.buildozer/android/platform/build-arm64-v8a/build/other_builds/python3/arm64-v8a__ndk_target_21/python3/Lib/test/test_unittest/dummy.py'...
Listing '/home/runner/work/Khala-joybug/Khala-joybug/.buildozer/android/platform/build-arm64-v8a/build/other_builds/python3/arm64-v8a__ndk_target_21/python3/Lib/test/test_unittest/namespace_test_pkg'...
Listing '/home/runner/work/Khala-joybug/Khala-joybug/.buildozer/android/platform/build-arm64-v8a/build/other_builds/python3/arm64-v8a__ndk_target_21/python3/Lib/test/test_unittest/namespace_test_pkg/bar'...
Compiling '/home/runner/work/Khala-joybug/Khala-joybug/.buildozer/android/platform/build-arm64-v8a/build/other_builds/python3/arm64-v8a__ndk_target_21/python3/Lib/test/test_unittest/namespace_test_pkg/bar/__init__.py'...
Compiling '/home/runner/work/Khala-joybug/Khala-joybug/.buildozer/android/platform/build-arm64-v8a/build/other_builds/python3/arm64-v8a__ndk_target_21/python3/Lib/test/test_unittest/namespace_test_pkg/bar/test_bar.py'...
Listing '/home/runner/work/Khala-joybug/Khala-joybug/.buildozer/android/platform/build-arm64-v8a/build/other_builds/python3/arm64-v8a__ndk_target_21/python3/Lib/test/test_unittest/namespace_test_pkg/noop'...
Listing '/home/runner/work/Khala-joybug/Khala-joybug/.buildozer/android/platform/build-arm64-v8a/build/other_builds/python3/arm64-v8a__ndk_target_21/python3/Lib/test/test_unittest/namespace_test_pkg/noop/no2'...
Compiling '/home/runner/work/Khala-joybug/Khala-joybug/.buildozer/android/platform/build-arm64-v8a/build/other_builds/python3/arm64-v8a__ndk_target_21/python3/Lib/test/test_unittest/namespace_test_pkg/noop/no2/__init__.py'...
Compiling '/home/runner/work/Khala-joybug/Khala-joybug/.buildozer/android/platform/build-arm64-v8a/build/other_builds/python3/arm64-v8a__ndk_target_21/python3/Lib/test/test_unittest/namespace_test_pkg/noop/no2/test_no2.py'...
Compiling '/home/runner/work/Khala-joybug/Khala-joybug/.buildozer/android/platform/build-arm64-v8a/build/other_builds/python3/arm64-v8a__ndk_target_21/python3/Lib/test/test_unittest/namespace_test_pkg/noop/test_noop.py'...
Compiling '/home/runner/work/Khala-joybug/Khala-joybug/.buildozer/android/platform/build-arm64-v8a/build/other_builds/python3/arm64-v8a__ndk_target_21/python3/Lib/test/test_unittest/namespace_test_pkg/test_foo.py'...
Compiling '/home/runner/work/Khala-joybug/Khala-joybug/.buildozer/android/platform/build-arm64-v8a/build/other_builds/python3/arm64-v8a__ndk_target_21/python3/Lib/test/test_unittest/support.py'...
Compiling '/home/runner/work/Khala-joybug/Khala-joybug/.buildozer/android/platform/build-arm64-v8a/build/other_builds/python3/arm64-v8a__ndk_target_21/python3/Lib/test/test_unittest/test_assertions.py'...
Compiling '/home/runner/work/Khala-joybug/Khala-joybug/.buildozer/android/platform/build-arm64-v8a/build/other_builds/python3/arm64-v8a__ndk_target_21/python3/Lib/test/test_unittest/test_async_case.py'...
Compiling '/home/runner/work/Khala-joybug/Khala-joybug/.buildozer/android/platform/build-arm64-v8a/build/other_builds/python3/arm64-v8a__ndk_target_21/python3/Lib/test/test_unittest/test_break.py'...
Compiling '/home/runner/work/Khala-joybug/Khala-joybug/.buildozer/android/platform/build-arm64-v8a/build/other_builds/python3/arm64-v8a__ndk_target_21/python3/Lib/test/test_unittest/test_case.py'...
Compiling '/home/runner/work/Khala-joybug/Khala-joybug/.buildozer/android/platform/build-arm64-v8a/build/other_builds/python3/arm64-v8a__ndk_target_21/python3/Lib/test/test_unittest/test_discovery.py'...
Compiling '/home/runner/work/Khala-joybug/Khala-joybug/.buildozer/android/platform/build-arm64-v8a/build/other_builds/python3/arm64-v8a__ndk_target_21/python3/Lib/test/test_unittest/test_functiontestcase.py'...
Compiling '/home/runner/work/Khala-joybug/Khala-joybug/.buildozer/android/platform/build-arm64-v8a/build/other_builds/python3/arm64-v8a__ndk_target_21/python3/Lib/test/test_unittest/test_loader.py'...
Compiling '/home/runner/work/Khala-joybug/Khala-joybug/.buildozer/android/platform/build-arm64-v8a/build/other_builds/python3/arm64-v8a__ndk_target_21/python3/Lib/test/test_unittest/test_program.py'...
Compiling '/home/runner/work/Khala-joybug/Khala-joybug/.buildozer/android/platform/build-arm64-v8a/build/other_builds/python3/arm64-v8a__ndk_target_21/python3/Lib/test/test_unittest/test_result.py'...
Compiling '/home/runner/work/Khala-joybug/Khala-joybug/.buildozer/android/platform/build-arm64-v8a/build/other_builds/python3/arm64-v8a__ndk_target_21/python3/Lib/test/test_unittest/test_runner.py'...
Compiling '/home/runner/work/Khala-joybug/Khala-joybug/.buildozer/android/platform/build-arm64-v8a/build/other_builds/python3/arm64-v8a__ndk_target_21/python3/Lib/test/test_unittest/test_setups.py'...
Compiling '/home/runner/work/Khala-joybug/Khala-joybug/.buildozer/android/platform/build-arm64-v8a/build/other_builds/python3/arm64-v8a__ndk_target_21/python3/Lib/test/test_unittest/test_skipping.py'...
Compiling '/home/runner/work/Khala-joybug/Khala-joybug/.buildozer/android/platform/build-arm64-v8a/build/other_builds/python3/arm64-v8a__ndk_target_21/python3/Lib/test/test_unittest/test_suite.py'...
Compiling '/home/runner/work/Khala-joybug/Khala-joybug/.buildozer/android/platform/build-arm64-v8a/build/other_builds/python3/arm64-v8a__ndk_target_21/python3/Lib/test/test_unittest/test_util.py'...
Listing '/home/runner/work/Khala-joybug/Khala-joybug/.buildozer/android/platform/build-arm64-v8a/build/other_builds/python3/arm64-v8a__ndk_target_21/python3/Lib/test/test_unittest/testmock'...
Compiling '/home/runner/work/Khala-joybug/Khala-joybug/.buildozer/android/platform/build-arm64-v8a/build/other_builds/python3/arm64-v8a__ndk_target_21/python3/Lib/test/test_unittest/testmock/__init__.py'...
Compiling '/home/runner/work/Khala-joybug/Khala-joybug/.buildozer/android/platform/build-arm64-v8a/build/other_builds/python3/arm64-v8a__ndk_target_21/python3/Lib/test/test_unittest/testmock/__main__.py'...
Compiling '/home/runner/work/Khala-joybug/Khala-joybug/.buildozer/android/platform/build-arm64-v8a/build/other_builds/python3/arm64-v8a__ndk_target_21/python3/Lib/test/test_unittest/testmock/support.py'...
Compiling '/home/runner/work/Khala-joybug/Khala-joybug/.buildozer/android/platform/build-arm64-v8a/build/other_builds/python3/arm64-v8a__ndk_target_21/python3/Lib/test/test_unittest/testmock/testasync.py'...
Compiling '/home/runner/work/Khala-joybug/Khala-joybug/.buildozer/android/platform/build-arm64-v8a/build/other_builds/python3/arm64-v8a__ndk_target_21/python3/Lib/test/test_unittest/testmock/testcallable.py'...
Compiling '/home/runner/work/Khala-joybug/Khala-joybug/.buildozer/android/platform/build-arm64-v8a/build/other_builds/python3/arm64-v8a__ndk_target_21/python3/Lib/test/test_unittest/testmock/testhelpers.py'...
Compiling '/home/runner/work/Khala-joybug/Khala-joybug/.buildozer/android/platform/build-arm64-v8a/build/other_builds/python3/arm64-v8a__ndk_target_21/python3/Lib/test/test_unittest/testmock/testmagicmethods.py'...
Compiling '/home/runner/work/Khala-joybug/Khala-joybug/.buildozer/android/platform/build-arm64-v8a/build/other_builds/python3/arm64-v8a__ndk_target_21/python3/Lib/test/test_unittest/testmock/testmock.py'...
Compiling '/home/runner/work/Khala-joybug/Khala-joybug/.buildozer/android/platform/build-arm64-v8a/build/other_builds/python3/arm64-v8a__ndk_target_21/python3/Lib/test/test_unittest/testmock/testpatch.py'...
Compiling '/home/runner/work/Khala-joybug/Khala-joybug/.buildozer/android/platform/build-arm64-v8a/build/other_builds/python3/arm64-v8a__ndk_target_21/python3/Lib/test/test_unittest/testmock/testsealable.py'...
Compiling '/home/runner/work/Khala-joybug/Khala-joybug/.buildozer/android/platform/build-arm64-v8a/build/other_builds/python3/arm64-v8a__ndk_target_21/python3/Lib/test/test_unittest/testmock/testsentinel.py'...
Compiling '/home/runner/work/Khala-joybug/Khala-joybug/.buildozer/android/platform/build-arm64-v8a/build/other_builds/python3/arm64-v8a__ndk_target_21/python3/Lib/test/test_unittest/testmock/testthreadingmock.py'...
Compiling '/home/runner/work/Khala-joybug/Khala-joybug/.buildozer/android/platform/build-arm64-v8a/build/other_builds/python3/arm64-v8a__ndk_target_21/python3/Lib/test/test_unittest/testmock/testwith.py'...
Compiling '/home/runner/work/Khala-joybug/Khala-joybug/.buildozer/android/platform/build-arm64-v8a/build/other_builds/python3/arm64-v8a__ndk_target_21/python3/Lib/test/test_univnewlines.py'...
Compiling '/home/runner/work/Khala-joybug/Khala-joybug/.buildozer/android/platform/build-arm64-v8a/build/other_builds/python3/arm64-v8a__ndk_target_21/python3/Lib/test/test_unpack.py'...
Compiling '/home/runner/work/Khala-joybug/Khala-joybug/.buildozer/android/platform/build-arm64-v8a/build/other_builds/python3/arm64-v8a__ndk_target_21/python3/Lib/test/test_unpack_ex.py'...
Compiling '/home/runner/work/Khala-joybug/Khala-joybug/.buildozer/android/platform/build-arm64-v8a/build/other_builds/python3/arm64-v8a__ndk_target_21/python3/Lib/test/test_unparse.py'...
Compiling '/home/runner/work/Khala-joybug/Khala-joybug/.buildozer/android/platform/build-arm64-v8a/build/other_builds/python3/arm64-v8a__ndk_target_21/python3/Lib/test/test_urllib.py'...
Compiling '/home/runner/work/Khala-joybug/Khala-joybug/.buildozer/android/platform/build-arm64-v8a/build/other_builds/python3/arm64-v8a__ndk_target_21/python3/Lib/test/test_urllib2.py'...
Compiling '/home/runner/work/Khala-joybug/Khala-joybug/.buildozer/android/platform/build-arm64-v8a/build/other_builds/python3/arm64-v8a__ndk_target_21/python3/Lib/test/test_urllib2_localnet.py'...
Compiling '/home/runner/work/Khala-joybug/Khala-joybug/.buildozer/android/platform/build-arm64-v8a/build/other_builds/python3/arm64-v8a__ndk_target_21/python3/Lib/test/test_urllib2net.py'...
Compiling '/home/runner/work/Khala-joybug/Khala-joybug/.buildozer/android/platform/build-arm64-v8a/build/other_builds/python3/arm64-v8a__ndk_target_21/python3/Lib/test/test_urllib_response.py'...
Compiling '/home/runner/work/Khala-joybug/Khala-joybug/.buildozer/android/platform/build-arm64-v8a/build/other_builds/python3/arm64-v8a__ndk_target_21/python3/Lib/test/test_urllibnet.py'...
Compiling '/home/runner/work/Khala-joybug/Khala-joybug/.buildozer/android/platform/build-arm64-v8a/build/other_builds/python3/arm64-v8a__ndk_target_21/python3/Lib/test/test_urlparse.py'...
Compiling '/home/runner/work/Khala-joybug/Khala-joybug/.buildozer/android/platform/build-arm64-v8a/build/other_builds/python3/arm64-v8a__ndk_target_21/python3/Lib/test/test_userdict.py'...
Compiling '/home/runner/work/Khala-joybug/Khala-joybug/.buildozer/android/platform/build-arm64-v8a/build/other_builds/python3/arm64-v8a__ndk_target_21/python3/Lib/test/test_userlist.py'...
Compiling '/home/runner/work/Khala-joybug/Khala-joybug/.buildozer/android/platform/build-arm64-v8a/build/other_builds/python3/arm64-v8a__ndk_target_21/python3/Lib/test/test_userstring.py'...
Compiling '/home/runner/work/Khala-joybug/Khala-joybug/.buildozer/android/platform/build-arm64-v8a/build/other_builds/python3/arm64-v8a__ndk_target_21/python3/Lib/test/test_utf8_mode.py'...
Compiling '/home/runner/work/Khala-joybug/Khala-joybug/.buildozer/android/platform/build-arm64-v8a/build/other_builds/python3/arm64-v8a__ndk_target_21/python3/Lib/test/test_utf8source.py'...
Compiling '/home/runner/work/Khala-joybug/Khala-joybug/.buildozer/android/platform/build-arm64-v8a/build/other_builds/python3/arm64-v8a__ndk_target_21/python3/Lib/test/test_uuid.py'...
Compiling '/home/runner/work/Khala-joybug/Khala-joybug/.buildozer/android/platform/build-arm64-v8a/build/other_builds/python3/arm64-v8a__ndk_target_21/python3/Lib/test/test_venv.py'...
Compiling '/home/runner/work/Khala-joybug/Khala-joybug/.buildozer/android/platform/build-arm64-v8a/build/other_builds/python3/arm64-v8a__ndk_target_21/python3/Lib/test/test_wait3.py'...
Compiling '/home/runner/work/Khala-joybug/Khala-joybug/.buildozer/android/platform/build-arm64-v8a/build/other_builds/python3/arm64-v8a__ndk_target_21/python3/Lib/test/test_wait4.py'...
Listing '/home/runner/work/Khala-joybug/Khala-joybug/.buildozer/android/platform/build-arm64-v8a/build/other_builds/python3/arm64-v8a__ndk_target_21/python3/Lib/test/test_warnings'...
Compiling '/home/runner/work/Khala-joybug/Khala-joybug/.buildozer/android/platform/build-arm64-v8a/build/other_builds/python3/arm64-v8a__ndk_target_21/python3/Lib/test/test_warnings/__init__.py'...
Compiling '/home/runner/work/Khala-joybug/Khala-joybug/.buildozer/android/platform/build-arm64-v8a/build/other_builds/python3/arm64-v8a__ndk_target_21/python3/Lib/test/test_warnings/__main__.py'...
Listing '/home/runner/work/Khala-joybug/Khala-joybug/.buildozer/android/platform/build-arm64-v8a/build/other_builds/python3/arm64-v8a__ndk_target_21/python3/Lib/test/test_warnings/data'...
Compiling '/home/runner/work/Khala-joybug/Khala-joybug/.buildozer/android/platform/build-arm64-v8a/build/other_builds/python3/arm64-v8a__ndk_target_21/python3/Lib/test/test_warnings/data/import_warning.py'...
Compiling '/home/runner/work/Khala-joybug/Khala-joybug/.buildozer/android/platform/build-arm64-v8a/build/other_builds/python3/arm64-v8a__ndk_target_21/python3/Lib/test/test_warnings/data/package_helper.py'...
Compiling '/home/runner/work/Khala-joybug/Khala-joybug/.buildozer/android/platform/build-arm64-v8a/build/other_builds/python3/arm64-v8a__ndk_target_21/python3/Lib/test/test_warnings/data/stacklevel.py'...
Compiling '/home/runner/work/Khala-joybug/Khala-joybug/.buildozer/android/platform/build-arm64-v8a/build/other_builds/python3/arm64-v8a__ndk_target_21/python3/Lib/test/test_wave.py'...
Compiling '/home/runner/work/Khala-joybug/Khala-joybug/.buildozer/android/platform/build-arm64-v8a/build/other_builds/python3/arm64-v8a__ndk_target_21/python3/Lib/test/test_weakref.py'...
Compiling '/home/runner/work/Khala-joybug/Khala-joybug/.buildozer/android/platform/build-arm64-v8a/build/other_builds/python3/arm64-v8a__ndk_target_21/python3/Lib/test/test_weakset.py'...
Compiling '/home/runner/work/Khala-joybug/Khala-joybug/.buildozer/android/platform/build-arm64-v8a/build/other_builds/python3/arm64-v8a__ndk_target_21/python3/Lib/test/test_webbrowser.py'...
Compiling '/home/runner/work/Khala-joybug/Khala-joybug/.buildozer/android/platform/build-arm64-v8a/build/other_builds/python3/arm64-v8a__ndk_target_21/python3/Lib/test/test_winapi.py'...
Compiling '/home/runner/work/Khala-joybug/Khala-joybug/.buildozer/android/platform/build-arm64-v8a/build/other_builds/python3/arm64-v8a__ndk_target_21/python3/Lib/test/test_winconsoleio.py'...
Compiling '/home/runner/work/Khala-joybug/Khala-joybug/.buildozer/android/platform/build-arm64-v8a/build/other_builds/python3/arm64-v8a__ndk_target_21/python3/Lib/test/test_winreg.py'...
Compiling '/home/runner/work/Khala-joybug/Khala-joybug/.buildozer/android/platform/build-arm64-v8a/build/other_builds/python3/arm64-v8a__ndk_target_21/python3/Lib/test/test_winsound.py'...
Compiling '/home/runner/work/Khala-joybug/Khala-joybug/.buildozer/android/platform/build-arm64-v8a/build/other_builds/python3/arm64-v8a__ndk_target_21/python3/Lib/test/test_with.py'...
Compiling '/home/runner/work/Khala-joybug/Khala-joybug/.buildozer/android/platform/build-arm64-v8a/build/other_builds/python3/arm64-v8a__ndk_target_21/python3/Lib/test/test_wmi.py'...
Compiling '/home/runner/work/Khala-joybug/Khala-joybug/.buildozer/android/platform/build-arm64-v8a/build/other_builds/python3/arm64-v8a__ndk_target_21/python3/Lib/test/test_wsgiref.py'...
Compiling '/home/runner/work/Khala-joybug/Khala-joybug/.buildozer/android/platform/build-arm64-v8a/build/other_builds/python3/arm64-v8a__ndk_target_21/python3/Lib/test/test_xml_dom_minicompat.py'...
Compiling '/home/runner/work/Khala-joybug/Khala-joybug/.buildozer/android/platform/build-arm64-v8a/build/other_builds/python3/arm64-v8a__ndk_target_21/python3/Lib/test/test_xml_dom_xmlbuilder.py'...
Compiling '/home/runner/work/Khala-joybug/Khala-joybug/.buildozer/android/platform/build-arm64-v8a/build/other_builds/python3/arm64-v8a__ndk_target_21/python3/Lib/test/test_xml_etree.py'...
Compiling '/home/runner/work/Khala-joybug/Khala-joybug/.buildozer/android/platform/build-arm64-v8a/build/other_builds/python3/arm64-v8a__ndk_target_21/python3/Lib/test/test_xml_etree_c.py'...
Compiling '/home/runner/work/Khala-joybug/Khala-joybug/.buildozer/android/platform/build-arm64-v8a/build/other_builds/python3/arm64-v8a__ndk_target_21/python3/Lib/test/test_xmlrpc.py'...
Compiling '/home/runner/work/Khala-joybug/Khala-joybug/.buildozer/android/platform/build-arm64-v8a/build/other_builds/python3/arm64-v8a__ndk_target_21/python3/Lib/test/test_xxlimited.py'...
Compiling '/home/runner/work/Khala-joybug/Khala-joybug/.buildozer/android/platform/build-arm64-v8a/build/other_builds/python3/arm64-v8a__ndk_target_21/python3/Lib/test/test_xxtestfuzz.py'...
Compiling '/home/runner/work/Khala-joybug/Khala-joybug/.buildozer/android/platform/build-arm64-v8a/build/other_builds/python3/arm64-v8a__ndk_target_21/python3/Lib/test/test_yield_from.py'...
Compiling '/home/runner/work/Khala-joybug/Khala-joybug/.buildozer/android/platform/build-arm64-v8a/build/other_builds/python3/arm64-v8a__ndk_target_21/python3/Lib/test/test_zipapp.py'...
Listing '/home/runner/work/Khala-joybug/Khala-joybug/.buildozer/android/platform/build-arm64-v8a/build/other_builds/python3/arm64-v8a__ndk_target_21/python3/Lib/test/test_zipfile'...
Compiling '/home/runner/work/Khala-joybug/Khala-joybug/.buildozer/android/platform/build-arm64-v8a/build/other_builds/python3/arm64-v8a__ndk_target_21/python3/Lib/test/test_zipfile/__init__.py'...
Compiling '/home/runner/work/Khala-joybug/Khala-joybug/.buildozer/android/platform/build-arm64-v8a/build/other_builds/python3/arm64-v8a__ndk_target_21/python3/Lib/test/test_zipfile/__main__.py'...
Listing '/home/runner/work/Khala-joybug/Khala-joybug/.buildozer/android/platform/build-arm64-v8a/build/other_builds/python3/arm64-v8a__ndk_target_21/python3/Lib/test/test_zipfile/_path'...
Compiling '/home/runner/work/Khala-joybug/Khala-joybug/.buildozer/android/platform/build-arm64-v8a/build/other_builds/python3/arm64-v8a__ndk_target_21/python3/Lib/test/test_zipfile/_path/__init__.py'...
Compiling '/home/runner/work/Khala-joybug/Khala-joybug/.buildozer/android/platform/build-arm64-v8a/build/other_builds/python3/arm64-v8a__ndk_target_21/python3/Lib/test/test_zipfile/_path/_functools.py'...
Compiling '/home/runner/work/Khala-joybug/Khala-joybug/.buildozer/android/platform/build-arm64-v8a/build/other_builds/python3/arm64-v8a__ndk_target_21/python3/Lib/test/test_zipfile/_path/_itertools.py'...
Compiling '/home/runner/work/Khala-joybug/Khala-joybug/.buildozer/android/platform/build-arm64-v8a/build/other_builds/python3/arm64-v8a__ndk_target_21/python3/Lib/test/test_zipfile/_path/_support.py'...
Compiling '/home/runner/work/Khala-joybug/Khala-joybug/.buildozer/android/platform/build-arm64-v8a/build/other_builds/python3/arm64-v8a__ndk_target_21/python3/Lib/test/test_zipfile/_path/_test_params.py'...
Compiling '/home/runner/work/Khala-joybug/Khala-joybug/.buildozer/android/platform/build-arm64-v8a/build/other_builds/python3/arm64-v8a__ndk_target_21/python3/Lib/test/test_zipfile/_path/test_complexity.py'...
Compiling '/home/runner/work/Khala-joybug/Khala-joybug/.buildozer/android/platform/build-arm64-v8a/build/other_builds/python3/arm64-v8a__ndk_target_21/python3/Lib/test/test_zipfile/_path/test_path.py'...
Compiling '/home/runner/work/Khala-joybug/Khala-joybug/.buildozer/android/platform/build-arm64-v8a/build/other_builds/python3/arm64-v8a__ndk_target_21/python3/Lib/test/test_zipfile/_path/write-alpharep.py'...
Compiling '/home/runner/work/Khala-joybug/Khala-joybug/.buildozer/android/platform/build-arm64-v8a/build/other_builds/python3/arm64-v8a__ndk_target_21/python3/Lib/test/test_zipfile/test_core.py'...
Compiling '/home/runner/work/Khala-joybug/Khala-joybug/.buildozer/android/platform/build-arm64-v8a/build/other_builds/python3/arm64-v8a__ndk_target_21/python3/Lib/test/test_zipfile64.py'...
Compiling '/home/runner/work/Khala-joybug/Khala-joybug/.buildozer/android/platform/build-arm64-v8a/build/other_builds/python3/arm64-v8a__ndk_target_21/python3/Lib/test/test_zipimport.py'...
Compiling '/home/runner/work/Khala-joybug/Khala-joybug/.buildozer/android/platform/build-arm64-v8a/build/other_builds/python3/arm64-v8a__ndk_target_21/python3/Lib/test/test_zipimport_support.py'...
Compiling '/home/runner/work/Khala-joybug/Khala-joybug/.buildozer/android/platform/build-arm64-v8a/build/other_builds/python3/arm64-v8a__ndk_target_21/python3/Lib/test/test_zlib.py'...
Listing '/home/runner/work/Khala-joybug/Khala-joybug/.buildozer/android/platform/build-arm64-v8a/build/other_builds/python3/arm64-v8a__ndk_target_21/python3/Lib/test/test_zoneinfo'...
Compiling '/home/runner/work/Khala-joybug/Khala-joybug/.buildozer/android/platform/build-arm64-v8a/build/other_builds/python3/arm64-v8a__ndk_target_21/python3/Lib/test/test_zoneinfo/__init__.py'...
Compiling '/home/runner/work/Khala-joybug/Khala-joybug/.buildozer/android/platform/build-arm64-v8a/build/other_builds/python3/arm64-v8a__ndk_target_21/python3/Lib/test/test_zoneinfo/__main__.py'...
Compiling '/home/runner/work/Khala-joybug/Khala-joybug/.buildozer/android/platform/build-arm64-v8a/build/other_builds/python3/arm64-v8a__ndk_target_21/python3/Lib/test/test_zoneinfo/_support.py'...
Listing '/home/runner/work/Khala-joybug/Khala-joybug/.buildozer/android/platform/build-arm64-v8a/build/other_builds/python3/arm64-v8a__ndk_target_21/python3/Lib/test/test_zoneinfo/data'...
Compiling '/home/runner/work/Khala-joybug/Khala-joybug/.buildozer/android/platform/build-arm64-v8a/build/other_builds/python3/arm64-v8a__ndk_target_21/python3/Lib/test/test_zoneinfo/data/update_test_data.py'...
Compiling '/home/runner/work/Khala-joybug/Khala-joybug/.buildozer/android/platform/build-arm64-v8a/build/other_builds/python3/arm64-v8a__ndk_target_21/python3/Lib/test/test_zoneinfo/test_zoneinfo.py'...
Compiling '/home/runner/work/Khala-joybug/Khala-joybug/.buildozer/android/platform/build-arm64-v8a/build/other_builds/python3/arm64-v8a__ndk_target_21/python3/Lib/test/test_zoneinfo/test_zoneinfo_property.py'...
Compiling '/home/runner/work/Khala-joybug/Khala-joybug/.buildozer/android/platform/build-arm64-v8a/build/other_builds/python3/arm64-v8a__ndk_target_21/python3/Lib/test/test_zstd.py'...
Compiling '/home/runner/work/Khala-joybug/Khala-joybug/.buildozer/android/platform/build-arm64-v8a/build/other_builds/python3/arm64-v8a__ndk_target_21/python3/Lib/test/testcodec.py'...
Compiling '/home/runner/work/Khala-joybug/Khala-joybug/.buildozer/android/platform/build-arm64-v8a/build/other_builds/python3/arm64-v8a__ndk_target_21/python3/Lib/test/tf_inherit_check.py'...
Listing '/home/runner/work/Khala-joybug/Khala-joybug/.buildozer/android/platform/build-arm64-v8a/build/other_builds/python3/arm64-v8a__ndk_target_21/python3/Lib/test/tkinterdata'...
Listing '/home/runner/work/Khala-joybug/Khala-joybug/.buildozer/android/platform/build-arm64-v8a/build/other_builds/python3/arm64-v8a__ndk_target_21/python3/Lib/test/tokenizedata'...
Compiling '/home/runner/work/Khala-joybug/Khala-joybug/.buildozer/android/platform/build-arm64-v8a/build/other_builds/python3/arm64-v8a__ndk_target_21/python3/Lib/test/tokenizedata/__init__.py'...
Compiling '/home/runner/work/Khala-joybug/Khala-joybug/.buildozer/android/platform/build-arm64-v8a/build/other_builds/python3/arm64-v8a__ndk_target_21/python3/Lib/test/tokenizedata/bad_coding.py'...
***   File "/home/runner/work/Khala-joybug/Khala-joybug/.buildozer/android/platform/build-arm64-v8a/build/other_builds/python3/arm64-v8a__ndk_target_21/python3/Lib/test/tokenizedata/bad_coding.py", line 0
SyntaxError: unknown encoding: uft-8

Compiling '/home/runner/work/Khala-joybug/Khala-joybug/.buildozer/android/platform/build-arm64-v8a/build/other_builds/python3/arm64-v8a__ndk_target_21/python3/Lib/test/tokenizedata/bad_coding2.py'...
***   File "/home/runner/work/Khala-joybug/Khala-joybug/.buildozer/android/platform/build-arm64-v8a/build/other_builds/python3/arm64-v8a__ndk_target_21/python3/Lib/test/tokenizedata/bad_coding2.py", line 1
    #coding: utf8
SyntaxError: encoding problem: utf8 with BOM

Compiling '/home/runner/work/Khala-joybug/Khala-joybug/.buildozer/android/platform/build-arm64-v8a/build/other_builds/python3/arm64-v8a__ndk_target_21/python3/Lib/test/tokenizedata/badsyntax_3131.py'...
***   File "/home/runner/work/Khala-joybug/Khala-joybug/.buildozer/android/platform/build-arm64-v8a/build/other_builds/python3/arm64-v8a__ndk_target_21/python3/Lib/test/tokenizedata/badsyntax_3131.py", line 2
    € = 2
    ^
SyntaxError: invalid character '€' (U+20AC)

Compiling '/home/runner/work/Khala-joybug/Khala-joybug/.buildozer/android/platform/build-arm64-v8a/build/other_builds/python3/arm64-v8a__ndk_target_21/python3/Lib/test/tokenizedata/badsyntax_pep3120.py'...
***   File "/home/runner/work/Khala-joybug/Khala-joybug/.buildozer/android/platform/build-arm64-v8a/build/other_builds/python3/arm64-v8a__ndk_target_21/python3/Lib/test/tokenizedata/badsyntax_pep3120.py", line 1
    print("b�se")
            ^
SyntaxError: Non-UTF-8 code starting with '\xf6' on line 1, but no encoding declared; see https://peps.python.org/pep-0263/ for details

Compiling '/home/runner/work/Khala-joybug/Khala-joybug/.buildozer/android/platform/build-arm64-v8a/build/other_builds/python3/arm64-v8a__ndk_target_21/python3/Lib/test/tokenizedata/coding20731.py'...
Listing '/home/runner/work/Khala-joybug/Khala-joybug/.buildozer/android/platform/build-arm64-v8a/build/other_builds/python3/arm64-v8a__ndk_target_21/python3/Lib/test/tracedmodules'...
Compiling '/home/runner/work/Khala-joybug/Khala-joybug/.buildozer/android/platform/build-arm64-v8a/build/other_builds/python3/arm64-v8a__ndk_target_21/python3/Lib/test/tracedmodules/__init__.py'...
Compiling '/home/runner/work/Khala-joybug/Khala-joybug/.buildozer/android/platform/build-arm64-v8a/build/other_builds/python3/arm64-v8a__ndk_target_21/python3/Lib/test/tracedmodules/testmod.py'...
Listing '/home/runner/work/Khala-joybug/Khala-joybug/.buildozer/android/platform/build-arm64-v8a/build/other_builds/python3/arm64-v8a__ndk_target_21/python3/Lib/test/translationdata'...
Listing '/home/runner/work/Khala-joybug/Khala-joybug/.buildozer/android/platform/build-arm64-v8a/build/other_builds/python3/arm64-v8a__ndk_target_21/python3/Lib/test/translationdata/argparse'...
Listing '/home/runner/work/Khala-joybug/Khala-joybug/.buildozer/android/platform/build-arm64-v8a/build/other_builds/python3/arm64-v8a__ndk_target_21/python3/Lib/test/translationdata/getopt'...
Listing '/home/runner/work/Khala-joybug/Khala-joybug/.buildozer/android/platform/build-arm64-v8a/build/other_builds/python3/arm64-v8a__ndk_target_21/python3/Lib/test/translationdata/optparse'...
Listing '/home/runner/work/Khala-joybug/Khala-joybug/.buildozer/android/platform/build-arm64-v8a/build/other_builds/python3/arm64-v8a__ndk_target_21/python3/Lib/test/typinganndata'...
Compiling '/home/runner/work/Khala-joybug/Khala-joybug/.buildozer/android/platform/build-arm64-v8a/build/other_builds/python3/arm64-v8a__ndk_target_21/python3/Lib/test/typinganndata/__init__.py'...
Compiling '/home/runner/work/Khala-joybug/Khala-joybug/.buildozer/android/platform/build-arm64-v8a/build/other_builds/python3/arm64-v8a__ndk_target_21/python3/Lib/test/typinganndata/_typed_dict_helper.py'...
Compiling '/home/runner/work/Khala-joybug/Khala-joybug/.buildozer/android/platform/build-arm64-v8a/build/other_builds/python3/arm64-v8a__ndk_target_21/python3/Lib/test/typinganndata/ann_module.py'...
Compiling '/home/runner/work/Khala-joybug/Khala-joybug/.buildozer/android/platform/build-arm64-v8a/build/other_builds/python3/arm64-v8a__ndk_target_21/python3/Lib/test/typinganndata/ann_module2.py'...
Compiling '/home/runner/work/Khala-joybug/Khala-joybug/.buildozer/android/platform/build-arm64-v8a/build/other_builds/python3/arm64-v8a__ndk_target_21/python3/Lib/test/typinganndata/ann_module3.py'...
Compiling '/home/runner/work/Khala-joybug/Khala-joybug/.buildozer/android/platform/build-arm64-v8a/build/other_builds/python3/arm64-v8a__ndk_target_21/python3/Lib/test/typinganndata/ann_module4.py'...
Compiling '/home/runner/work/Khala-joybug/Khala-joybug/.buildozer/android/platform/build-arm64-v8a/build/other_builds/python3/arm64-v8a__ndk_target_21/python3/Lib/test/typinganndata/ann_module5.py'...
Compiling '/home/runner/work/Khala-joybug/Khala-joybug/.buildozer/android/platform/build-arm64-v8a/build/other_builds/python3/arm64-v8a__ndk_target_21/python3/Lib/test/typinganndata/ann_module6.py'...
Compiling '/home/runner/work/Khala-joybug/Khala-joybug/.buildozer/android/platform/build-arm64-v8a/build/other_builds/python3/arm64-v8a__ndk_target_21/python3/Lib/test/typinganndata/ann_module695.py'...
Compiling '/home/runner/work/Khala-joybug/Khala-joybug/.buildozer/android/platform/build-arm64-v8a/build/other_builds/python3/arm64-v8a__ndk_target_21/python3/Lib/test/typinganndata/ann_module7.py'...
Compiling '/home/runner/work/Khala-joybug/Khala-joybug/.buildozer/android/platform/build-arm64-v8a/build/other_builds/python3/arm64-v8a__ndk_target_21/python3/Lib/test/typinganndata/ann_module8.py'...
Compiling '/home/runner/work/Khala-joybug/Khala-joybug/.buildozer/android/platform/build-arm64-v8a/build/other_builds/python3/arm64-v8a__ndk_target_21/python3/Lib/test/typinganndata/ann_module9.py'...
Compiling '/home/runner/work/Khala-joybug/Khala-joybug/.buildozer/android/platform/build-arm64-v8a/build/other_builds/python3/arm64-v8a__ndk_target_21/python3/Lib/test/typinganndata/fwdref_module.py'...
Compiling '/home/runner/work/Khala-joybug/Khala-joybug/.buildozer/android/platform/build-arm64-v8a/build/other_builds/python3/arm64-v8a__ndk_target_21/python3/Lib/test/typinganndata/mod_generics_cache.py'...
Listing '/home/runner/work/Khala-joybug/Khala-joybug/.buildozer/android/platform/build-arm64-v8a/build/other_builds/python3/arm64-v8a__ndk_target_21/python3/Lib/test/typinganndata/partialexecution'...
Compiling '/home/runner/work/Khala-joybug/Khala-joybug/.buildozer/android/platform/build-arm64-v8a/build/other_builds/python3/arm64-v8a__ndk_target_21/python3/Lib/test/typinganndata/partialexecution/__init__.py'...
Compiling '/home/runner/work/Khala-joybug/Khala-joybug/.buildozer/android/platform/build-arm64-v8a/build/other_builds/python3/arm64-v8a__ndk_target_21/python3/Lib/test/typinganndata/partialexecution/a.py'...
Compiling '/home/runner/work/Khala-joybug/Khala-joybug/.buildozer/android/platform/build-arm64-v8a/build/other_builds/python3/arm64-v8a__ndk_target_21/python3/Lib/test/typinganndata/partialexecution/b.py'...
Listing '/home/runner/work/Khala-joybug/Khala-joybug/.buildozer/android/platform/build-arm64-v8a/build/other_builds/python3/arm64-v8a__ndk_target_21/python3/Lib/test/wheeldata'...
Compiling '/home/runner/work/Khala-joybug/Khala-joybug/.buildozer/android/platform/build-arm64-v8a/build/other_builds/python3/arm64-v8a__ndk_target_21/python3/Lib/test/win_console_handler.py'...
Listing '/home/runner/work/Khala-joybug/Khala-joybug/.buildozer/android/platform/build-arm64-v8a/build/other_builds/python3/arm64-v8a__ndk_target_21/python3/Lib/test/xmltestdata'...
Listing '/home/runner/work/Khala-joybug/Khala-joybug/.buildozer/android/platform/build-arm64-v8a/build/other_builds/python3/arm64-v8a__ndk_target_21/python3/Lib/test/xmltestdata/c14n-20'...
Compiling '/home/runner/work/Khala-joybug/Khala-joybug/.buildozer/android/platform/build-arm64-v8a/build/other_builds/python3/arm64-v8a__ndk_target_21/python3/Lib/test/xmltests.py'...
Listing '/home/runner/work/Khala-joybug/Khala-joybug/.buildozer/android/platform/build-arm64-v8a/build/other_builds/python3/arm64-v8a__ndk_target_21/python3/Lib/test/zipimport_data'...
Compiling '/home/runner/work/Khala-joybug/Khala-joybug/.buildozer/android/platform/build-arm64-v8a/build/other_builds/python3/arm64-v8a__ndk_target_21/python3/Lib/textwrap.py'...
Compiling '/home/runner/work/Khala-joybug/Khala-joybug/.buildozer/android/platform/build-arm64-v8a/build/other_builds/python3/arm64-v8a__ndk_target_21/python3/Lib/this.py'...
Compiling '/home/runner/work/Khala-joybug/Khala-joybug/.buildozer/android/platform/build-arm64-v8a/build/other_builds/python3/arm64-v8a__ndk_target_21/python3/Lib/threading.py'...
Compiling '/home/runner/work/Khala-joybug/Khala-joybug/.buildozer/android/platform/build-arm64-v8a/build/other_builds/python3/arm64-v8a__ndk_target_21/python3/Lib/timeit.py'...
Listing '/home/runner/work/Khala-joybug/Khala-joybug/.buildozer/android/platform/build-arm64-v8a/build/other_builds/python3/arm64-v8a__ndk_target_21/python3/Lib/tkinter'...
Compiling '/home/runner/work/Khala-joybug/Khala-joybug/.buildozer/android/platform/build-arm64-v8a/build/other_builds/python3/arm64-v8a__ndk_target_21/python3/Lib/tkinter/__init__.py'...
Compiling '/home/runner/work/Khala-joybug/Khala-joybug/.buildozer/android/platform/build-arm64-v8a/build/other_builds/python3/arm64-v8a__ndk_target_21/python3/Lib/tkinter/__main__.py'...
Compiling '/home/runner/work/Khala-joybug/Khala-joybug/.buildozer/android/platform/build-arm64-v8a/build/other_builds/python3/arm64-v8a__ndk_target_21/python3/Lib/tkinter/colorchooser.py'...
Compiling '/home/runner/work/Khala-joybug/Khala-joybug/.buildozer/android/platform/build-arm64-v8a/build/other_builds/python3/arm64-v8a__ndk_target_21/python3/Lib/tkinter/commondialog.py'...
Compiling '/home/runner/work/Khala-joybug/Khala-joybug/.buildozer/android/platform/build-arm64-v8a/build/other_builds/python3/arm64-v8a__ndk_target_21/python3/Lib/tkinter/constants.py'...
Compiling '/home/runner/work/Khala-joybug/Khala-joybug/.buildozer/android/platform/build-arm64-v8a/build/other_builds/python3/arm64-v8a__ndk_target_21/python3/Lib/tkinter/dialog.py'...
Compiling '/home/runner/work/Khala-joybug/Khala-joybug/.buildozer/android/platform/build-arm64-v8a/build/other_builds/python3/arm64-v8a__ndk_target_21/python3/Lib/tkinter/dnd.py'...
Compiling '/home/runner/work/Khala-joybug/Khala-joybug/.buildozer/android/platform/build-arm64-v8a/build/other_builds/python3/arm64-v8a__ndk_target_21/python3/Lib/tkinter/filedialog.py'...
Compiling '/home/runner/work/Khala-joybug/Khala-joybug/.buildozer/android/platform/build-arm64-v8a/build/other_builds/python3/arm64-v8a__ndk_target_21/python3/Lib/tkinter/font.py'...
Compiling '/home/runner/work/Khala-joybug/Khala-joybug/.buildozer/android/platform/build-arm64-v8a/build/other_builds/python3/arm64-v8a__ndk_target_21/python3/Lib/tkinter/messagebox.py'...
Compiling '/home/runner/work/Khala-joybug/Khala-joybug/.buildozer/android/platform/build-arm64-v8a/build/other_builds/python3/arm64-v8a__ndk_target_21/python3/Lib/tkinter/scrolledtext.py'...
Compiling '/home/runner/work/Khala-joybug/Khala-joybug/.buildozer/android/platform/build-arm64-v8a/build/other_builds/python3/arm64-v8a__ndk_target_21/python3/Lib/tkinter/simpledialog.py'...
Compiling '/home/runner/work/Khala-joybug/Khala-joybug/.buildozer/android/platform/build-arm64-v8a/build/other_builds/python3/arm64-v8a__ndk_target_21/python3/Lib/tkinter/ttk.py'...
Compiling '/home/runner/work/Khala-joybug/Khala-joybug/.buildozer/android/platform/build-arm64-v8a/build/other_builds/python3/arm64-v8a__ndk_target_21/python3/Lib/token.py'...
Compiling '/home/runner/work/Khala-joybug/Khala-joybug/.buildozer/android/platform/build-arm64-v8a/build/other_builds/python3/arm64-v8a__ndk_target_21/python3/Lib/tokenize.py'...
Listing '/home/runner/work/Khala-joybug/Khala-joybug/.buildozer/android/platform/build-arm64-v8a/build/other_builds/python3/arm64-v8a__ndk_target_21/python3/Lib/tomllib'...
Compiling '/home/runner/work/Khala-joybug/Khala-joybug/.buildozer/android/platform/build-arm64-v8a/build/other_builds/python3/arm64-v8a__ndk_target_21/python3/Lib/tomllib/__init__.py'...
Compiling '/home/runner/work/Khala-joybug/Khala-joybug/.buildozer/android/platform/build-arm64-v8a/build/other_builds/python3/arm64-v8a__ndk_target_21/python3/Lib/tomllib/_parser.py'...
Compiling '/home/runner/work/Khala-joybug/Khala-joybug/.buildozer/android/platform/build-arm64-v8a/build/other_builds/python3/arm64-v8a__ndk_target_21/python3/Lib/tomllib/_re.py'...
Compiling '/home/runner/work/Khala-joybug/Khala-joybug/.buildozer/android/platform/build-arm64-v8a/build/other_builds/python3/arm64-v8a__ndk_target_21/python3/Lib/tomllib/_types.py'...
Compiling '/home/runner/work/Khala-joybug/Khala-joybug/.buildozer/android/platform/build-arm64-v8a/build/other_builds/python3/arm64-v8a__ndk_target_21/python3/Lib/trace.py'...
Compiling '/home/runner/work/Khala-joybug/Khala-joybug/.buildozer/android/platform/build-arm64-v8a/build/other_builds/python3/arm64-v8a__ndk_target_21/python3/Lib/traceback.py'...
Compiling '/home/runner/work/Khala-joybug/Khala-joybug/.buildozer/android/platform/build-arm64-v8a/build/other_builds/python3/arm64-v8a__ndk_target_21/python3/Lib/tracemalloc.py'...
Compiling '/home/runner/work/Khala-joybug/Khala-joybug/.buildozer/android/platform/build-arm64-v8a/build/other_builds/python3/arm64-v8a__ndk_target_21/python3/Lib/tty.py'...
Compiling '/home/runner/work/Khala-joybug/Khala-joybug/.buildozer/android/platform/build-arm64-v8a/build/other_builds/python3/arm64-v8a__ndk_target_21/python3/Lib/turtle.py'...
Listing '/home/runner/work/Khala-joybug/Khala-joybug/.buildozer/android/platform/build-arm64-v8a/build/other_builds/python3/arm64-v8a__ndk_target_21/python3/Lib/turtledemo'...
Compiling '/home/runner/work/Khala-joybug/Khala-joybug/.buildozer/android/platform/build-arm64-v8a/build/other_builds/python3/arm64-v8a__ndk_target_21/python3/Lib/turtledemo/__init__.py'...
Compiling '/home/runner/work/Khala-joybug/Khala-joybug/.buildozer/android/platform/build-arm64-v8a/build/other_builds/python3/arm64-v8a__ndk_target_21/python3/Lib/turtledemo/__main__.py'...
Compiling '/home/runner/work/Khala-joybug/Khala-joybug/.buildozer/android/platform/build-arm64-v8a/build/other_builds/python3/arm64-v8a__ndk_target_21/python3/Lib/turtledemo/bytedesign.py'...
Compiling '/home/runner/work/Khala-joybug/Khala-joybug/.buildozer/android/platform/build-arm64-v8a/build/other_builds/python3/arm64-v8a__ndk_target_21/python3/Lib/turtledemo/chaos.py'...
Compiling '/home/runner/work/Khala-joybug/Khala-joybug/.buildozer/android/platform/build-arm64-v8a/build/other_builds/python3/arm64-v8a__ndk_target_21/python3/Lib/turtledemo/clock.py'...
Compiling '/home/runner/work/Khala-joybug/Khala-joybug/.buildozer/android/platform/build-arm64-v8a/build/other_builds/python3/arm64-v8a__ndk_target_21/python3/Lib/turtledemo/colormixer.py'...
Compiling '/home/runner/work/Khala-joybug/Khala-joybug/.buildozer/android/platform/build-arm64-v8a/build/other_builds/python3/arm64-v8a__ndk_target_21/python3/Lib/turtledemo/forest.py'...
Compiling '/home/runner/work/Khala-joybug/Khala-joybug/.buildozer/android/platform/build-arm64-v8a/build/other_builds/python3/arm64-v8a__ndk_target_21/python3/Lib/turtledemo/fractalcurves.py'...
Compiling '/home/runner/work/Khala-joybug/Khala-joybug/.buildozer/android/platform/build-arm64-v8a/build/other_builds/python3/arm64-v8a__ndk_target_21/python3/Lib/turtledemo/lindenmayer.py'...
Compiling '/home/runner/work/Khala-joybug/Khala-joybug/.buildozer/android/platform/build-arm64-v8a/build/other_builds/python3/arm64-v8a__ndk_target_21/python3/Lib/turtledemo/minimal_hanoi.py'...
Compiling '/home/runner/work/Khala-joybug/Khala-joybug/.buildozer/android/platform/build-arm64-v8a/build/other_builds/python3/arm64-v8a__ndk_target_21/python3/Lib/turtledemo/nim.py'...
Compiling '/home/runner/work/Khala-joybug/Khala-joybug/.buildozer/android/platform/build-arm64-v8a/build/other_builds/python3/arm64-v8a__ndk_target_21/python3/Lib/turtledemo/paint.py'...
Compiling '/home/runner/work/Khala-joybug/Khala-joybug/.buildozer/android/platform/build-arm64-v8a/build/other_builds/python3/arm64-v8a__ndk_target_21/python3/Lib/turtledemo/peace.py'...
Compiling '/home/runner/work/Khala-joybug/Khala-joybug/.buildozer/android/platform/build-arm64-v8a/build/other_builds/python3/arm64-v8a__ndk_target_21/python3/Lib/turtledemo/penrose.py'...
Compiling '/home/runner/work/Khala-joybug/Khala-joybug/.buildozer/android/platform/build-arm64-v8a/build/other_builds/python3/arm64-v8a__ndk_target_21/python3/Lib/turtledemo/planet_and_moon.py'...
Compiling '/home/runner/work/Khala-joybug/Khala-joybug/.buildozer/android/platform/build-arm64-v8a/build/other_builds/python3/arm64-v8a__ndk_target_21/python3/Lib/turtledemo/rosette.py'...
Compiling '/home/runner/work/Khala-joybug/Khala-joybug/.buildozer/android/platform/build-arm64-v8a/build/other_builds/python3/arm64-v8a__ndk_target_21/python3/Lib/turtledemo/round_dance.py'...
Compiling '/home/runner/work/Khala-joybug/Khala-joybug/.buildozer/android/platform/build-arm64-v8a/build/other_builds/python3/arm64-v8a__ndk_target_21/python3/Lib/turtledemo/sorting_animate.py'...
Compiling '/home/runner/work/Khala-joybug/Khala-joybug/.buildozer/android/platform/build-arm64-v8a/build/other_builds/python3/arm64-v8a__ndk_target_21/python3/Lib/turtledemo/tree.py'...
Compiling '/home/runner/work/Khala-joybug/Khala-joybug/.buildozer/android/platform/build-arm64-v8a/build/other_builds/python3/arm64-v8a__ndk_target_21/python3/Lib/turtledemo/two_canvases.py'...
Compiling '/home/runner/work/Khala-joybug/Khala-joybug/.buildozer/android/platform/build-arm64-v8a/build/other_builds/python3/arm64-v8a__ndk_target_21/python3/Lib/turtledemo/yinyang.py'...
Compiling '/home/runner/work/Khala-joybug/Khala-joybug/.buildozer/android/platform/build-arm64-v8a/build/other_builds/python3/arm64-v8a__ndk_target_21/python3/Lib/types.py'...
Compiling '/home/runner/work/Khala-joybug/Khala-joybug/.buildozer/android/platform/build-arm64-v8a/build/other_builds/python3/arm64-v8a__ndk_target_21/python3/Lib/typing.py'...
Listing '/home/runner/work/Khala-joybug/Khala-joybug/.buildozer/android/platform/build-arm64-v8a/build/other_builds/python3/arm64-v8a__ndk_target_21/python3/Lib/unittest'...
Compiling '/home/runner/work/Khala-joybug/Khala-joybug/.buildozer/android/platform/build-arm64-v8a/build/other_builds/python3/arm64-v8a__ndk_target_21/python3/Lib/unittest/__init__.py'...
Compiling '/home/runner/work/Khala-joybug/Khala-joybug/.buildozer/android/platform/build-arm64-v8a/build/other_builds/python3/arm64-v8a__ndk_target_21/python3/Lib/unittest/__main__.py'...
Compiling '/home/runner/work/Khala-joybug/Khala-joybug/.buildozer/android/platform/build-arm64-v8a/build/other_builds/python3/arm64-v8a__ndk_target_21/python3/Lib/unittest/_log.py'...
Compiling '/home/runner/work/Khala-joybug/Khala-joybug/.buildozer/android/platform/build-arm64-v8a/build/other_builds/python3/arm64-v8a__ndk_target_21/python3/Lib/unittest/async_case.py'...
Compiling '/home/runner/work/Khala-joybug/Khala-joybug/.buildozer/android/platform/build-arm64-v8a/build/other_builds/python3/arm64-v8a__ndk_target_21/python3/Lib/unittest/case.py'...
Compiling '/home/runner/work/Khala-joybug/Khala-joybug/.buildozer/android/platform/build-arm64-v8a/build/other_builds/python3/arm64-v8a__ndk_target_21/python3/Lib/unittest/loader.py'...
Compiling '/home/runner/work/Khala-joybug/Khala-joybug/.buildozer/android/platform/build-arm64-v8a/build/other_builds/python3/arm64-v8a__ndk_target_21/python3/Lib/unittest/main.py'...
Compiling '/home/runner/work/Khala-joybug/Khala-joybug/.buildozer/android/platform/build-arm64-v8a/build/other_builds/python3/arm64-v8a__ndk_target_21/python3/Lib/unittest/mock.py'...
Compiling '/home/runner/work/Khala-joybug/Khala-joybug/.buildozer/android/platform/build-arm64-v8a/build/other_builds/python3/arm64-v8a__ndk_target_21/python3/Lib/unittest/result.py'...
Compiling '/home/runner/work/Khala-joybug/Khala-joybug/.buildozer/android/platform/build-arm64-v8a/build/other_builds/python3/arm64-v8a__ndk_target_21/python3/Lib/unittest/runner.py'...
Compiling '/home/runner/work/Khala-joybug/Khala-joybug/.buildozer/android/platform/build-arm64-v8a/build/other_builds/python3/arm64-v8a__ndk_target_21/python3/Lib/unittest/signals.py'...
Compiling '/home/runner/work/Khala-joybug/Khala-joybug/.buildozer/android/platform/build-arm64-v8a/build/other_builds/python3/arm64-v8a__ndk_target_21/python3/Lib/unittest/suite.py'...
Compiling '/home/runner/work/Khala-joybug/Khala-joybug/.buildozer/android/platform/build-arm64-v8a/build/other_builds/python3/arm64-v8a__ndk_target_21/python3/Lib/unittest/util.py'...
Listing '/home/runner/work/Khala-joybug/Khala-joybug/.buildozer/android/platform/build-arm64-v8a/build/other_builds/python3/arm64-v8a__ndk_target_21/python3/Lib/urllib'...
Compiling '/home/runner/work/Khala-joybug/Khala-joybug/.buildozer/android/platform/build-arm64-v8a/build/other_builds/python3/arm64-v8a__ndk_target_21/python3/Lib/urllib/__init__.py'...
Compiling '/home/runner/work/Khala-joybug/Khala-joybug/.buildozer/android/platform/build-arm64-v8a/build/other_builds/python3/arm64-v8a__ndk_target_21/python3/Lib/urllib/error.py'...
Compiling '/home/runner/work/Khala-joybug/Khala-joybug/.buildozer/android/platform/build-arm64-v8a/build/other_builds/python3/arm64-v8a__ndk_target_21/python3/Lib/urllib/parse.py'...
Compiling '/home/runner/work/Khala-joybug/Khala-joybug/.buildozer/android/platform/build-arm64-v8a/build/other_builds/python3/arm64-v8a__ndk_target_21/python3/Lib/urllib/request.py'...
Compiling '/home/runner/work/Khala-joybug/Khala-joybug/.buildozer/android/platform/build-arm64-v8a/build/other_builds/python3/arm64-v8a__ndk_target_21/python3/Lib/urllib/response.py'...
Compiling '/home/runner/work/Khala-joybug/Khala-joybug/.buildozer/android/platform/build-arm64-v8a/build/other_builds/python3/arm64-v8a__ndk_target_21/python3/Lib/urllib/robotparser.py'...
Compiling '/home/runner/work/Khala-joybug/Khala-joybug/.buildozer/android/platform/build-arm64-v8a/build/other_builds/python3/arm64-v8a__ndk_target_21/python3/Lib/uuid.py'...
Listing '/home/runner/work/Khala-joybug/Khala-joybug/.buildozer/android/platform/build-arm64-v8a/build/other_builds/python3/arm64-v8a__ndk_target_21/python3/Lib/venv'...
Compiling '/home/runner/work/Khala-joybug/Khala-joybug/.buildozer/android/platform/build-arm64-v8a/build/other_builds/python3/arm64-v8a__ndk_target_21/python3/Lib/venv/__init__.py'...
Compiling '/home/runner/work/Khala-joybug/Khala-joybug/.buildozer/android/platform/build-arm64-v8a/build/other_builds/python3/arm64-v8a__ndk_target_21/python3/Lib/venv/__main__.py'...
Listing '/home/runner/work/Khala-joybug/Khala-joybug/.buildozer/android/platform/build-arm64-v8a/build/other_builds/python3/arm64-v8a__ndk_target_21/python3/Lib/venv/scripts'...
Listing '/home/runner/work/Khala-joybug/Khala-joybug/.buildozer/android/platform/build-arm64-v8a/build/other_builds/python3/arm64-v8a__ndk_target_21/python3/Lib/venv/scripts/common'...
Listing '/home/runner/work/Khala-joybug/Khala-joybug/.buildozer/android/platform/build-arm64-v8a/build/other_builds/python3/arm64-v8a__ndk_target_21/python3/Lib/venv/scripts/nt'...
Listing '/home/runner/work/Khala-joybug/Khala-joybug/.buildozer/android/platform/build-arm64-v8a/build/other_builds/python3/arm64-v8a__ndk_target_21/python3/Lib/venv/scripts/posix'...
Compiling '/home/runner/work/Khala-joybug/Khala-joybug/.buildozer/android/platform/build-arm64-v8a/build/other_builds/python3/arm64-v8a__ndk_target_21/python3/Lib/warnings.py'...
Compiling '/home/runner/work/Khala-joybug/Khala-joybug/.buildozer/android/platform/build-arm64-v8a/build/other_builds/python3/arm64-v8a__ndk_target_21/python3/Lib/wave.py'...
Compiling '/home/runner/work/Khala-joybug/Khala-joybug/.buildozer/android/platform/build-arm64-v8a/build/other_builds/python3/arm64-v8a__ndk_target_21/python3/Lib/weakref.py'...
Compiling '/home/runner/work/Khala-joybug/Khala-joybug/.buildozer/android/platform/build-arm64-v8a/build/other_builds/python3/arm64-v8a__ndk_target_21/python3/Lib/webbrowser.py'...
Listing '/home/runner/work/Khala-joybug/Khala-joybug/.buildozer/android/platform/build-arm64-v8a/build/other_builds/python3/arm64-v8a__ndk_target_21/python3/Lib/wsgiref'...
Compiling '/home/runner/work/Khala-joybug/Khala-joybug/.buildozer/android/platform/build-arm64-v8a/build/other_builds/python3/arm64-v8a__ndk_target_21/python3/Lib/wsgiref/__init__.py'...
Compiling '/home/runner/work/Khala-joybug/Khala-joybug/.buildozer/android/platform/build-arm64-v8a/build/other_builds/python3/arm64-v8a__ndk_target_21/python3/Lib/wsgiref/handlers.py'...
Compiling '/home/runner/work/Khala-joybug/Khala-joybug/.buildozer/android/platform/build-arm64-v8a/build/other_builds/python3/arm64-v8a__ndk_target_21/python3/Lib/wsgiref/headers.py'...
Compiling '/home/runner/work/Khala-joybug/Khala-joybug/.buildozer/android/platform/build-arm64-v8a/build/other_builds/python3/arm64-v8a__ndk_target_21/python3/Lib/wsgiref/simple_server.py'...
Compiling '/home/runner/work/Khala-joybug/Khala-joybug/.buildozer/android/platform/build-arm64-v8a/build/other_builds/python3/arm64-v8a__ndk_target_21/python3/Lib/wsgiref/types.py'...
Compiling '/home/runner/work/Khala-joybug/Khala-joybug/.buildozer/android/platform/build-arm64-v8a/build/other_builds/python3/arm64-v8a__ndk_target_21/python3/Lib/wsgiref/util.py'...
Compiling '/home/runner/work/Khala-joybug/Khala-joybug/.buildozer/android/platform/build-arm64-v8a/build/other_builds/python3/arm64-v8a__ndk_target_21/python3/Lib/wsgiref/validate.py'...
Listing '/home/runner/work/Khala-joybug/Khala-joybug/.buildozer/android/platform/build-arm64-v8a/build/other_builds/python3/arm64-v8a__ndk_target_21/python3/Lib/xml'...
Compiling '/home/runner/work/Khala-joybug/Khala-joybug/.buildozer/android/platform/build-arm64-v8a/build/other_builds/python3/arm64-v8a__ndk_target_21/python3/Lib/xml/__init__.py'...
Listing '/home/runner/work/Khala-joybug/Khala-joybug/.buildozer/android/platform/build-arm64-v8a/build/other_builds/python3/arm64-v8a__ndk_target_21/python3/Lib/xml/dom'...
Compiling '/home/runner/work/Khala-joybug/Khala-joybug/.buildozer/android/platform/build-arm64-v8a/build/other_builds/python3/arm64-v8a__ndk_target_21/python3/Lib/xml/dom/NodeFilter.py'...
Compiling '/home/runner/work/Khala-joybug/Khala-joybug/.buildozer/android/platform/build-arm64-v8a/build/other_builds/python3/arm64-v8a__ndk_target_21/python3/Lib/xml/dom/__init__.py'...
Compiling '/home/runner/work/Khala-joybug/Khala-joybug/.buildozer/android/platform/build-arm64-v8a/build/other_builds/python3/arm64-v8a__ndk_target_21/python3/Lib/xml/dom/domreg.py'...
Compiling '/home/runner/work/Khala-joybug/Khala-joybug/.buildozer/android/platform/build-arm64-v8a/build/other_builds/python3/arm64-v8a__ndk_target_21/python3/Lib/xml/dom/expatbuilder.py'...
Compiling '/home/runner/work/Khala-joybug/Khala-joybug/.buildozer/android/platform/build-arm64-v8a/build/other_builds/python3/arm64-v8a__ndk_target_21/python3/Lib/xml/dom/minicompat.py'...
Compiling '/home/runner/work/Khala-joybug/Khala-joybug/.buildozer/android/platform/build-arm64-v8a/build/other_builds/python3/arm64-v8a__ndk_target_21/python3/Lib/xml/dom/minidom.py'...
Compiling '/home/runner/work/Khala-joybug/Khala-joybug/.buildozer/android/platform/build-arm64-v8a/build/other_builds/python3/arm64-v8a__ndk_target_21/python3/Lib/xml/dom/pulldom.py'...
Compiling '/home/runner/work/Khala-joybug/Khala-joybug/.buildozer/android/platform/build-arm64-v8a/build/other_builds/python3/arm64-v8a__ndk_target_21/python3/Lib/xml/dom/xmlbuilder.py'...
Listing '/home/runner/work/Khala-joybug/Khala-joybug/.buildozer/android/platform/build-arm64-v8a/build/other_builds/python3/arm64-v8a__ndk_target_21/python3/Lib/xml/etree'...
Compiling '/home/runner/work/Khala-joybug/Khala-joybug/.buildozer/android/platform/build-arm64-v8a/build/other_builds/python3/arm64-v8a__ndk_target_21/python3/Lib/xml/etree/ElementInclude.py'...
Compiling '/home/runner/work/Khala-joybug/Khala-joybug/.buildozer/android/platform/build-arm64-v8a/build/other_builds/python3/arm64-v8a__ndk_target_21/python3/Lib/xml/etree/ElementPath.py'...
Compiling '/home/runner/work/Khala-joybug/Khala-joybug/.buildozer/android/platform/build-arm64-v8a/build/other_builds/python3/arm64-v8a__ndk_target_21/python3/Lib/xml/etree/ElementTree.py'...
Compiling '/home/runner/work/Khala-joybug/Khala-joybug/.buildozer/android/platform/build-arm64-v8a/build/other_builds/python3/arm64-v8a__ndk_target_21/python3/Lib/xml/etree/__init__.py'...
Compiling '/home/runner/work/Khala-joybug/Khala-joybug/.buildozer/android/platform/build-arm64-v8a/build/other_builds/python3/arm64-v8a__ndk_target_21/python3/Lib/xml/etree/cElementTree.py'...
Listing '/home/runner/work/Khala-joybug/Khala-joybug/.buildozer/android/platform/build-arm64-v8a/build/other_builds/python3/arm64-v8a__ndk_target_21/python3/Lib/xml/parsers'...
Compiling '/home/runner/work/Khala-joybug/Khala-joybug/.buildozer/android/platform/build-arm64-v8a/build/other_builds/python3/arm64-v8a__ndk_target_21/python3/Lib/xml/parsers/__init__.py'...
Compiling '/home/runner/work/Khala-joybug/Khala-joybug/.buildozer/android/platform/build-arm64-v8a/build/other_builds/python3/arm64-v8a__ndk_target_21/python3/Lib/xml/parsers/expat.py'...
Listing '/home/runner/work/Khala-joybug/Khala-joybug/.buildozer/android/platform/build-arm64-v8a/build/other_builds/python3/arm64-v8a__ndk_target_21/python3/Lib/xml/sax'...
Compiling '/home/runner/work/Khala-joybug/Khala-joybug/.buildozer/android/platform/build-arm64-v8a/build/other_builds/python3/arm64-v8a__ndk_target_21/python3/Lib/xml/sax/__init__.py'...
Compiling '/home/runner/work/Khala-joybug/Khala-joybug/.buildozer/android/platform/build-arm64-v8a/build/other_builds/python3/arm64-v8a__ndk_target_21/python3/Lib/xml/sax/_exceptions.py'...
Compiling '/home/runner/work/Khala-joybug/Khala-joybug/.buildozer/android/platform/build-arm64-v8a/build/other_builds/python3/arm64-v8a__ndk_target_21/python3/Lib/xml/sax/expatreader.py'...
Compiling '/home/runner/work/Khala-joybug/Khala-joybug/.buildozer/android/platform/build-arm64-v8a/build/other_builds/python3/arm64-v8a__ndk_target_21/python3/Lib/xml/sax/handler.py'...
Compiling '/home/runner/work/Khala-joybug/Khala-joybug/.buildozer/android/platform/build-arm64-v8a/build/other_builds/python3/arm64-v8a__ndk_target_21/python3/Lib/xml/sax/saxutils.py'...
Compiling '/home/runner/work/Khala-joybug/Khala-joybug/.buildozer/android/platform/build-arm64-v8a/build/other_builds/python3/arm64-v8a__ndk_target_21/python3/Lib/xml/sax/xmlreader.py'...
Listing '/home/runner/work/Khala-joybug/Khala-joybug/.buildozer/android/platform/build-arm64-v8a/build/other_builds/python3/arm64-v8a__ndk_target_21/python3/Lib/xmlrpc'...
Compiling '/home/runner/work/Khala-joybug/Khala-joybug/.buildozer/android/platform/build-arm64-v8a/build/other_builds/python3/arm64-v8a__ndk_target_21/python3/Lib/xmlrpc/__init__.py'...
Compiling '/home/runner/work/Khala-joybug/Khala-joybug/.buildozer/android/platform/build-arm64-v8a/build/other_builds/python3/arm64-v8a__ndk_target_21/python3/Lib/xmlrpc/client.py'...
Compiling '/home/runner/work/Khala-joybug/Khala-joybug/.buildozer/android/platform/build-arm64-v8a/build/other_builds/python3/arm64-v8a__ndk_target_21/python3/Lib/xmlrpc/server.py'...
Compiling '/home/runner/work/Khala-joybug/Khala-joybug/.buildozer/android/platform/build-arm64-v8a/build/other_builds/python3/arm64-v8a__ndk_target_21/python3/Lib/zipapp.py'...
Listing '/home/runner/work/Khala-joybug/Khala-joybug/.buildozer/android/platform/build-arm64-v8a/build/other_builds/python3/arm64-v8a__ndk_target_21/python3/Lib/zipfile'...
Compiling '/home/runner/work/Khala-joybug/Khala-joybug/.buildozer/android/platform/build-arm64-v8a/build/other_builds/python3/arm64-v8a__ndk_target_21/python3/Lib/zipfile/__init__.py'...
Compiling '/home/runner/work/Khala-joybug/Khala-joybug/.buildozer/android/platform/build-arm64-v8a/build/other_builds/python3/arm64-v8a__ndk_target_21/python3/Lib/zipfile/__main__.py'...
Listing '/home/runner/work/Khala-joybug/Khala-joybug/.buildozer/android/platform/build-arm64-v8a/build/other_builds/python3/arm64-v8a__ndk_target_21/python3/Lib/zipfile/_path'...
Compiling '/home/runner/work/Khala-joybug/Khala-joybug/.buildozer/android/platform/build-arm64-v8a/build/other_builds/python3/arm64-v8a__ndk_target_21/python3/Lib/zipfile/_path/__init__.py'...
Compiling '/home/runner/work/Khala-joybug/Khala-joybug/.buildozer/android/platform/build-arm64-v8a/build/other_builds/python3/arm64-v8a__ndk_target_21/python3/Lib/zipfile/_path/glob.py'...
Compiling '/home/runner/work/Khala-joybug/Khala-joybug/.buildozer/android/platform/build-arm64-v8a/build/other_builds/python3/arm64-v8a__ndk_target_21/python3/Lib/zipimport.py'...
Listing '/home/runner/work/Khala-joybug/Khala-joybug/.buildozer/android/platform/build-arm64-v8a/build/other_builds/python3/arm64-v8a__ndk_target_21/python3/Lib/zoneinfo'...
Compiling '/home/runner/work/Khala-joybug/Khala-joybug/.buildozer/android/platform/build-arm64-v8a/build/other_builds/python3/arm64-v8a__ndk_target_21/python3/Lib/zoneinfo/__init__.py'...
Compiling '/home/runner/work/Khala-joybug/Khala-joybug/.buildozer/android/platform/build-arm64-v8a/build/other_builds/python3/arm64-v8a__ndk_target_21/python3/Lib/zoneinfo/_common.py'...
Compiling '/home/runner/work/Khala-joybug/Khala-joybug/.buildozer/android/platform/build-arm64-v8a/build/other_builds/python3/arm64-v8a__ndk_target_21/python3/Lib/zoneinfo/_tzpath.py'...
Compiling '/home/runner/work/Khala-joybug/Khala-joybug/.buildozer/android/platform/build-arm64-v8a/build/other_builds/python3/arm64-v8a__ndk_target_21/python3/Lib/zoneinfo/_zoneinfo.py'...
/home/runner/work/Khala-joybug/Khala-joybug/.buildozer/android/platform/build-arm64-v8a/build/python-installs/khalajoybug/arm64-v8a/kivy/uix/codeinput.py:204: SyntaxWarning: 'return' in a 'finally' block
  return offset
Listing '/home/runner/work/Khala-joybug/Khala-joybug/.buildozer/android/platform/build-arm64-v8a/build/python-installs/khalajoybug/arm64-v8a'...
Listing '/home/runner/work/Khala-joybug/Khala-joybug/.buildozer/android/platform/build-arm64-v8a/build/python-installs/khalajoybug/arm64-v8a/Kivy-2.3.1.dist-info'...
Listing '/home/runner/work/Khala-joybug/Khala-joybug/.buildozer/android/platform/build-arm64-v8a/build/python-installs/khalajoybug/arm64-v8a/_distutils_hack'...
Compiling '/home/runner/work/Khala-joybug/Khala-joybug/.buildozer/android/platform/build-arm64-v8a/build/python-installs/khalajoybug/arm64-v8a/_distutils_hack/__init__.py'...
Compiling '/home/runner/work/Khala-joybug/Khala-joybug/.buildozer/android/platform/build-arm64-v8a/build/python-installs/khalajoybug/arm64-v8a/_distutils_hack/override.py'...
Listing '/home/runner/work/Khala-joybug/Khala-joybug/.buildozer/android/platform/build-arm64-v8a/build/python-installs/khalajoybug/arm64-v8a/android'...
Compiling '/home/runner/work/Khala-joybug/Khala-joybug/.buildozer/android/platform/build-arm64-v8a/build/python-installs/khalajoybug/arm64-v8a/android/__init__.py'...
Compiling '/home/runner/work/Khala-joybug/Khala-joybug/.buildozer/android/platform/build-arm64-v8a/build/python-installs/khalajoybug/arm64-v8a/android/_ctypes_library_finder.py'...
Compiling '/home/runner/work/Khala-joybug/Khala-joybug/.buildozer/android/platform/build-arm64-v8a/build/python-installs/khalajoybug/arm64-v8a/android/activity.py'...
Compiling '/home/runner/work/Khala-joybug/Khala-joybug/.buildozer/android/platform/build-arm64-v8a/build/python-installs/khalajoybug/arm64-v8a/android/billing.py'...
Compiling '/home/runner/work/Khala-joybug/Khala-joybug/.buildozer/android/platform/build-arm64-v8a/build/python-installs/khalajoybug/arm64-v8a/android/broadcast.py'...
Compiling '/home/runner/work/Khala-joybug/Khala-joybug/.buildozer/android/platform/build-arm64-v8a/build/python-installs/khalajoybug/arm64-v8a/android/config.py'...
Compiling '/home/runner/work/Khala-joybug/Khala-joybug/.buildozer/android/platform/build-arm64-v8a/build/python-installs/khalajoybug/arm64-v8a/android/display_cutout.py'...
Compiling '/home/runner/work/Khala-joybug/Khala-joybug/.buildozer/android/platform/build-arm64-v8a/build/python-installs/khalajoybug/arm64-v8a/android/loadingscreen.py'...
Compiling '/home/runner/work/Khala-joybug/Khala-joybug/.buildozer/android/platform/build-arm64-v8a/build/python-installs/khalajoybug/arm64-v8a/android/mixer.py'...
Compiling '/home/runner/work/Khala-joybug/Khala-joybug/.buildozer/android/platform/build-arm64-v8a/build/python-installs/khalajoybug/arm64-v8a/android/permissions.py'...
Compiling '/home/runner/work/Khala-joybug/Khala-joybug/.buildozer/android/platform/build-arm64-v8a/build/python-installs/khalajoybug/arm64-v8a/android/runnable.py'...
Compiling '/home/runner/work/Khala-joybug/Khala-joybug/.buildozer/android/platform/build-arm64-v8a/build/python-installs/khalajoybug/arm64-v8a/android/storage.py'...
Compiling '/home/runner/work/Khala-joybug/Khala-joybug/.buildozer/android/platform/build-arm64-v8a/build/python-installs/khalajoybug/arm64-v8a/android/touch.py'...
Listing '/home/runner/work/Khala-joybug/Khala-joybug/.buildozer/android/platform/build-arm64-v8a/build/python-installs/khalajoybug/arm64-v8a/android-1.0.dist-info'...
Listing '/home/runner/work/Khala-joybug/Khala-joybug/.buildozer/android/platform/build-arm64-v8a/build/python-installs/khalajoybug/arm64-v8a/bin'...
Listing '/home/runner/work/Khala-joybug/Khala-joybug/.buildozer/android/platform/build-arm64-v8a/build/python-installs/khalajoybug/arm64-v8a/certifi'...
Compiling '/home/runner/work/Khala-joybug/Khala-joybug/.buildozer/android/platform/build-arm64-v8a/build/python-installs/khalajoybug/arm64-v8a/certifi/__init__.py'...
Compiling '/home/runner/work/Khala-joybug/Khala-joybug/.buildozer/android/platform/build-arm64-v8a/build/python-installs/khalajoybug/arm64-v8a/certifi/__main__.py'...
Compiling '/home/runner/work/Khala-joybug/Khala-joybug/.buildozer/android/platform/build-arm64-v8a/build/python-installs/khalajoybug/arm64-v8a/certifi/core.py'...
Listing '/home/runner/work/Khala-joybug/Khala-joybug/.buildozer/android/platform/build-arm64-v8a/build/python-installs/khalajoybug/arm64-v8a/certifi/tests'...
Compiling '/home/runner/work/Khala-joybug/Khala-joybug/.buildozer/android/platform/build-arm64-v8a/build/python-installs/khalajoybug/arm64-v8a/certifi/tests/__init__.py'...
Compiling '/home/runner/work/Khala-joybug/Khala-joybug/.buildozer/android/platform/build-arm64-v8a/build/python-installs/khalajoybug/arm64-v8a/certifi/tests/test_certify.py'...
Listing '/home/runner/work/Khala-joybug/Khala-joybug/.buildozer/android/platform/build-arm64-v8a/build/python-installs/khalajoybug/arm64-v8a/certifi-2026.7.22.dist-info'...
Listing '/home/runner/work/Khala-joybug/Khala-joybug/.buildozer/android/platform/build-arm64-v8a/build/python-installs/khalajoybug/arm64-v8a/certifi-2026.7.22.dist-info/licenses'...
Listing '/home/runner/work/Khala-joybug/Khala-joybug/.buildozer/android/platform/build-arm64-v8a/build/python-installs/khalajoybug/arm64-v8a/chardet'...
Compiling '/home/runner/work/Khala-joybug/Khala-joybug/.buildozer/android/platform/build-arm64-v8a/build/python-installs/khalajoybug/arm64-v8a/chardet/__init__.py'...
Compiling '/home/runner/work/Khala-joybug/Khala-joybug/.buildozer/android/platform/build-arm64-v8a/build/python-installs/khalajoybug/arm64-v8a/chardet/__main__.py'...
Compiling '/home/runner/work/Khala-joybug/Khala-joybug/.buildozer/android/platform/build-arm64-v8a/build/python-installs/khalajoybug/arm64-v8a/chardet/_kernel.py'...
Compiling '/home/runner/work/Khala-joybug/Khala-joybug/.buildozer/android/platform/build-arm64-v8a/build/python-installs/khalajoybug/arm64-v8a/chardet/_utils.py'...
Compiling '/home/runner/work/Khala-joybug/Khala-joybug/.buildozer/android/platform/build-arm64-v8a/build/python-installs/khalajoybug/arm64-v8a/chardet/_version.py'...
Compiling '/home/runner/work/Khala-joybug/Khala-joybug/.buildozer/android/platform/build-arm64-v8a/build/python-installs/khalajoybug/arm64-v8a/chardet/cli.py'...
Compiling '/home/runner/work/Khala-joybug/Khala-joybug/.buildozer/android/platform/build-arm64-v8a/build/python-installs/khalajoybug/arm64-v8a/chardet/detector.py'...
Compiling '/home/runner/work/Khala-joybug/Khala-joybug/.buildozer/android/platform/build-arm64-v8a/build/python-installs/khalajoybug/arm64-v8a/chardet/enums.py'...
Compiling '/home/runner/work/Khala-joybug/Khala-joybug/.buildozer/android/platform/build-arm64-v8a/build/python-installs/khalajoybug/arm64-v8a/chardet/equivalences.py'...
Compiling '/home/runner/work/Khala-joybug/Khala-joybug/.buildozer/android/platform/build-arm64-v8a/build/python-installs/khalajoybug/arm64-v8a/chardet/evaluation.py'...
Listing '/home/runner/work/Khala-joybug/Khala-joybug/.buildozer/android/platform/build-arm64-v8a/build/python-installs/khalajoybug/arm64-v8a/chardet/models'...
Compiling '/home/runner/work/Khala-joybug/Khala-joybug/.buildozer/android/platform/build-arm64-v8a/build/python-installs/khalajoybug/arm64-v8a/chardet/models/__init__.py'...
Compiling '/home/runner/work/Khala-joybug/Khala-joybug/.buildozer/android/platform/build-arm64-v8a/build/python-installs/khalajoybug/arm64-v8a/chardet/output_names.py'...
Listing '/home/runner/work/Khala-joybug/Khala-joybug/.buildozer/android/platform/build-arm64-v8a/build/python-installs/khalajoybug/arm64-v8a/chardet/pipeline'...
Compiling '/home/runner/work/Khala-joybug/Khala-joybug/.buildozer/android/platform/build-arm64-v8a/build/python-installs/khalajoybug/arm64-v8a/chardet/pipeline/__init__.py'...
Compiling '/home/runner/work/Khala-joybug/Khala-joybug/.buildozer/android/platform/build-arm64-v8a/build/python-installs/khalajoybug/arm64-v8a/chardet/pipeline/ascii.py'...
Compiling '/home/runner/work/Khala-joybug/Khala-joybug/.buildozer/android/platform/build-arm64-v8a/build/python-installs/khalajoybug/arm64-v8a/chardet/pipeline/binary.py'...
Compiling '/home/runner/work/Khala-joybug/Khala-joybug/.buildozer/android/platform/build-arm64-v8a/build/python-installs/khalajoybug/arm64-v8a/chardet/pipeline/bom.py'...
Compiling '/home/runner/work/Khala-joybug/Khala-joybug/.buildozer/android/platform/build-arm64-v8a/build/python-installs/khalajoybug/arm64-v8a/chardet/pipeline/confusion.py'...
Compiling '/home/runner/work/Khala-joybug/Khala-joybug/.buildozer/android/platform/build-arm64-v8a/build/python-installs/khalajoybug/arm64-v8a/chardet/pipeline/escape.py'...
Compiling '/home/runner/work/Khala-joybug/Khala-joybug/.buildozer/android/platform/build-arm64-v8a/build/python-installs/khalajoybug/arm64-v8a/chardet/pipeline/language.py'...
Compiling '/home/runner/work/Khala-joybug/Khala-joybug/.buildozer/android/platform/build-arm64-v8a/build/python-installs/khalajoybug/arm64-v8a/chardet/pipeline/magic.py'...
Compiling '/home/runner/work/Khala-joybug/Khala-joybug/.buildozer/android/platform/build-arm64-v8a/build/python-installs/khalajoybug/arm64-v8a/chardet/pipeline/markup.py'...
Compiling '/home/runner/work/Khala-joybug/Khala-joybug/.buildozer/android/platform/build-arm64-v8a/build/python-installs/khalajoybug/arm64-v8a/chardet/pipeline/orchestrator.py'...
Compiling '/home/runner/work/Khala-joybug/Khala-joybug/.buildozer/android/platform/build-arm64-v8a/build/python-installs/khalajoybug/arm64-v8a/chardet/pipeline/postprocess.py'...
Compiling '/home/runner/work/Khala-joybug/Khala-joybug/.buildozer/android/platform/build-arm64-v8a/build/python-installs/khalajoybug/arm64-v8a/chardet/pipeline/statistical.py'...
Compiling '/home/runner/work/Khala-joybug/Khala-joybug/.buildozer/android/platform/build-arm64-v8a/build/python-installs/khalajoybug/arm64-v8a/chardet/pipeline/structural.py'...
Compiling '/home/runner/work/Khala-joybug/Khala-joybug/.buildozer/android/platform/build-arm64-v8a/build/python-installs/khalajoybug/arm64-v8a/chardet/pipeline/utf1632.py'...
Compiling '/home/runner/work/Khala-joybug/Khala-joybug/.buildozer/android/platform/build-arm64-v8a/build/python-installs/khalajoybug/arm64-v8a/chardet/pipeline/utf8.py'...
Compiling '/home/runner/work/Khala-joybug/Khala-joybug/.buildozer/android/platform/build-arm64-v8a/build/python-installs/khalajoybug/arm64-v8a/chardet/pipeline/validity.py'...
Compiling '/home/runner/work/Khala-joybug/Khala-joybug/.buildozer/android/platform/build-arm64-v8a/build/python-installs/khalajoybug/arm64-v8a/chardet/registry.py'...
Compiling '/home/runner/work/Khala-joybug/Khala-joybug/.buildozer/android/platform/build-arm64-v8a/build/python-installs/khalajoybug/arm64-v8a/chardet/universaldetector.py'...
Listing '/home/runner/work/Khala-joybug/Khala-joybug/.buildozer/android/platform/build-arm64-v8a/build/python-installs/khalajoybug/arm64-v8a/chardet-7.6.0.dist-info'...
Listing '/home/runner/work/Khala-joybug/Khala-joybug/.buildozer/android/platform/build-arm64-v8a/build/python-installs/khalajoybug/arm64-v8a/chardet-7.6.0.dist-info/licenses'...
Listing '/home/runner/work/Khala-joybug/Khala-joybug/.buildozer/android/platform/build-arm64-v8a/build/python-installs/khalajoybug/arm64-v8a/charset_normalizer'...
Compiling '/home/runner/work/Khala-joybug/Khala-joybug/.buildozer/android/platform/build-arm64-v8a/build/python-installs/khalajoybug/arm64-v8a/charset_normalizer/__init__.py'...
Compiling '/home/runner/work/Khala-joybug/Khala-joybug/.buildozer/android/platform/build-arm64-v8a/build/python-installs/khalajoybug/arm64-v8a/charset_normalizer/__main__.py'...
Compiling '/home/runner/work/Khala-joybug/Khala-joybug/.buildozer/android/platform/build-arm64-v8a/build/python-installs/khalajoybug/arm64-v8a/charset_normalizer/api.py'...
Compiling '/home/runner/work/Khala-joybug/Khala-joybug/.buildozer/android/platform/build-arm64-v8a/build/python-installs/khalajoybug/arm64-v8a/charset_normalizer/cd.py'...
Listing '/home/runner/work/Khala-joybug/Khala-joybug/.buildozer/android/platform/build-arm64-v8a/build/python-installs/khalajoybug/arm64-v8a/charset_normalizer/cli'...
Compiling '/home/runner/work/Khala-joybug/Khala-joybug/.buildozer/android/platform/build-arm64-v8a/build/python-installs/khalajoybug/arm64-v8a/charset_normalizer/cli/__init__.py'...
Compiling '/home/runner/work/Khala-joybug/Khala-joybug/.buildozer/android/platform/build-arm64-v8a/build/python-installs/khalajoybug/arm64-v8a/charset_normalizer/cli/__main__.py'...
Compiling '/home/runner/work/Khala-joybug/Khala-joybug/.buildozer/android/platform/build-arm64-v8a/build/python-installs/khalajoybug/arm64-v8a/charset_normalizer/constant.py'...
Compiling '/home/runner/work/Khala-joybug/Khala-joybug/.buildozer/android/platform/build-arm64-v8a/build/python-installs/khalajoybug/arm64-v8a/charset_normalizer/legacy.py'...
Compiling '/home/runner/work/Khala-joybug/Khala-joybug/.buildozer/android/platform/build-arm64-v8a/build/python-installs/khalajoybug/arm64-v8a/charset_normalizer/md.py'...
Compiling '/home/runner/work/Khala-joybug/Khala-joybug/.buildozer/android/platform/build-arm64-v8a/build/python-installs/khalajoybug/arm64-v8a/charset_normalizer/models.py'...
Compiling '/home/runner/work/Khala-joybug/Khala-joybug/.buildozer/android/platform/build-arm64-v8a/build/python-installs/khalajoybug/arm64-v8a/charset_normalizer/utils.py'...
Compiling '/home/runner/work/Khala-joybug/Khala-joybug/.buildozer/android/platform/build-arm64-v8a/build/python-installs/khalajoybug/arm64-v8a/charset_normalizer/version.py'...
Listing '/home/runner/work/Khala-joybug/Khala-joybug/.buildozer/android/platform/build-arm64-v8a/build/python-installs/khalajoybug/arm64-v8a/charset_normalizer-3.5.2.dist-info'...
Listing '/home/runner/work/Khala-joybug/Khala-joybug/.buildozer/android/platform/build-arm64-v8a/build/python-installs/khalajoybug/arm64-v8a/charset_normalizer-3.5.2.dist-info/licenses'...
Listing '/home/runner/work/Khala-joybug/Khala-joybug/.buildozer/android/platform/build-arm64-v8a/build/python-installs/khalajoybug/arm64-v8a/filetype'...
Compiling '/home/runner/work/Khala-joybug/Khala-joybug/.buildozer/android/platform/build-arm64-v8a/build/python-installs/khalajoybug/arm64-v8a/filetype/__init__.py'...
Compiling '/home/runner/work/Khala-joybug/Khala-joybug/.buildozer/android/platform/build-arm64-v8a/build/python-installs/khalajoybug/arm64-v8a/filetype/__main__.py'...
Compiling '/home/runner/work/Khala-joybug/Khala-joybug/.buildozer/android/platform/build-arm64-v8a/build/python-installs/khalajoybug/arm64-v8a/filetype/filetype.py'...
Compiling '/home/runner/work/Khala-joybug/Khala-joybug/.buildozer/android/platform/build-arm64-v8a/build/python-installs/khalajoybug/arm64-v8a/filetype/helpers.py'...
Compiling '/home/runner/work/Khala-joybug/Khala-joybug/.buildozer/android/platform/build-arm64-v8a/build/python-installs/khalajoybug/arm64-v8a/filetype/match.py'...
Listing '/home/runner/work/Khala-joybug/Khala-joybug/.buildozer/android/platform/build-arm64-v8a/build/python-installs/khalajoybug/arm64-v8a/filetype/types'...
Compiling '/home/runner/work/Khala-joybug/Khala-joybug/.buildozer/android/platform/build-arm64-v8a/build/python-installs/khalajoybug/arm64-v8a/filetype/types/__init__.py'...
Compiling '/home/runner/work/Khala-joybug/Khala-joybug/.buildozer/android/platform/build-arm64-v8a/build/python-installs/khalajoybug/arm64-v8a/filetype/types/application.py'...
Compiling '/home/runner/work/Khala-joybug/Khala-joybug/.buildozer/android/platform/build-arm64-v8a/build/python-installs/khalajoybug/arm64-v8a/filetype/types/archive.py'...
Compiling '/home/runner/work/Khala-joybug/Khala-joybug/.buildozer/android/platform/build-arm64-v8a/build/python-installs/khalajoybug/arm64-v8a/filetype/types/audio.py'...
Compiling '/home/runner/work/Khala-joybug/Khala-joybug/.buildozer/android/platform/build-arm64-v8a/build/python-installs/khalajoybug/arm64-v8a/filetype/types/base.py'...
Compiling '/home/runner/work/Khala-joybug/Khala-joybug/.buildozer/android/platform/build-arm64-v8a/build/python-installs/khalajoybug/arm64-v8a/filetype/types/document.py'...
Compiling '/home/runner/work/Khala-joybug/Khala-joybug/.buildozer/android/platform/build-arm64-v8a/build/python-installs/khalajoybug/arm64-v8a/filetype/types/font.py'...
Compiling '/home/runner/work/Khala-joybug/Khala-joybug/.buildozer/android/platform/build-arm64-v8a/build/python-installs/khalajoybug/arm64-v8a/filetype/types/image.py'...
Compiling '/home/runner/work/Khala-joybug/Khala-joybug/.buildozer/android/platform/build-arm64-v8a/build/python-installs/khalajoybug/arm64-v8a/filetype/types/isobmff.py'...
Compiling '/home/runner/work/Khala-joybug/Khala-joybug/.buildozer/android/platform/build-arm64-v8a/build/python-installs/khalajoybug/arm64-v8a/filetype/types/video.py'...
Compiling '/home/runner/work/Khala-joybug/Khala-joybug/.buildozer/android/platform/build-arm64-v8a/build/python-installs/khalajoybug/arm64-v8a/filetype/utils.py'...
Listing '/home/runner/work/Khala-joybug/Khala-joybug/.buildozer/android/platform/build-arm64-v8a/build/python-installs/khalajoybug/arm64-v8a/filetype-1.2.0.dist-info'...
Listing '/home/runner/work/Khala-joybug/Khala-joybug/.buildozer/android/platform/build-arm64-v8a/build/python-installs/khalajoybug/arm64-v8a/idna'...
Compiling '/home/runner/work/Khala-joybug/Khala-joybug/.buildozer/android/platform/build-arm64-v8a/build/python-installs/khalajoybug/arm64-v8a/idna/__init__.py'...
Compiling '/home/runner/work/Khala-joybug/Khala-joybug/.buildozer/android/platform/build-arm64-v8a/build/python-installs/khalajoybug/arm64-v8a/idna/__main__.py'...
Compiling '/home/runner/work/Khala-joybug/Khala-joybug/.buildozer/android/platform/build-arm64-v8a/build/python-installs/khalajoybug/arm64-v8a/idna/cli.py'...
Compiling '/home/runner/work/Khala-joybug/Khala-joybug/.buildozer/android/platform/build-arm64-v8a/build/python-installs/khalajoybug/arm64-v8a/idna/codec.py'...
Compiling '/home/runner/work/Khala-joybug/Khala-joybug/.buildozer/android/platform/build-arm64-v8a/build/python-installs/khalajoybug/arm64-v8a/idna/compat.py'...
Compiling '/home/runner/work/Khala-joybug/Khala-joybug/.buildozer/android/platform/build-arm64-v8a/build/python-installs/khalajoybug/arm64-v8a/idna/core.py'...
Compiling '/home/runner/work/Khala-joybug/Khala-joybug/.buildozer/android/platform/build-arm64-v8a/build/python-installs/khalajoybug/arm64-v8a/idna/idnadata.py'...
Compiling '/home/runner/work/Khala-joybug/Khala-joybug/.buildozer/android/platform/build-arm64-v8a/build/python-installs/khalajoybug/arm64-v8a/idna/intranges.py'...
Compiling '/home/runner/work/Khala-joybug/Khala-joybug/.buildozer/android/platform/build-arm64-v8a/build/python-installs/khalajoybug/arm64-v8a/idna/package_data.py'...
Compiling '/home/runner/work/Khala-joybug/Khala-joybug/.buildozer/android/platform/build-arm64-v8a/build/python-installs/khalajoybug/arm64-v8a/idna/uts46data.py'...
Listing '/home/runner/work/Khala-joybug/Khala-joybug/.buildozer/android/platform/build-arm64-v8a/build/python-installs/khalajoybug/arm64-v8a/idna-3.20.dist-info'...
Listing '/home/runner/work/Khala-joybug/Khala-joybug/.buildozer/android/platform/build-arm64-v8a/build/python-installs/khalajoybug/arm64-v8a/idna-3.20.dist-info/licenses'...
Listing '/home/runner/work/Khala-joybug/Khala-joybug/.buildozer/android/platform/build-arm64-v8a/build/python-installs/khalajoybug/arm64-v8a/jnius'...
Compiling '/home/runner/work/Khala-joybug/Khala-joybug/.buildozer/android/platform/build-arm64-v8a/build/python-installs/khalajoybug/arm64-v8a/jnius/__init__.py'...
Compiling '/home/runner/work/Khala-joybug/Khala-joybug/.buildozer/android/platform/build-arm64-v8a/build/python-installs/khalajoybug/arm64-v8a/jnius/env.py'...
Compiling '/home/runner/work/Khala-joybug/Khala-joybug/.buildozer/android/platform/build-arm64-v8a/build/python-installs/khalajoybug/arm64-v8a/jnius/reflect.py'...
Compiling '/home/runner/work/Khala-joybug/Khala-joybug/.buildozer/android/platform/build-arm64-v8a/build/python-installs/khalajoybug/arm64-v8a/jnius/signatures.py'...
Listing '/home/runner/work/Khala-joybug/Khala-joybug/.buildozer/android/platform/build-arm64-v8a/build/python-installs/khalajoybug/arm64-v8a/jnius/src'...
Listing '/home/runner/work/Khala-joybug/Khala-joybug/.buildozer/android/platform/build-arm64-v8a/build/python-installs/khalajoybug/arm64-v8a/jnius/src/org'...
Listing '/home/runner/work/Khala-joybug/Khala-joybug/.buildozer/android/platform/build-arm64-v8a/build/python-installs/khalajoybug/arm64-v8a/jnius/src/org/jnius'...
Compiling '/home/runner/work/Khala-joybug/Khala-joybug/.buildozer/android/platform/build-arm64-v8a/build/python-installs/khalajoybug/arm64-v8a/jnius_config.py'...
Listing '/home/runner/work/Khala-joybug/Khala-joybug/.buildozer/android/platform/build-arm64-v8a/build/python-installs/khalajoybug/arm64-v8a/kivy'...
Compiling '/home/runner/work/Khala-joybug/Khala-joybug/.buildozer/android/platform/build-arm64-v8a/build/python-installs/khalajoybug/arm64-v8a/kivy/__init__.py'...
Compiling '/home/runner/work/Khala-joybug/Khala-joybug/.buildozer/android/platform/build-arm64-v8a/build/python-installs/khalajoybug/arm64-v8a/kivy/_version.py'...
Compiling '/home/runner/work/Khala-joybug/Khala-joybug/.buildozer/android/platform/build-arm64-v8a/build/python-installs/khalajoybug/arm64-v8a/kivy/animation.py'...
Compiling '/home/runner/work/Khala-joybug/Khala-joybug/.buildozer/android/platform/build-arm64-v8a/build/python-installs/khalajoybug/arm64-v8a/kivy/app.py'...
Compiling '/home/runner/work/Khala-joybug/Khala-joybug/.buildozer/android/platform/build-arm64-v8a/build/python-installs/khalajoybug/arm64-v8a/kivy/atlas.py'...
Compiling '/home/runner/work/Khala-joybug/Khala-joybug/.buildozer/android/platform/build-arm64-v8a/build/python-installs/khalajoybug/arm64-v8a/kivy/base.py'...
Compiling '/home/runner/work/Khala-joybug/Khala-joybug/.buildozer/android/platform/build-arm64-v8a/build/python-installs/khalajoybug/arm64-v8a/kivy/cache.py'...
Compiling '/home/runner/work/Khala-joybug/Khala-joybug/.buildozer/android/platform/build-arm64-v8a/build/python-installs/khalajoybug/arm64-v8a/kivy/clock.py'...
Compiling '/home/runner/work/Khala-joybug/Khala-joybug/.buildozer/android/platform/build-arm64-v8a/build/python-installs/khalajoybug/arm64-v8a/kivy/compat.py'...
Compiling '/home/runner/work/Khala-joybug/Khala-joybug/.buildozer/android/platform/build-arm64-v8a/build/python-installs/khalajoybug/arm64-v8a/kivy/config.py'...
Compiling '/home/runner/work/Khala-joybug/Khala-joybug/.buildozer/android/platform/build-arm64-v8a/build/python-installs/khalajoybug/arm64-v8a/kivy/context.py'...
Listing '/home/runner/work/Khala-joybug/Khala-joybug/.buildozer/android/platform/build-arm64-v8a/build/python-installs/khalajoybug/arm64-v8a/kivy/core'...
Compiling '/home/runner/work/Khala-joybug/Khala-joybug/.buildozer/android/platform/build-arm64-v8a/build/python-installs/khalajoybug/arm64-v8a/kivy/core/__init__.py'...
Listing '/home/runner/work/Khala-joybug/Khala-joybug/.buildozer/android/platform/build-arm64-v8a/build/python-installs/khalajoybug/arm64-v8a/kivy/core/audio'...
Compiling '/home/runner/work/Khala-joybug/Khala-joybug/.buildozer/android/platform/build-arm64-v8a/build/python-installs/khalajoybug/arm64-v8a/kivy/core/audio/__init__.py'...
Compiling '/home/runner/work/Khala-joybug/Khala-joybug/.buildozer/android/platform/build-arm64-v8a/build/python-installs/khalajoybug/arm64-v8a/kivy/core/audio/audio_android.py'...
Compiling '/home/runner/work/Khala-joybug/Khala-joybug/.buildozer/android/platform/build-arm64-v8a/build/python-installs/khalajoybug/arm64-v8a/kivy/core/audio/audio_avplayer.py'...
Compiling '/home/runner/work/Khala-joybug/Khala-joybug/.buildozer/android/platform/build-arm64-v8a/build/python-installs/khalajoybug/arm64-v8a/kivy/core/audio/audio_ffpyplayer.py'...
Compiling '/home/runner/work/Khala-joybug/Khala-joybug/.buildozer/android/platform/build-arm64-v8a/build/python-installs/khalajoybug/arm64-v8a/kivy/core/audio/audio_gstplayer.py'...
Compiling '/home/runner/work/Khala-joybug/Khala-joybug/.buildozer/android/platform/build-arm64-v8a/build/python-installs/khalajoybug/arm64-v8a/kivy/core/audio/audio_pygame.py'...
Listing '/home/runner/work/Khala-joybug/Khala-joybug/.buildozer/android/platform/build-arm64-v8a/build/python-installs/khalajoybug/arm64-v8a/kivy/core/camera'...
Compiling '/home/runner/work/Khala-joybug/Khala-joybug/.buildozer/android/platform/build-arm64-v8a/build/python-installs/khalajoybug/arm64-v8a/kivy/core/camera/__init__.py'...
Compiling '/home/runner/work/Khala-joybug/Khala-joybug/.buildozer/android/platform/build-arm64-v8a/build/python-installs/khalajoybug/arm64-v8a/kivy/core/camera/camera_android.py'...
Compiling '/home/runner/work/Khala-joybug/Khala-joybug/.buildozer/android/platform/build-arm64-v8a/build/python-installs/khalajoybug/arm64-v8a/kivy/core/camera/camera_gi.py'...
Compiling '/home/runner/work/Khala-joybug/Khala-joybug/.buildozer/android/platform/build-arm64-v8a/build/python-installs/khalajoybug/arm64-v8a/kivy/core/camera/camera_opencv.py'...
Compiling '/home/runner/work/Khala-joybug/Khala-joybug/.buildozer/android/platform/build-arm64-v8a/build/python-installs/khalajoybug/arm64-v8a/kivy/core/camera/camera_picamera.py'...
Listing '/home/runner/work/Khala-joybug/Khala-joybug/.buildozer/android/platform/build-arm64-v8a/build/python-installs/khalajoybug/arm64-v8a/kivy/core/clipboard'...
Compiling '/home/runner/work/Khala-joybug/Khala-joybug/.buildozer/android/platform/build-arm64-v8a/build/python-installs/khalajoybug/arm64-v8a/kivy/core/clipboard/__init__.py'...
Compiling '/home/runner/work/Khala-joybug/Khala-joybug/.buildozer/android/platform/build-arm64-v8a/build/python-installs/khalajoybug/arm64-v8a/kivy/core/clipboard/_clipboard_ext.py'...
Compiling '/home/runner/work/Khala-joybug/Khala-joybug/.buildozer/android/platform/build-arm64-v8a/build/python-installs/khalajoybug/arm64-v8a/kivy/core/clipboard/clipboard_android.py'...
Compiling '/home/runner/work/Khala-joybug/Khala-joybug/.buildozer/android/platform/build-arm64-v8a/build/python-installs/khalajoybug/arm64-v8a/kivy/core/clipboard/clipboard_dbusklipper.py'...
Compiling '/home/runner/work/Khala-joybug/Khala-joybug/.buildozer/android/platform/build-arm64-v8a/build/python-installs/khalajoybug/arm64-v8a/kivy/core/clipboard/clipboard_dummy.py'...
Compiling '/home/runner/work/Khala-joybug/Khala-joybug/.buildozer/android/platform/build-arm64-v8a/build/python-installs/khalajoybug/arm64-v8a/kivy/core/clipboard/clipboard_gtk3.py'...
Compiling '/home/runner/work/Khala-joybug/Khala-joybug/.buildozer/android/platform/build-arm64-v8a/build/python-installs/khalajoybug/arm64-v8a/kivy/core/clipboard/clipboard_nspaste.py'...
Compiling '/home/runner/work/Khala-joybug/Khala-joybug/.buildozer/android/platform/build-arm64-v8a/build/python-installs/khalajoybug/arm64-v8a/kivy/core/clipboard/clipboard_pygame.py'...
Compiling '/home/runner/work/Khala-joybug/Khala-joybug/.buildozer/android/platform/build-arm64-v8a/build/python-installs/khalajoybug/arm64-v8a/kivy/core/clipboard/clipboard_sdl2.py'...
Compiling '/home/runner/work/Khala-joybug/Khala-joybug/.buildozer/android/platform/build-arm64-v8a/build/python-installs/khalajoybug/arm64-v8a/kivy/core/clipboard/clipboard_winctypes.py'...
Compiling '/home/runner/work/Khala-joybug/Khala-joybug/.buildozer/android/platform/build-arm64-v8a/build/python-installs/khalajoybug/arm64-v8a/kivy/core/clipboard/clipboard_xclip.py'...
Compiling '/home/runner/work/Khala-joybug/Khala-joybug/.buildozer/android/platform/build-arm64-v8a/build/python-installs/khalajoybug/arm64-v8a/kivy/core/clipboard/clipboard_xsel.py'...
Listing '/home/runner/work/Khala-joybug/Khala-joybug/.buildozer/android/platform/build-arm64-v8a/build/python-installs/khalajoybug/arm64-v8a/kivy/core/gl'...
Compiling '/home/runner/work/Khala-joybug/Khala-joybug/.buildozer/android/platform/build-arm64-v8a/build/python-installs/khalajoybug/arm64-v8a/kivy/core/gl/__init__.py'...
Listing '/home/runner/work/Khala-joybug/Khala-joybug/.buildozer/android/platform/build-arm64-v8a/build/python-installs/khalajoybug/arm64-v8a/kivy/core/image'...
Compiling '/home/runner/work/Khala-joybug/Khala-joybug/.buildozer/android/platform/build-arm64-v8a/build/python-installs/khalajoybug/arm64-v8a/kivy/core/image/__init__.py'...
Compiling '/home/runner/work/Khala-joybug/Khala-joybug/.buildozer/android/platform/build-arm64-v8a/build/python-installs/khalajoybug/arm64-v8a/kivy/core/image/img_dds.py'...
Compiling '/home/runner/work/Khala-joybug/Khala-joybug/.buildozer/android/platform/build-arm64-v8a/build/python-installs/khalajoybug/arm64-v8a/kivy/core/image/img_ffpyplayer.py'...
Compiling '/home/runner/work/Khala-joybug/Khala-joybug/.buildozer/android/platform/build-arm64-v8a/build/python-installs/khalajoybug/arm64-v8a/kivy/core/image/img_pil.py'...
Compiling '/home/runner/work/Khala-joybug/Khala-joybug/.buildozer/android/platform/build-arm64-v8a/build/python-installs/khalajoybug/arm64-v8a/kivy/core/image/img_pygame.py'...
Compiling '/home/runner/work/Khala-joybug/Khala-joybug/.buildozer/android/platform/build-arm64-v8a/build/python-installs/khalajoybug/arm64-v8a/kivy/core/image/img_sdl2.py'...
Compiling '/home/runner/work/Khala-joybug/Khala-joybug/.buildozer/android/platform/build-arm64-v8a/build/python-installs/khalajoybug/arm64-v8a/kivy/core/image/img_tex.py'...
Listing '/home/runner/work/Khala-joybug/Khala-joybug/.buildozer/android/platform/build-arm64-v8a/build/python-installs/khalajoybug/arm64-v8a/kivy/core/spelling'...
Compiling '/home/runner/work/Khala-joybug/Khala-joybug/.buildozer/android/platform/build-arm64-v8a/build/python-installs/khalajoybug/arm64-v8a/kivy/core/spelling/__init__.py'...
Compiling '/home/runner/work/Khala-joybug/Khala-joybug/.buildozer/android/platform/build-arm64-v8a/build/python-installs/khalajoybug/arm64-v8a/kivy/core/spelling/spelling_enchant.py'...
Compiling '/home/runner/work/Khala-joybug/Khala-joybug/.buildozer/android/platform/build-arm64-v8a/build/python-installs/khalajoybug/arm64-v8a/kivy/core/spelling/spelling_osxappkit.py'...
Listing '/home/runner/work/Khala-joybug/Khala-joybug/.buildozer/android/platform/build-arm64-v8a/build/python-installs/khalajoybug/arm64-v8a/kivy/core/text'...
Compiling '/home/runner/work/Khala-joybug/Khala-joybug/.buildozer/android/platform/build-arm64-v8a/build/python-installs/khalajoybug/arm64-v8a/kivy/core/text/__init__.py'...
Compiling '/home/runner/work/Khala-joybug/Khala-joybug/.buildozer/android/platform/build-arm64-v8a/build/python-installs/khalajoybug/arm64-v8a/kivy/core/text/markup.py'...
Compiling '/home/runner/work/Khala-joybug/Khala-joybug/.buildozer/android/platform/build-arm64-v8a/build/python-installs/khalajoybug/arm64-v8a/kivy/core/text/text_pango.py'...
Compiling '/home/runner/work/Khala-joybug/Khala-joybug/.buildozer/android/platform/build-arm64-v8a/build/python-installs/khalajoybug/arm64-v8a/kivy/core/text/text_pil.py'...
Compiling '/home/runner/work/Khala-joybug/Khala-joybug/.buildozer/android/platform/build-arm64-v8a/build/python-installs/khalajoybug/arm64-v8a/kivy/core/text/text_pygame.py'...
Compiling '/home/runner/work/Khala-joybug/Khala-joybug/.buildozer/android/platform/build-arm64-v8a/build/python-installs/khalajoybug/arm64-v8a/kivy/core/text/text_sdl2.py'...
Listing '/home/runner/work/Khala-joybug/Khala-joybug/.buildozer/android/platform/build-arm64-v8a/build/python-installs/khalajoybug/arm64-v8a/kivy/core/video'...
Compiling '/home/runner/work/Khala-joybug/Khala-joybug/.buildozer/android/platform/build-arm64-v8a/build/python-installs/khalajoybug/arm64-v8a/kivy/core/video/__init__.py'...
Compiling '/home/runner/work/Khala-joybug/Khala-joybug/.buildozer/android/platform/build-arm64-v8a/build/python-installs/khalajoybug/arm64-v8a/kivy/core/video/video_ffmpeg.py'...
Compiling '/home/runner/work/Khala-joybug/Khala-joybug/.buildozer/android/platform/build-arm64-v8a/build/python-installs/khalajoybug/arm64-v8a/kivy/core/video/video_ffpyplayer.py'...
Compiling '/home/runner/work/Khala-joybug/Khala-joybug/.buildozer/android/platform/build-arm64-v8a/build/python-installs/khalajoybug/arm64-v8a/kivy/core/video/video_gstplayer.py'...
Compiling '/home/runner/work/Khala-joybug/Khala-joybug/.buildozer/android/platform/build-arm64-v8a/build/python-installs/khalajoybug/arm64-v8a/kivy/core/video/video_null.py'...
Listing '/home/runner/work/Khala-joybug/Khala-joybug/.buildozer/android/platform/build-arm64-v8a/build/python-installs/khalajoybug/arm64-v8a/kivy/core/window'...
Compiling '/home/runner/work/Khala-joybug/Khala-joybug/.buildozer/android/platform/build-arm64-v8a/build/python-installs/khalajoybug/arm64-v8a/kivy/core/window/__init__.py'...
Compiling '/home/runner/work/Khala-joybug/Khala-joybug/.buildozer/android/platform/build-arm64-v8a/build/python-installs/khalajoybug/arm64-v8a/kivy/core/window/window_egl_rpi.py'...
Compiling '/home/runner/work/Khala-joybug/Khala-joybug/.buildozer/android/platform/build-arm64-v8a/build/python-installs/khalajoybug/arm64-v8a/kivy/core/window/window_pygame.py'...
Compiling '/home/runner/work/Khala-joybug/Khala-joybug/.buildozer/android/platform/build-arm64-v8a/build/python-installs/khalajoybug/arm64-v8a/kivy/core/window/window_sdl2.py'...
Listing '/home/runner/work/Khala-joybug/Khala-joybug/.buildozer/android/platform/build-arm64-v8a/build/python-installs/khalajoybug/arm64-v8a/kivy/data'...
Listing '/home/runner/work/Khala-joybug/Khala-joybug/.buildozer/android/platform/build-arm64-v8a/build/python-installs/khalajoybug/arm64-v8a/kivy/data/fonts'...
Listing '/home/runner/work/Khala-joybug/Khala-joybug/.buildozer/android/platform/build-arm64-v8a/build/python-installs/khalajoybug/arm64-v8a/kivy/data/glsl'...
Listing '/home/runner/work/Khala-joybug/Khala-joybug/.buildozer/android/platform/build-arm64-v8a/build/python-installs/khalajoybug/arm64-v8a/kivy/data/images'...
Listing '/home/runner/work/Khala-joybug/Khala-joybug/.buildozer/android/platform/build-arm64-v8a/build/python-installs/khalajoybug/arm64-v8a/kivy/data/keyboards'...
Listing '/home/runner/work/Khala-joybug/Khala-joybug/.buildozer/android/platform/build-arm64-v8a/build/python-installs/khalajoybug/arm64-v8a/kivy/data/logo'...
Listing '/home/runner/work/Khala-joybug/Khala-joybug/.buildozer/android/platform/build-arm64-v8a/build/python-installs/khalajoybug/arm64-v8a/kivy/deps'...
Compiling '/home/runner/work/Khala-joybug/Khala-joybug/.buildozer/android/platform/build-arm64-v8a/build/python-installs/khalajoybug/arm64-v8a/kivy/deps/__init__.py'...
Listing '/home/runner/work/Khala-joybug/Khala-joybug/.buildozer/android/platform/build-arm64-v8a/build/python-installs/khalajoybug/arm64-v8a/kivy/effects'...
Compiling '/home/runner/work/Khala-joybug/Khala-joybug/.buildozer/android/platform/build-arm64-v8a/build/python-installs/khalajoybug/arm64-v8a/kivy/effects/__init__.py'...
Compiling '/home/runner/work/Khala-joybug/Khala-joybug/.buildozer/android/platform/build-arm64-v8a/build/python-installs/khalajoybug/arm64-v8a/kivy/effects/dampedscroll.py'...
Compiling '/home/runner/work/Khala-joybug/Khala-joybug/.buildozer/android/platform/build-arm64-v8a/build/python-installs/khalajoybug/arm64-v8a/kivy/effects/kinetic.py'...
Compiling '/home/runner/work/Khala-joybug/Khala-joybug/.buildozer/android/platform/build-arm64-v8a/build/python-installs/khalajoybug/arm64-v8a/kivy/effects/opacityscroll.py'...
Compiling '/home/runner/work/Khala-joybug/Khala-joybug/.buildozer/android/platform/build-arm64-v8a/build/python-installs/khalajoybug/arm64-v8a/kivy/effects/scroll.py'...
Compiling '/home/runner/work/Khala-joybug/Khala-joybug/.buildozer/android/platform/build-arm64-v8a/build/python-installs/khalajoybug/arm64-v8a/kivy/event.py'...
Listing '/home/runner/work/Khala-joybug/Khala-joybug/.buildozer/android/platform/build-arm64-v8a/build/python-installs/khalajoybug/arm64-v8a/kivy/eventmanager'...
Compiling '/home/runner/work/Khala-joybug/Khala-joybug/.buildozer/android/platform/build-arm64-v8a/build/python-installs/khalajoybug/arm64-v8a/kivy/eventmanager/__init__.py'...
Listing '/home/runner/work/Khala-joybug/Khala-joybug/.buildozer/android/platform/build-arm64-v8a/build/python-installs/khalajoybug/arm64-v8a/kivy/extras'...
Compiling '/home/runner/work/Khala-joybug/Khala-joybug/.buildozer/android/platform/build-arm64-v8a/build/python-installs/khalajoybug/arm64-v8a/kivy/extras/__init__.py'...
Compiling '/home/runner/work/Khala-joybug/Khala-joybug/.buildozer/android/platform/build-arm64-v8a/build/python-installs/khalajoybug/arm64-v8a/kivy/extras/highlight.py'...
Compiling '/home/runner/work/Khala-joybug/Khala-joybug/.buildozer/android/platform/build-arm64-v8a/build/python-installs/khalajoybug/arm64-v8a/kivy/factory.py'...
Compiling '/home/runner/work/Khala-joybug/Khala-joybug/.buildozer/android/platform/build-arm64-v8a/build/python-installs/khalajoybug/arm64-v8a/kivy/factory_registers.py'...
Listing '/home/runner/work/Khala-joybug/Khala-joybug/.buildozer/android/platform/build-arm64-v8a/build/python-installs/khalajoybug/arm64-v8a/kivy/garden'...
Compiling '/home/runner/work/Khala-joybug/Khala-joybug/.buildozer/android/platform/build-arm64-v8a/build/python-installs/khalajoybug/arm64-v8a/kivy/garden/__init__.py'...
Compiling '/home/runner/work/Khala-joybug/Khala-joybug/.buildozer/android/platform/build-arm64-v8a/build/python-installs/khalajoybug/arm64-v8a/kivy/geometry.py'...
Compiling '/home/runner/work/Khala-joybug/Khala-joybug/.buildozer/android/platform/build-arm64-v8a/build/python-installs/khalajoybug/arm64-v8a/kivy/gesture.py'...
Listing '/home/runner/work/Khala-joybug/Khala-joybug/.buildozer/android/platform/build-arm64-v8a/build/python-installs/khalajoybug/arm64-v8a/kivy/graphics'...
Compiling '/home/runner/work/Khala-joybug/Khala-joybug/.buildozer/android/platform/build-arm64-v8a/build/python-installs/khalajoybug/arm64-v8a/kivy/graphics/__init__.py'...
Listing '/home/runner/work/Khala-joybug/Khala-joybug/.buildozer/android/platform/build-arm64-v8a/build/python-installs/khalajoybug/arm64-v8a/kivy/graphics/cgl_backend'...
Compiling '/home/runner/work/Khala-joybug/Khala-joybug/.buildozer/android/platform/build-arm64-v8a/build/python-installs/khalajoybug/arm64-v8a/kivy/graphics/cgl_backend/__init__.py'...
Listing '/home/runner/work/Khala-joybug/Khala-joybug/.buildozer/android/platform/build-arm64-v8a/build/python-installs/khalajoybug/arm64-v8a/kivy/include'...
Listing '/home/runner/work/Khala-joybug/Khala-joybug/.buildozer/android/platform/build-arm64-v8a/build/python-installs/khalajoybug/arm64-v8a/kivy/input'...
Compiling '/home/runner/work/Khala-joybug/Khala-joybug/.buildozer/android/platform/build-arm64-v8a/build/python-installs/khalajoybug/arm64-v8a/kivy/input/__init__.py'...
Compiling '/home/runner/work/Khala-joybug/Khala-joybug/.buildozer/android/platform/build-arm64-v8a/build/python-installs/khalajoybug/arm64-v8a/kivy/input/factory.py'...
Compiling '/home/runner/work/Khala-joybug/Khala-joybug/.buildozer/android/platform/build-arm64-v8a/build/python-installs/khalajoybug/arm64-v8a/kivy/input/motionevent.py'...
Listing '/home/runner/work/Khala-joybug/Khala-joybug/.buildozer/android/platform/build-arm64-v8a/build/python-installs/khalajoybug/arm64-v8a/kivy/input/postproc'...
Compiling '/home/runner/work/Khala-joybug/Khala-joybug/.buildozer/android/platform/build-arm64-v8a/build/python-installs/khalajoybug/arm64-v8a/kivy/input/postproc/__init__.py'...
Compiling '/home/runner/work/Khala-joybug/Khala-joybug/.buildozer/android/platform/build-arm64-v8a/build/python-installs/khalajoybug/arm64-v8a/kivy/input/postproc/calibration.py'...
Compiling '/home/runner/work/Khala-joybug/Khala-joybug/.buildozer/android/platform/build-arm64-v8a/build/python-installs/khalajoybug/arm64-v8a/kivy/input/postproc/dejitter.py'...
Compiling '/home/runner/work/Khala-joybug/Khala-joybug/.buildozer/android/platform/build-arm64-v8a/build/python-installs/khalajoybug/arm64-v8a/kivy/input/postproc/doubletap.py'...
Compiling '/home/runner/work/Khala-joybug/Khala-joybug/.buildozer/android/platform/build-arm64-v8a/build/python-installs/khalajoybug/arm64-v8a/kivy/input/postproc/ignorelist.py'...
Compiling '/home/runner/work/Khala-joybug/Khala-joybug/.buildozer/android/platform/build-arm64-v8a/build/python-installs/khalajoybug/arm64-v8a/kivy/input/postproc/retaintouch.py'...
Compiling '/home/runner/work/Khala-joybug/Khala-joybug/.buildozer/android/platform/build-arm64-v8a/build/python-installs/khalajoybug/arm64-v8a/kivy/input/postproc/tripletap.py'...
Compiling '/home/runner/work/Khala-joybug/Khala-joybug/.buildozer/android/platform/build-arm64-v8a/build/python-installs/khalajoybug/arm64-v8a/kivy/input/provider.py'...
Listing '/home/runner/work/Khala-joybug/Khala-joybug/.buildozer/android/platform/build-arm64-v8a/build/python-installs/khalajoybug/arm64-v8a/kivy/input/providers'...
Compiling '/home/runner/work/Khala-joybug/Khala-joybug/.buildozer/android/platform/build-arm64-v8a/build/python-installs/khalajoybug/arm64-v8a/kivy/input/providers/__init__.py'...
Compiling '/home/runner/work/Khala-joybug/Khala-joybug/.buildozer/android/platform/build-arm64-v8a/build/python-installs/khalajoybug/arm64-v8a/kivy/input/providers/androidjoystick.py'...
Compiling '/home/runner/work/Khala-joybug/Khala-joybug/.buildozer/android/platform/build-arm64-v8a/build/python-installs/khalajoybug/arm64-v8a/kivy/input/providers/hidinput.py'...
Compiling '/home/runner/work/Khala-joybug/Khala-joybug/.buildozer/android/platform/build-arm64-v8a/build/python-installs/khalajoybug/arm64-v8a/kivy/input/providers/leapfinger.py'...
Compiling '/home/runner/work/Khala-joybug/Khala-joybug/.buildozer/android/platform/build-arm64-v8a/build/python-installs/khalajoybug/arm64-v8a/kivy/input/providers/linuxwacom.py'...
Compiling '/home/runner/work/Khala-joybug/Khala-joybug/.buildozer/android/platform/build-arm64-v8a/build/python-installs/khalajoybug/arm64-v8a/kivy/input/providers/mactouch.py'...
Compiling '/home/runner/work/Khala-joybug/Khala-joybug/.buildozer/android/platform/build-arm64-v8a/build/python-installs/khalajoybug/arm64-v8a/kivy/input/providers/mouse.py'...
Compiling '/home/runner/work/Khala-joybug/Khala-joybug/.buildozer/android/platform/build-arm64-v8a/build/python-installs/khalajoybug/arm64-v8a/kivy/input/providers/mtdev.py'...
Compiling '/home/runner/work/Khala-joybug/Khala-joybug/.buildozer/android/platform/build-arm64-v8a/build/python-installs/khalajoybug/arm64-v8a/kivy/input/providers/probesysfs.py'...
Compiling '/home/runner/work/Khala-joybug/Khala-joybug/.buildozer/android/platform/build-arm64-v8a/build/python-installs/khalajoybug/arm64-v8a/kivy/input/providers/tuio.py'...
Compiling '/home/runner/work/Khala-joybug/Khala-joybug/.buildozer/android/platform/build-arm64-v8a/build/python-installs/khalajoybug/arm64-v8a/kivy/input/providers/wm_common.py'...
Compiling '/home/runner/work/Khala-joybug/Khala-joybug/.buildozer/android/platform/build-arm64-v8a/build/python-installs/khalajoybug/arm64-v8a/kivy/input/providers/wm_pen.py'...
Compiling '/home/runner/work/Khala-joybug/Khala-joybug/.buildozer/android/platform/build-arm64-v8a/build/python-installs/khalajoybug/arm64-v8a/kivy/input/providers/wm_touch.py'...
Compiling '/home/runner/work/Khala-joybug/Khala-joybug/.buildozer/android/platform/build-arm64-v8a/build/python-installs/khalajoybug/arm64-v8a/kivy/input/recorder.py'...
Compiling '/home/runner/work/Khala-joybug/Khala-joybug/.buildozer/android/platform/build-arm64-v8a/build/python-installs/khalajoybug/arm64-v8a/kivy/input/shape.py'...
Compiling '/home/runner/work/Khala-joybug/Khala-joybug/.buildozer/android/platform/build-arm64-v8a/build/python-installs/khalajoybug/arm64-v8a/kivy/interactive.py'...
Listing '/home/runner/work/Khala-joybug/Khala-joybug/.buildozer/android/platform/build-arm64-v8a/build/python-installs/khalajoybug/arm64-v8a/kivy/lang'...
Compiling '/home/runner/work/Khala-joybug/Khala-joybug/.buildozer/android/platform/build-arm64-v8a/build/python-installs/khalajoybug/arm64-v8a/kivy/lang/__init__.py'...
Compiling '/home/runner/work/Khala-joybug/Khala-joybug/.buildozer/android/platform/build-arm64-v8a/build/python-installs/khalajoybug/arm64-v8a/kivy/lang/builder.py'...
Compiling '/home/runner/work/Khala-joybug/Khala-joybug/.buildozer/android/platform/build-arm64-v8a/build/python-installs/khalajoybug/arm64-v8a/kivy/lang/parser.py'...
Listing '/home/runner/work/Khala-joybug/Khala-joybug/.buildozer/android/platform/build-arm64-v8a/build/python-installs/khalajoybug/arm64-v8a/kivy/lib'...
Compiling '/home/runner/work/Khala-joybug/Khala-joybug/.buildozer/android/platform/build-arm64-v8a/build/python-installs/khalajoybug/arm64-v8a/kivy/lib/__init__.py'...
Compiling '/home/runner/work/Khala-joybug/Khala-joybug/.buildozer/android/platform/build-arm64-v8a/build/python-installs/khalajoybug/arm64-v8a/kivy/lib/ddsfile.py'...
Listing '/home/runner/work/Khala-joybug/Khala-joybug/.buildozer/android/platform/build-arm64-v8a/build/python-installs/khalajoybug/arm64-v8a/kivy/lib/gstplayer'...
Compiling '/home/runner/work/Khala-joybug/Khala-joybug/.buildozer/android/platform/build-arm64-v8a/build/python-installs/khalajoybug/arm64-v8a/kivy/lib/gstplayer/__init__.py'...
Compiling '/home/runner/work/Khala-joybug/Khala-joybug/.buildozer/android/platform/build-arm64-v8a/build/python-installs/khalajoybug/arm64-v8a/kivy/lib/mtdev.py'...
Listing '/home/runner/work/Khala-joybug/Khala-joybug/.buildozer/android/platform/build-arm64-v8a/build/python-installs/khalajoybug/arm64-v8a/kivy/lib/pango'...
Listing '/home/runner/work/Khala-joybug/Khala-joybug/.buildozer/android/platform/build-arm64-v8a/build/python-installs/khalajoybug/arm64-v8a/kivy/lib/vidcore_lite'...
Compiling '/home/runner/work/Khala-joybug/Khala-joybug/.buildozer/android/platform/build-arm64-v8a/build/python-installs/khalajoybug/arm64-v8a/kivy/lib/vidcore_lite/__init__.py'...
Compiling '/home/runner/work/Khala-joybug/Khala-joybug/.buildozer/android/platform/build-arm64-v8a/build/python-installs/khalajoybug/arm64-v8a/kivy/loader.py'...
Compiling '/home/runner/work/Khala-joybug/Khala-joybug/.buildozer/android/platform/build-arm64-v8a/build/python-installs/khalajoybug/arm64-v8a/kivy/logger.py'...
Compiling '/home/runner/work/Khala-joybug/Khala-joybug/.buildozer/android/platform/build-arm64-v8a/build/python-installs/khalajoybug/arm64-v8a/kivy/metrics.py'...
Listing '/home/runner/work/Khala-joybug/Khala-joybug/.buildozer/android/platform/build-arm64-v8a/build/python-installs/khalajoybug/arm64-v8a/kivy/modules'...
Compiling '/home/runner/work/Khala-joybug/Khala-joybug/.buildozer/android/platform/build-arm64-v8a/build/python-installs/khalajoybug/arm64-v8a/kivy/modules/__init__.py'...
Compiling '/home/runner/work/Khala-joybug/Khala-joybug/.buildozer/android/platform/build-arm64-v8a/build/python-installs/khalajoybug/arm64-v8a/kivy/modules/_webdebugger.py'...
Compiling '/home/runner/work/Khala-joybug/Khala-joybug/.buildozer/android/platform/build-arm64-v8a/build/python-installs/khalajoybug/arm64-v8a/kivy/modules/console.py'...
Compiling '/home/runner/work/Khala-joybug/Khala-joybug/.buildozer/android/platform/build-arm64-v8a/build/python-installs/khalajoybug/arm64-v8a/kivy/modules/cursor.py'...
Compiling '/home/runner/work/Khala-joybug/Khala-joybug/.buildozer/android/platform/build-arm64-v8a/build/python-installs/khalajoybug/arm64-v8a/kivy/modules/inspector.py'...
Compiling '/home/runner/work/Khala-joybug/Khala-joybug/.buildozer/android/platform/build-arm64-v8a/build/python-installs/khalajoybug/arm64-v8a/kivy/modules/joycursor.py'...
Compiling '/home/runner/work/Khala-joybug/Khala-joybug/.buildozer/android/platform/build-arm64-v8a/build/python-installs/khalajoybug/arm64-v8a/kivy/modules/keybinding.py'...
Compiling '/home/runner/work/Khala-joybug/Khala-joybug/.buildozer/android/platform/build-arm64-v8a/build/python-installs/khalajoybug/arm64-v8a/kivy/modules/monitor.py'...
Compiling '/home/runner/work/Khala-joybug/Khala-joybug/.buildozer/android/platform/build-arm64-v8a/build/python-installs/khalajoybug/arm64-v8a/kivy/modules/recorder.py'...
Compiling '/home/runner/work/Khala-joybug/Khala-joybug/.buildozer/android/platform/build-arm64-v8a/build/python-installs/khalajoybug/arm64-v8a/kivy/modules/screen.py'...
Compiling '/home/runner/work/Khala-joybug/Khala-joybug/.buildozer/android/platform/build-arm64-v8a/build/python-installs/khalajoybug/arm64-v8a/kivy/modules/showborder.py'...
Compiling '/home/runner/work/Khala-joybug/Khala-joybug/.buildozer/android/platform/build-arm64-v8a/build/python-installs/khalajoybug/arm64-v8a/kivy/modules/touchring.py'...
Compiling '/home/runner/work/Khala-joybug/Khala-joybug/.buildozer/android/platform/build-arm64-v8a/build/python-installs/khalajoybug/arm64-v8a/kivy/modules/webdebugger.py'...
Compiling '/home/runner/work/Khala-joybug/Khala-joybug/.buildozer/android/platform/build-arm64-v8a/build/python-installs/khalajoybug/arm64-v8a/kivy/multistroke.py'...
Listing '/home/runner/work/Khala-joybug/Khala-joybug/.buildozer/android/platform/build-arm64-v8a/build/python-installs/khalajoybug/arm64-v8a/kivy/network'...
Compiling '/home/runner/work/Khala-joybug/Khala-joybug/.buildozer/android/platform/build-arm64-v8a/build/python-installs/khalajoybug/arm64-v8a/kivy/network/__init__.py'...
Compiling '/home/runner/work/Khala-joybug/Khala-joybug/.buildozer/android/platform/build-arm64-v8a/build/python-installs/khalajoybug/arm64-v8a/kivy/network/urlrequest.py'...
Compiling '/home/runner/work/Khala-joybug/Khala-joybug/.buildozer/android/platform/build-arm64-v8a/build/python-installs/khalajoybug/arm64-v8a/kivy/parser.py'...
Compiling '/home/runner/work/Khala-joybug/Khala-joybug/.buildozer/android/platform/build-arm64-v8a/build/python-installs/khalajoybug/arm64-v8a/kivy/resources.py'...
Compiling '/home/runner/work/Khala-joybug/Khala-joybug/.buildozer/android/platform/build-arm64-v8a/build/python-installs/khalajoybug/arm64-v8a/kivy/setupconfig.py'...
Listing '/home/runner/work/Khala-joybug/Khala-joybug/.buildozer/android/platform/build-arm64-v8a/build/python-installs/khalajoybug/arm64-v8a/kivy/storage'...
Compiling '/home/runner/work/Khala-joybug/Khala-joybug/.buildozer/android/platform/build-arm64-v8a/build/python-installs/khalajoybug/arm64-v8a/kivy/storage/__init__.py'...
Compiling '/home/runner/work/Khala-joybug/Khala-joybug/.buildozer/android/platform/build-arm64-v8a/build/python-installs/khalajoybug/arm64-v8a/kivy/storage/dictstore.py'...
Compiling '/home/runner/work/Khala-joybug/Khala-joybug/.buildozer/android/platform/build-arm64-v8a/build/python-installs/khalajoybug/arm64-v8a/kivy/storage/jsonstore.py'...
Compiling '/home/runner/work/Khala-joybug/Khala-joybug/.buildozer/android/platform/build-arm64-v8a/build/python-installs/khalajoybug/arm64-v8a/kivy/storage/redisstore.py'...
Compiling '/home/runner/work/Khala-joybug/Khala-joybug/.buildozer/android/platform/build-arm64-v8a/build/python-installs/khalajoybug/arm64-v8a/kivy/support.py'...
Listing '/home/runner/work/Khala-joybug/Khala-joybug/.buildozer/android/platform/build-arm64-v8a/build/python-installs/khalajoybug/arm64-v8a/kivy/tests'...
Compiling '/home/runner/work/Khala-joybug/Khala-joybug/.buildozer/android/platform/build-arm64-v8a/build/python-installs/khalajoybug/arm64-v8a/kivy/tests/__init__.py'...
Compiling '/home/runner/work/Khala-joybug/Khala-joybug/.buildozer/android/platform/build-arm64-v8a/build/python-installs/khalajoybug/arm64-v8a/kivy/tests/async_common.py'...
Compiling '/home/runner/work/Khala-joybug/Khala-joybug/.buildozer/android/platform/build-arm64-v8a/build/python-installs/khalajoybug/arm64-v8a/kivy/tests/common.py'...
Compiling '/home/runner/work/Khala-joybug/Khala-joybug/.buildozer/android/platform/build-arm64-v8a/build/python-installs/khalajoybug/arm64-v8a/kivy/tests/conftest.py'...
Listing '/home/runner/work/Khala-joybug/Khala-joybug/.buildozer/android/platform/build-arm64-v8a/build/python-installs/khalajoybug/arm64-v8a/kivy/tests/data'...
Compiling '/home/runner/work/Khala-joybug/Khala-joybug/.buildozer/android/platform/build-arm64-v8a/build/python-installs/khalajoybug/arm64-v8a/kivy/tests/fixtures.py'...
Compiling '/home/runner/work/Khala-joybug/Khala-joybug/.buildozer/android/platform/build-arm64-v8a/build/python-installs/khalajoybug/arm64-v8a/kivy/tests/perf_test_textinput.py'...
Listing '/home/runner/work/Khala-joybug/Khala-joybug/.buildozer/android/platform/build-arm64-v8a/build/python-installs/khalajoybug/arm64-v8a/kivy/tests/pyinstaller'...
Listing '/home/runner/work/Khala-joybug/Khala-joybug/.buildozer/android/platform/build-arm64-v8a/build/python-installs/khalajoybug/arm64-v8a/kivy/tests/pyinstaller/simple_widget'...
Compiling '/home/runner/work/Khala-joybug/Khala-joybug/.buildozer/android/platform/build-arm64-v8a/build/python-installs/khalajoybug/arm64-v8a/kivy/tests/pyinstaller/simple_widget/main.py'...
Listing '/home/runner/work/Khala-joybug/Khala-joybug/.buildozer/android/platform/build-arm64-v8a/build/python-installs/khalajoybug/arm64-v8a/kivy/tests/pyinstaller/simple_widget/project'...
Compiling '/home/runner/work/Khala-joybug/Khala-joybug/.buildozer/android/platform/build-arm64-v8a/build/python-installs/khalajoybug/arm64-v8a/kivy/tests/pyinstaller/simple_widget/project/__init__.py'...
Compiling '/home/runner/work/Khala-joybug/Khala-joybug/.buildozer/android/platform/build-arm64-v8a/build/python-installs/khalajoybug/arm64-v8a/kivy/tests/pyinstaller/simple_widget/project/widget.py'...
Compiling '/home/runner/work/Khala-joybug/Khala-joybug/.buildozer/android/platform/build-arm64-v8a/build/python-installs/khalajoybug/arm64-v8a/kivy/tests/pyinstaller/test_pyinstaller.py'...
Listing '/home/runner/work/Khala-joybug/Khala-joybug/.buildozer/android/platform/build-arm64-v8a/build/python-installs/khalajoybug/arm64-v8a/kivy/tests/pyinstaller/video_widget'...
Compiling '/home/runner/work/Khala-joybug/Khala-joybug/.buildozer/android/platform/build-arm64-v8a/build/python-installs/khalajoybug/arm64-v8a/kivy/tests/pyinstaller/video_widget/main.py'...
Listing '/home/runner/work/Khala-joybug/Khala-joybug/.buildozer/android/platform/build-arm64-v8a/build/python-installs/khalajoybug/arm64-v8a/kivy/tests/pyinstaller/video_widget/project'...
Compiling '/home/runner/work/Khala-joybug/Khala-joybug/.buildozer/android/platform/build-arm64-v8a/build/python-installs/khalajoybug/arm64-v8a/kivy/tests/pyinstaller/video_widget/project/__init__.py'...
Compiling '/home/runner/work/Khala-joybug/Khala-joybug/.buildozer/android/platform/build-arm64-v8a/build/python-installs/khalajoybug/arm64-v8a/kivy/tests/test_animations.py'...
Compiling '/home/runner/work/Khala-joybug/Khala-joybug/.buildozer/android/platform/build-arm64-v8a/build/python-installs/khalajoybug/arm64-v8a/kivy/tests/test_app.py'...
Compiling '/home/runner/work/Khala-joybug/Khala-joybug/.buildozer/android/platform/build-arm64-v8a/build/python-installs/khalajoybug/arm64-v8a/kivy/tests/test_audio.py'...
Compiling '/home/runner/work/Khala-joybug/Khala-joybug/.buildozer/android/platform/build-arm64-v8a/build/python-installs/khalajoybug/arm64-v8a/kivy/tests/test_benchmark.py'...
Compiling '/home/runner/work/Khala-joybug/Khala-joybug/.buildozer/android/platform/build-arm64-v8a/build/python-installs/khalajoybug/arm64-v8a/kivy/tests/test_clipboard.py'...
Compiling '/home/runner/work/Khala-joybug/Khala-joybug/.buildozer/android/platform/build-arm64-v8a/build/python-installs/khalajoybug/arm64-v8a/kivy/tests/test_clock.py'...
Compiling '/home/runner/work/Khala-joybug/Khala-joybug/.buildozer/android/platform/build-arm64-v8a/build/python-installs/khalajoybug/arm64-v8a/kivy/tests/test_compat.py'...
Compiling '/home/runner/work/Khala-joybug/Khala-joybug/.buildozer/android/platform/build-arm64-v8a/build/python-installs/khalajoybug/arm64-v8a/kivy/tests/test_config.py'...
Compiling '/home/runner/work/Khala-joybug/Khala-joybug/.buildozer/android/platform/build-arm64-v8a/build/python-installs/khalajoybug/arm64-v8a/kivy/tests/test_coverage.py'...
Compiling '/home/runner/work/Khala-joybug/Khala-joybug/.buildozer/android/platform/build-arm64-v8a/build/python-installs/khalajoybug/arm64-v8a/kivy/tests/test_doc_gallery.py'...
Compiling '/home/runner/work/Khala-joybug/Khala-joybug/.buildozer/android/platform/build-arm64-v8a/build/python-installs/khalajoybug/arm64-v8a/kivy/tests/test_environ_cli.py'...
Compiling '/home/runner/work/Khala-joybug/Khala-joybug/.buildozer/android/platform/build-arm64-v8a/build/python-installs/khalajoybug/arm64-v8a/kivy/tests/test_fbo_py2py3.py'...
Compiling '/home/runner/work/Khala-joybug/Khala-joybug/.buildozer/android/platform/build-arm64-v8a/build/python-installs/khalajoybug/arm64-v8a/kivy/tests/test_filechooser.py'...
Compiling '/home/runner/work/Khala-joybug/Khala-joybug/.buildozer/android/platform/build-arm64-v8a/build/python-installs/khalajoybug/arm64-v8a/kivy/tests/test_filechooser_unicode.py'...
Compiling '/home/runner/work/Khala-joybug/Khala-joybug/.buildozer/android/platform/build-arm64-v8a/build/python-installs/khalajoybug/arm64-v8a/kivy/tests/test_fonts.py'...
Compiling '/home/runner/work/Khala-joybug/Khala-joybug/.buildozer/android/platform/build-arm64-v8a/build/python-installs/khalajoybug/arm64-v8a/kivy/tests/test_garden.py'...
Compiling '/home/runner/work/Khala-joybug/Khala-joybug/.buildozer/android/platform/build-arm64-v8a/build/python-installs/khalajoybug/arm64-v8a/kivy/tests/test_graphics.py'...
Compiling '/home/runner/work/Khala-joybug/Khala-joybug/.buildozer/android/platform/build-arm64-v8a/build/python-installs/khalajoybug/arm64-v8a/kivy/tests/test_graphics_svg.py'...
Compiling '/home/runner/work/Khala-joybug/Khala-joybug/.buildozer/android/platform/build-arm64-v8a/build/python-installs/khalajoybug/arm64-v8a/kivy/tests/test_image.py'...
Compiling '/home/runner/work/Khala-joybug/Khala-joybug/.buildozer/android/platform/build-arm64-v8a/build/python-installs/khalajoybug/arm64-v8a/kivy/tests/test_imageloader.py'...
Compiling '/home/runner/work/Khala-joybug/Khala-joybug/.buildozer/android/platform/build-arm64-v8a/build/python-installs/khalajoybug/arm64-v8a/kivy/tests/test_invalid_lang.py'...
Listing '/home/runner/work/Khala-joybug/Khala-joybug/.buildozer/android/platform/build-arm64-v8a/build/python-installs/khalajoybug/arm64-v8a/kivy/tests/test_issues'...
Compiling '/home/runner/work/Khala-joybug/Khala-joybug/.buildozer/android/platform/build-arm64-v8a/build/python-installs/khalajoybug/arm64-v8a/kivy/tests/test_issues/test_6315.py'...
Compiling '/home/runner/work/Khala-joybug/Khala-joybug/.buildozer/android/platform/build-arm64-v8a/build/python-installs/khalajoybug/arm64-v8a/kivy/tests/test_issues/test_issue_1084.py'...
Compiling '/home/runner/work/Khala-joybug/Khala-joybug/.buildozer/android/platform/build-arm64-v8a/build/python-installs/khalajoybug/arm64-v8a/kivy/tests/test_issues/test_issue_1091.py'...
Compiling '/home/runner/work/Khala-joybug/Khala-joybug/.buildozer/android/platform/build-arm64-v8a/build/python-installs/khalajoybug/arm64-v8a/kivy/tests/test_issues/test_issue_599.py'...
Compiling '/home/runner/work/Khala-joybug/Khala-joybug/.buildozer/android/platform/build-arm64-v8a/build/python-installs/khalajoybug/arm64-v8a/kivy/tests/test_issues/test_issue_609.py'...
Compiling '/home/runner/work/Khala-joybug/Khala-joybug/.buildozer/android/platform/build-arm64-v8a/build/python-installs/khalajoybug/arm64-v8a/kivy/tests/test_issues/test_issue_6909.py'...
Compiling '/home/runner/work/Khala-joybug/Khala-joybug/.buildozer/android/platform/build-arm64-v8a/build/python-installs/khalajoybug/arm64-v8a/kivy/tests/test_issues/test_issue_883.py'...
Compiling '/home/runner/work/Khala-joybug/Khala-joybug/.buildozer/android/platform/build-arm64-v8a/build/python-installs/khalajoybug/arm64-v8a/kivy/tests/test_kivy_init.py'...
Compiling '/home/runner/work/Khala-joybug/Khala-joybug/.buildozer/android/platform/build-arm64-v8a/build/python-installs/khalajoybug/arm64-v8a/kivy/tests/test_knspace.py'...
Compiling '/home/runner/work/Khala-joybug/Khala-joybug/.buildozer/android/platform/build-arm64-v8a/build/python-installs/khalajoybug/arm64-v8a/kivy/tests/test_lang.py'...
Compiling '/home/runner/work/Khala-joybug/Khala-joybug/.buildozer/android/platform/build-arm64-v8a/build/python-installs/khalajoybug/arm64-v8a/kivy/tests/test_lang_complex.py'...
Compiling '/home/runner/work/Khala-joybug/Khala-joybug/.buildozer/android/platform/build-arm64-v8a/build/python-installs/khalajoybug/arm64-v8a/kivy/tests/test_lang_pre_process_and_post_process.py'...
Compiling '/home/runner/work/Khala-joybug/Khala-joybug/.buildozer/android/platform/build-arm64-v8a/build/python-installs/khalajoybug/arm64-v8a/kivy/tests/test_logger.py'...
Compiling '/home/runner/work/Khala-joybug/Khala-joybug/.buildozer/android/platform/build-arm64-v8a/build/python-installs/khalajoybug/arm64-v8a/kivy/tests/test_metrics.py'...
Compiling '/home/runner/work/Khala-joybug/Khala-joybug/.buildozer/android/platform/build-arm64-v8a/build/python-installs/khalajoybug/arm64-v8a/kivy/tests/test_module_inspector.py'...
Compiling '/home/runner/work/Khala-joybug/Khala-joybug/.buildozer/android/platform/build-arm64-v8a/build/python-installs/khalajoybug/arm64-v8a/kivy/tests/test_motion_event.py'...
Compiling '/home/runner/work/Khala-joybug/Khala-joybug/.buildozer/android/platform/build-arm64-v8a/build/python-installs/khalajoybug/arm64-v8a/kivy/tests/test_mouse_hover_event.py'...
Compiling '/home/runner/work/Khala-joybug/Khala-joybug/.buildozer/android/platform/build-arm64-v8a/build/python-installs/khalajoybug/arm64-v8a/kivy/tests/test_mouse_multitouchsim.py'...
Compiling '/home/runner/work/Khala-joybug/Khala-joybug/.buildozer/android/platform/build-arm64-v8a/build/python-installs/khalajoybug/arm64-v8a/kivy/tests/test_multistroke.py'...
Compiling '/home/runner/work/Khala-joybug/Khala-joybug/.buildozer/android/platform/build-arm64-v8a/build/python-installs/khalajoybug/arm64-v8a/kivy/tests/test_properties.py'...
Compiling '/home/runner/work/Khala-joybug/Khala-joybug/.buildozer/android/platform/build-arm64-v8a/build/python-installs/khalajoybug/arm64-v8a/kivy/tests/test_resources.py'...
Compiling '/home/runner/work/Khala-joybug/Khala-joybug/.buildozer/android/platform/build-arm64-v8a/build/python-installs/khalajoybug/arm64-v8a/kivy/tests/test_rst_replace.py'...
Compiling '/home/runner/work/Khala-joybug/Khala-joybug/.buildozer/android/platform/build-arm64-v8a/build/python-installs/khalajoybug/arm64-v8a/kivy/tests/test_screen.py'...
Compiling '/home/runner/work/Khala-joybug/Khala-joybug/.buildozer/android/platform/build-arm64-v8a/build/python-installs/khalajoybug/arm64-v8a/kivy/tests/test_storage.py'...
Compiling '/home/runner/work/Khala-joybug/Khala-joybug/.buildozer/android/platform/build-arm64-v8a/build/python-installs/khalajoybug/arm64-v8a/kivy/tests/test_uix_actionbar.py'...
Compiling '/home/runner/work/Khala-joybug/Khala-joybug/.buildozer/android/platform/build-arm64-v8a/build/python-installs/khalajoybug/arm64-v8a/kivy/tests/test_uix_anchorlayout.py'...
Compiling '/home/runner/work/Khala-joybug/Khala-joybug/.buildozer/android/platform/build-arm64-v8a/build/python-installs/khalajoybug/arm64-v8a/kivy/tests/test_uix_asyncimage.py'...
Compiling '/home/runner/work/Khala-joybug/Khala-joybug/.buildozer/android/platform/build-arm64-v8a/build/python-installs/khalajoybug/arm64-v8a/kivy/tests/test_uix_boxlayout.py'...
Compiling '/home/runner/work/Khala-joybug/Khala-joybug/.buildozer/android/platform/build-arm64-v8a/build/python-installs/khalajoybug/arm64-v8a/kivy/tests/test_uix_bubble.py'...
Compiling '/home/runner/work/Khala-joybug/Khala-joybug/.buildozer/android/platform/build-arm64-v8a/build/python-installs/khalajoybug/arm64-v8a/kivy/tests/test_uix_carousel.py'...
Compiling '/home/runner/work/Khala-joybug/Khala-joybug/.buildozer/android/platform/build-arm64-v8a/build/python-installs/khalajoybug/arm64-v8a/kivy/tests/test_uix_colorpicker.py'...
Compiling '/home/runner/work/Khala-joybug/Khala-joybug/.buildozer/android/platform/build-arm64-v8a/build/python-installs/khalajoybug/arm64-v8a/kivy/tests/test_uix_dropdown.py'...
Compiling '/home/runner/work/Khala-joybug/Khala-joybug/.buildozer/android/platform/build-arm64-v8a/build/python-installs/khalajoybug/arm64-v8a/kivy/tests/test_uix_gridlayout.py'...
Compiling '/home/runner/work/Khala-joybug/Khala-joybug/.buildozer/android/platform/build-arm64-v8a/build/python-installs/khalajoybug/arm64-v8a/kivy/tests/test_uix_layout.py'...
Compiling '/home/runner/work/Khala-joybug/Khala-joybug/.buildozer/android/platform/build-arm64-v8a/build/python-installs/khalajoybug/arm64-v8a/kivy/tests/test_uix_modal.py'...
Compiling '/home/runner/work/Khala-joybug/Khala-joybug/.buildozer/android/platform/build-arm64-v8a/build/python-installs/khalajoybug/arm64-v8a/kivy/tests/test_uix_recyclegridlayout.py'...
Compiling '/home/runner/work/Khala-joybug/Khala-joybug/.buildozer/android/platform/build-arm64-v8a/build/python-installs/khalajoybug/arm64-v8a/kivy/tests/test_uix_relativelayout.py'...
Compiling '/home/runner/work/Khala-joybug/Khala-joybug/.buildozer/android/platform/build-arm64-v8a/build/python-installs/khalajoybug/arm64-v8a/kivy/tests/test_uix_scrollview.py'...
Compiling '/home/runner/work/Khala-joybug/Khala-joybug/.buildozer/android/platform/build-arm64-v8a/build/python-installs/khalajoybug/arm64-v8a/kivy/tests/test_uix_settings.py'...
Compiling '/home/runner/work/Khala-joybug/Khala-joybug/.buildozer/android/platform/build-arm64-v8a/build/python-installs/khalajoybug/arm64-v8a/kivy/tests/test_uix_slider.py'...
Compiling '/home/runner/work/Khala-joybug/Khala-joybug/.buildozer/android/platform/build-arm64-v8a/build/python-installs/khalajoybug/arm64-v8a/kivy/tests/test_uix_stacklayout.py'...
Compiling '/home/runner/work/Khala-joybug/Khala-joybug/.buildozer/android/platform/build-arm64-v8a/build/python-installs/khalajoybug/arm64-v8a/kivy/tests/test_uix_textinput.py'...
Compiling '/home/runner/work/Khala-joybug/Khala-joybug/.buildozer/android/platform/build-arm64-v8a/build/python-installs/khalajoybug/arm64-v8a/kivy/tests/test_uix_translate_coordinates.py'...
Compiling '/home/runner/work/Khala-joybug/Khala-joybug/.buildozer/android/platform/build-arm64-v8a/build/python-installs/khalajoybug/arm64-v8a/kivy/tests/test_uix_videoplayer.py'...
Compiling '/home/runner/work/Khala-joybug/Khala-joybug/.buildozer/android/platform/build-arm64-v8a/build/python-installs/khalajoybug/arm64-v8a/kivy/tests/test_uix_widget.py'...
Listing '/home/runner/work/Khala-joybug/Khala-joybug/.buildozer/android/platform/build-arm64-v8a/build/python-installs/khalajoybug/arm64-v8a/kivy/tests/test_urlrequest'...
Compiling '/home/runner/work/Khala-joybug/Khala-joybug/.buildozer/android/platform/build-arm64-v8a/build/python-installs/khalajoybug/arm64-v8a/kivy/tests/test_urlrequest/test_urlrequest_requests.py'...
Compiling '/home/runner/work/Khala-joybug/Khala-joybug/.buildozer/android/platform/build-arm64-v8a/build/python-installs/khalajoybug/arm64-v8a/kivy/tests/test_urlrequest/test_urlrequest_urllib.py'...
Compiling '/home/runner/work/Khala-joybug/Khala-joybug/.buildozer/android/platform/build-arm64-v8a/build/python-installs/khalajoybug/arm64-v8a/kivy/tests/test_utils.py'...
Compiling '/home/runner/work/Khala-joybug/Khala-joybug/.buildozer/android/platform/build-arm64-v8a/build/python-installs/khalajoybug/arm64-v8a/kivy/tests/test_vector.py'...
Compiling '/home/runner/work/Khala-joybug/Khala-joybug/.buildozer/android/platform/build-arm64-v8a/build/python-installs/khalajoybug/arm64-v8a/kivy/tests/test_video.py'...
Compiling '/home/runner/work/Khala-joybug/Khala-joybug/.buildozer/android/platform/build-arm64-v8a/build/python-installs/khalajoybug/arm64-v8a/kivy/tests/test_weakmethod.py'...
Compiling '/home/runner/work/Khala-joybug/Khala-joybug/.buildozer/android/platform/build-arm64-v8a/build/python-installs/khalajoybug/arm64-v8a/kivy/tests/test_widget.py'...
Compiling '/home/runner/work/Khala-joybug/Khala-joybug/.buildozer/android/platform/build-arm64-v8a/build/python-installs/khalajoybug/arm64-v8a/kivy/tests/test_widget_walk.py'...
Compiling '/home/runner/work/Khala-joybug/Khala-joybug/.buildozer/android/platform/build-arm64-v8a/build/python-installs/khalajoybug/arm64-v8a/kivy/tests/test_window_base.py'...
Compiling '/home/runner/work/Khala-joybug/Khala-joybug/.buildozer/android/platform/build-arm64-v8a/build/python-installs/khalajoybug/arm64-v8a/kivy/tests/test_window_info.py'...
Compiling '/home/runner/work/Khala-joybug/Khala-joybug/.buildozer/android/platform/build-arm64-v8a/build/python-installs/khalajoybug/arm64-v8a/kivy/tests/visual_test_label.py'...
Listing '/home/runner/work/Khala-joybug/Khala-joybug/.buildozer/android/platform/build-arm64-v8a/build/python-installs/khalajoybug/arm64-v8a/kivy/tools'...
Compiling '/home/runner/work/Khala-joybug/Khala-joybug/.buildozer/android/platform/build-arm64-v8a/build/python-installs/khalajoybug/arm64-v8a/kivy/tools/__init__.py'...
Compiling '/home/runner/work/Khala-joybug/Khala-joybug/.buildozer/android/platform/build-arm64-v8a/build/python-installs/khalajoybug/arm64-v8a/kivy/tools/benchmark.py'...
Compiling '/home/runner/work/Khala-joybug/Khala-joybug/.buildozer/android/platform/build-arm64-v8a/build/python-installs/khalajoybug/arm64-v8a/kivy/tools/changelog_parser.py'...
Compiling '/home/runner/work/Khala-joybug/Khala-joybug/.buildozer/android/platform/build-arm64-v8a/build/python-installs/khalajoybug/arm64-v8a/kivy/tools/coverage.py'...
Compiling '/home/runner/work/Khala-joybug/Khala-joybug/.buildozer/android/platform/build-arm64-v8a/build/python-installs/khalajoybug/arm64-v8a/kivy/tools/gallery.py'...
Compiling '/home/runner/work/Khala-joybug/Khala-joybug/.buildozer/android/platform/build-arm64-v8a/build/python-installs/khalajoybug/arm64-v8a/kivy/tools/generate-icons.py'...
Listing '/home/runner/work/Khala-joybug/Khala-joybug/.buildozer/android/platform/build-arm64-v8a/build/python-installs/khalajoybug/arm64-v8a/kivy/tools/gles_compat'...
Compiling '/home/runner/work/Khala-joybug/Khala-joybug/.buildozer/android/platform/build-arm64-v8a/build/python-installs/khalajoybug/arm64-v8a/kivy/tools/gles_compat/subset_gles.py'...
Listing '/home/runner/work/Khala-joybug/Khala-joybug/.buildozer/android/platform/build-arm64-v8a/build/python-installs/khalajoybug/arm64-v8a/kivy/tools/highlight'...
Compiling '/home/runner/work/Khala-joybug/Khala-joybug/.buildozer/android/platform/build-arm64-v8a/build/python-installs/khalajoybug/arm64-v8a/kivy/tools/highlight/__init__.py'...
Listing '/home/runner/work/Khala-joybug/Khala-joybug/.buildozer/android/platform/build-arm64-v8a/build/python-installs/khalajoybug/arm64-v8a/kivy/tools/image-testsuite'...
Compiling '/home/runner/work/Khala-joybug/Khala-joybug/.buildozer/android/platform/build-arm64-v8a/build/python-installs/khalajoybug/arm64-v8a/kivy/tools/image-testsuite/gimp28-testsuite.py'...
Compiling '/home/runner/work/Khala-joybug/Khala-joybug/.buildozer/android/platform/build-arm64-v8a/build/python-installs/khalajoybug/arm64-v8a/kivy/tools/kviewer.py'...
Listing '/home/runner/work/Khala-joybug/Khala-joybug/.buildozer/android/platform/build-arm64-v8a/build/python-installs/khalajoybug/arm64-v8a/kivy/tools/packaging'...
Compiling '/home/runner/work/Khala-joybug/Khala-joybug/.buildozer/android/platform/build-arm64-v8a/build/python-installs/khalajoybug/arm64-v8a/kivy/tools/packaging/__init__.py'...
Compiling '/home/runner/work/Khala-joybug/Khala-joybug/.buildozer/android/platform/build-arm64-v8a/build/python-installs/khalajoybug/arm64-v8a/kivy/tools/packaging/cython_cfg.py'...
Compiling '/home/runner/work/Khala-joybug/Khala-joybug/.buildozer/android/platform/build-arm64-v8a/build/python-installs/khalajoybug/arm64-v8a/kivy/tools/packaging/factory.py'...
Listing '/home/runner/work/Khala-joybug/Khala-joybug/.buildozer/android/platform/build-arm64-v8a/build/python-installs/khalajoybug/arm64-v8a/kivy/tools/packaging/pyinstaller_hooks'...
Compiling '/home/runner/work/Khala-joybug/Khala-joybug/.buildozer/android/platform/build-arm64-v8a/build/python-installs/khalajoybug/arm64-v8a/kivy/tools/packaging/pyinstaller_hooks/__init__.py'...
Compiling '/home/runner/work/Khala-joybug/Khala-joybug/.buildozer/android/platform/build-arm64-v8a/build/python-installs/khalajoybug/arm64-v8a/kivy/tools/packaging/pyinstaller_hooks/__main__.py'...
Compiling '/home/runner/work/Khala-joybug/Khala-joybug/.buildozer/android/platform/build-arm64-v8a/build/python-installs/khalajoybug/arm64-v8a/kivy/tools/packaging/pyinstaller_hooks/hook-kivy.py'...
Compiling '/home/runner/work/Khala-joybug/Khala-joybug/.buildozer/android/platform/build-arm64-v8a/build/python-installs/khalajoybug/arm64-v8a/kivy/tools/packaging/pyinstaller_hooks/pyi_rth_kivy.py'...
Listing '/home/runner/work/Khala-joybug/Khala-joybug/.buildozer/android/platform/build-arm64-v8a/build/python-installs/khalajoybug/arm64-v8a/kivy/tools/pep8checker'...
Compiling '/home/runner/work/Khala-joybug/Khala-joybug/.buildozer/android/platform/build-arm64-v8a/build/python-installs/khalajoybug/arm64-v8a/kivy/tools/pep8checker/pep8.py'...
Compiling '/home/runner/work/Khala-joybug/Khala-joybug/.buildozer/android/platform/build-arm64-v8a/build/python-installs/khalajoybug/arm64-v8a/kivy/tools/pep8checker/pep8kivy.py'...
Listing '/home/runner/work/Khala-joybug/Khala-joybug/.buildozer/android/platform/build-arm64-v8a/build/python-installs/khalajoybug/arm64-v8a/kivy/tools/precommit_hooks'...
Compiling '/home/runner/work/Khala-joybug/Khala-joybug/.buildozer/android/platform/build-arm64-v8a/build/python-installs/khalajoybug/arm64-v8a/kivy/tools/report.py'...
Compiling '/home/runner/work/Khala-joybug/Khala-joybug/.buildozer/android/platform/build-arm64-v8a/build/python-installs/khalajoybug/arm64-v8a/kivy/tools/stub-gl-debug.py'...
Compiling '/home/runner/work/Khala-joybug/Khala-joybug/.buildozer/android/platform/build-arm64-v8a/build/python-installs/khalajoybug/arm64-v8a/kivy/tools/texturecompress.py'...
Listing '/home/runner/work/Khala-joybug/Khala-joybug/.buildozer/android/platform/build-arm64-v8a/build/python-installs/khalajoybug/arm64-v8a/kivy/tools/theming'...
Listing '/home/runner/work/Khala-joybug/Khala-joybug/.buildozer/android/platform/build-arm64-v8a/build/python-installs/khalajoybug/arm64-v8a/kivy/tools/theming/defaulttheme'...
Listing '/home/runner/work/Khala-joybug/Khala-joybug/.buildozer/android/platform/build-arm64-v8a/build/python-installs/khalajoybug/arm64-v8a/kivy/uix'...
Compiling '/home/runner/work/Khala-joybug/Khala-joybug/.buildozer/android/platform/build-arm64-v8a/build/python-installs/khalajoybug/arm64-v8a/kivy/uix/__init__.py'...
Compiling '/home/runner/work/Khala-joybug/Khala-joybug/.buildozer/android/platform/build-arm64-v8a/build/python-installs/khalajoybug/arm64-v8a/kivy/uix/accordion.py'...
Compiling '/home/runner/work/Khala-joybug/Khala-joybug/.buildozer/android/platform/build-arm64-v8a/build/python-installs/khalajoybug/arm64-v8a/kivy/uix/actionbar.py'...
Compiling '/home/runner/work/Khala-joybug/Khala-joybug/.buildozer/android/platform/build-arm64-v8a/build/python-installs/khalajoybug/arm64-v8a/kivy/uix/anchorlayout.py'...
Listing '/home/runner/work/Khala-joybug/Khala-joybug/.buildozer/android/platform/build-arm64-v8a/build/python-installs/khalajoybug/arm64-v8a/kivy/uix/behaviors'...
Compiling '/home/runner/work/Khala-joybug/Khala-joybug/.buildozer/android/platform/build-arm64-v8a/build/python-installs/khalajoybug/arm64-v8a/kivy/uix/behaviors/__init__.py'...
Compiling '/home/runner/work/Khala-joybug/Khala-joybug/.buildozer/android/platform/build-arm64-v8a/build/python-installs/khalajoybug/arm64-v8a/kivy/uix/behaviors/button.py'...
Compiling '/home/runner/work/Khala-joybug/Khala-joybug/.buildozer/android/platform/build-arm64-v8a/build/python-installs/khalajoybug/arm64-v8a/kivy/uix/behaviors/codenavigation.py'...
Compiling '/home/runner/work/Khala-joybug/Khala-joybug/.buildozer/android/platform/build-arm64-v8a/build/python-installs/khalajoybug/arm64-v8a/kivy/uix/behaviors/compoundselection.py'...
Compiling '/home/runner/work/Khala-joybug/Khala-joybug/.buildozer/android/platform/build-arm64-v8a/build/python-installs/khalajoybug/arm64-v8a/kivy/uix/behaviors/cover.py'...
Compiling '/home/runner/work/Khala-joybug/Khala-joybug/.buildozer/android/platform/build-arm64-v8a/build/python-installs/khalajoybug/arm64-v8a/kivy/uix/behaviors/drag.py'...
Compiling '/home/runner/work/Khala-joybug/Khala-joybug/.buildozer/android/platform/build-arm64-v8a/build/python-installs/khalajoybug/arm64-v8a/kivy/uix/behaviors/emacs.py'...
Compiling '/home/runner/work/Khala-joybug/Khala-joybug/.buildozer/android/platform/build-arm64-v8a/build/python-installs/khalajoybug/arm64-v8a/kivy/uix/behaviors/focus.py'...
Compiling '/home/runner/work/Khala-joybug/Khala-joybug/.buildozer/android/platform/build-arm64-v8a/build/python-installs/khalajoybug/arm64-v8a/kivy/uix/behaviors/knspace.py'...
Compiling '/home/runner/work/Khala-joybug/Khala-joybug/.buildozer/android/platform/build-arm64-v8a/build/python-installs/khalajoybug/arm64-v8a/kivy/uix/behaviors/togglebutton.py'...
Compiling '/home/runner/work/Khala-joybug/Khala-joybug/.buildozer/android/platform/build-arm64-v8a/build/python-installs/khalajoybug/arm64-v8a/kivy/uix/behaviors/touchripple.py'...
Compiling '/home/runner/work/Khala-joybug/Khala-joybug/.buildozer/android/platform/build-arm64-v8a/build/python-installs/khalajoybug/arm64-v8a/kivy/uix/boxlayout.py'...
Compiling '/home/runner/work/Khala-joybug/Khala-joybug/.buildozer/android/platform/build-arm64-v8a/build/python-installs/khalajoybug/arm64-v8a/kivy/uix/bubble.py'...
Compiling '/home/runner/work/Khala-joybug/Khala-joybug/.buildozer/android/platform/build-arm64-v8a/build/python-installs/khalajoybug/arm64-v8a/kivy/uix/button.py'...
Compiling '/home/runner/work/Khala-joybug/Khala-joybug/.buildozer/android/platform/build-arm64-v8a/build/python-installs/khalajoybug/arm64-v8a/kivy/uix/camera.py'...
Compiling '/home/runner/work/Khala-joybug/Khala-joybug/.buildozer/android/platform/build-arm64-v8a/build/python-installs/khalajoybug/arm64-v8a/kivy/uix/carousel.py'...
Compiling '/home/runner/work/Khala-joybug/Khala-joybug/.buildozer/android/platform/build-arm64-v8a/build/python-installs/khalajoybug/arm64-v8a/kivy/uix/checkbox.py'...
Compiling '/home/runner/work/Khala-joybug/Khala-joybug/.buildozer/android/platform/build-arm64-v8a/build/python-installs/khalajoybug/arm64-v8a/kivy/uix/codeinput.py'...
Compiling '/home/runner/work/Khala-joybug/Khala-joybug/.buildozer/android/platform/build-arm64-v8a/build/python-installs/khalajoybug/arm64-v8a/kivy/uix/colorpicker.py'...
Compiling '/home/runner/work/Khala-joybug/Khala-joybug/.buildozer/android/platform/build-arm64-v8a/build/python-installs/khalajoybug/arm64-v8a/kivy/uix/dropdown.py'...
Compiling '/home/runner/work/Khala-joybug/Khala-joybug/.buildozer/android/platform/build-arm64-v8a/build/python-installs/khalajoybug/arm64-v8a/kivy/uix/effectwidget.py'...
Compiling '/home/runner/work/Khala-joybug/Khala-joybug/.buildozer/android/platform/build-arm64-v8a/build/python-installs/khalajoybug/arm64-v8a/kivy/uix/filechooser.py'...
Compiling '/home/runner/work/Khala-joybug/Khala-joybug/.buildozer/android/platform/build-arm64-v8a/build/python-installs/khalajoybug/arm64-v8a/kivy/uix/floatlayout.py'...
Compiling '/home/runner/work/Khala-joybug/Khala-joybug/.buildozer/android/platform/build-arm64-v8a/build/python-installs/khalajoybug/arm64-v8a/kivy/uix/gesturesurface.py'...
Compiling '/home/runner/work/Khala-joybug/Khala-joybug/.buildozer/android/platform/build-arm64-v8a/build/python-installs/khalajoybug/arm64-v8a/kivy/uix/gridlayout.py'...
Compiling '/home/runner/work/Khala-joybug/Khala-joybug/.buildozer/android/platform/build-arm64-v8a/build/python-installs/khalajoybug/arm64-v8a/kivy/uix/image.py'...
Compiling '/home/runner/work/Khala-joybug/Khala-joybug/.buildozer/android/platform/build-arm64-v8a/build/python-installs/khalajoybug/arm64-v8a/kivy/uix/label.py'...
Compiling '/home/runner/work/Khala-joybug/Khala-joybug/.buildozer/android/platform/build-arm64-v8a/build/python-installs/khalajoybug/arm64-v8a/kivy/uix/layout.py'...
Compiling '/home/runner/work/Khala-joybug/Khala-joybug/.buildozer/android/platform/build-arm64-v8a/build/python-installs/khalajoybug/arm64-v8a/kivy/uix/modalview.py'...
Compiling '/home/runner/work/Khala-joybug/Khala-joybug/.buildozer/android/platform/build-arm64-v8a/build/python-installs/khalajoybug/arm64-v8a/kivy/uix/pagelayout.py'...
Compiling '/home/runner/work/Khala-joybug/Khala-joybug/.buildozer/android/platform/build-arm64-v8a/build/python-installs/khalajoybug/arm64-v8a/kivy/uix/popup.py'...
Compiling '/home/runner/work/Khala-joybug/Khala-joybug/.buildozer/android/platform/build-arm64-v8a/build/python-installs/khalajoybug/arm64-v8a/kivy/uix/progressbar.py'...
Compiling '/home/runner/work/Khala-joybug/Khala-joybug/.buildozer/android/platform/build-arm64-v8a/build/python-installs/khalajoybug/arm64-v8a/kivy/uix/recycleboxlayout.py'...
Compiling '/home/runner/work/Khala-joybug/Khala-joybug/.buildozer/android/platform/build-arm64-v8a/build/python-installs/khalajoybug/arm64-v8a/kivy/uix/recyclegridlayout.py'...
Compiling '/home/runner/work/Khala-joybug/Khala-joybug/.buildozer/android/platform/build-arm64-v8a/build/python-installs/khalajoybug/arm64-v8a/kivy/uix/recyclelayout.py'...
Listing '/home/runner/work/Khala-joybug/Khala-joybug/.buildozer/android/platform/build-arm64-v8a/build/python-installs/khalajoybug/arm64-v8a/kivy/uix/recycleview'...
Compiling '/home/runner/work/Khala-joybug/Khala-joybug/.buildozer/android/platform/build-arm64-v8a/build/python-installs/khalajoybug/arm64-v8a/kivy/uix/recycleview/__init__.py'...
Compiling '/home/runner/work/Khala-joybug/Khala-joybug/.buildozer/android/platform/build-arm64-v8a/build/python-installs/khalajoybug/arm64-v8a/kivy/uix/recycleview/datamodel.py'...
Compiling '/home/runner/work/Khala-joybug/Khala-joybug/.buildozer/android/platform/build-arm64-v8a/build/python-installs/khalajoybug/arm64-v8a/kivy/uix/recycleview/layout.py'...
Compiling '/home/runner/work/Khala-joybug/Khala-joybug/.buildozer/android/platform/build-arm64-v8a/build/python-installs/khalajoybug/arm64-v8a/kivy/uix/recycleview/views.py'...
Compiling '/home/runner/work/Khala-joybug/Khala-joybug/.buildozer/android/platform/build-arm64-v8a/build/python-installs/khalajoybug/arm64-v8a/kivy/uix/relativelayout.py'...
Compiling '/home/runner/work/Khala-joybug/Khala-joybug/.buildozer/android/platform/build-arm64-v8a/build/python-installs/khalajoybug/arm64-v8a/kivy/uix/rst.py'...
Compiling '/home/runner/work/Khala-joybug/Khala-joybug/.buildozer/android/platform/build-arm64-v8a/build/python-installs/khalajoybug/arm64-v8a/kivy/uix/sandbox.py'...
Compiling '/home/runner/work/Khala-joybug/Khala-joybug/.buildozer/android/platform/build-arm64-v8a/build/python-installs/khalajoybug/arm64-v8a/kivy/uix/scatter.py'...
Compiling '/home/runner/work/Khala-joybug/Khala-joybug/.buildozer/android/platform/build-arm64-v8a/build/python-installs/khalajoybug/arm64-v8a/kivy/uix/scatterlayout.py'...
Compiling '/home/runner/work/Khala-joybug/Khala-joybug/.buildozer/android/platform/build-arm64-v8a/build/python-installs/khalajoybug/arm64-v8a/kivy/uix/screenmanager.py'...
Compiling '/home/runner/work/Khala-joybug/Khala-joybug/.buildozer/android/platform/build-arm64-v8a/build/python-installs/khalajoybug/arm64-v8a/kivy/uix/scrollview.py'...
Compiling '/home/runner/work/Khala-joybug/Khala-joybug/.buildozer/android/platform/build-arm64-v8a/build/python-installs/khalajoybug/arm64-v8a/kivy/uix/settings.py'...
Compiling '/home/runner/work/Khala-joybug/Khala-joybug/.buildozer/android/platform/build-arm64-v8a/build/python-installs/khalajoybug/arm64-v8a/kivy/uix/slider.py'...
Compiling '/home/runner/work/Khala-joybug/Khala-joybug/.buildozer/android/platform/build-arm64-v8a/build/python-installs/khalajoybug/arm64-v8a/kivy/uix/spinner.py'...
Compiling '/home/runner/work/Khala-joybug/Khala-joybug/.buildozer/android/platform/build-arm64-v8a/build/python-installs/khalajoybug/arm64-v8a/kivy/uix/splitter.py'...
Compiling '/home/runner/work/Khala-joybug/Khala-joybug/.buildozer/android/platform/build-arm64-v8a/build/python-installs/khalajoybug/arm64-v8a/kivy/uix/stacklayout.py'...
Compiling '/home/runner/work/Khala-joybug/Khala-joybug/.buildozer/android/platform/build-arm64-v8a/build/python-installs/khalajoybug/arm64-v8a/kivy/uix/stencilview.py'...
Compiling '/home/runner/work/Khala-joybug/Khala-joybug/.buildozer/android/platform/build-arm64-v8a/build/python-installs/khalajoybug/arm64-v8a/kivy/uix/switch.py'...
Compiling '/home/runner/work/Khala-joybug/Khala-joybug/.buildozer/android/platform/build-arm64-v8a/build/python-installs/khalajoybug/arm64-v8a/kivy/uix/tabbedpanel.py'...
Compiling '/home/runner/work/Khala-joybug/Khala-joybug/.buildozer/android/platform/build-arm64-v8a/build/python-installs/khalajoybug/arm64-v8a/kivy/uix/textinput.py'...
Compiling '/home/runner/work/Khala-joybug/Khala-joybug/.buildozer/android/platform/build-arm64-v8a/build/python-installs/khalajoybug/arm64-v8a/kivy/uix/togglebutton.py'...
Compiling '/home/runner/work/Khala-joybug/Khala-joybug/.buildozer/android/platform/build-arm64-v8a/build/python-installs/khalajoybug/arm64-v8a/kivy/uix/treeview.py'...
Compiling '/home/runner/work/Khala-joybug/Khala-joybug/.buildozer/android/platform/build-arm64-v8a/build/python-installs/khalajoybug/arm64-v8a/kivy/uix/video.py'...
Compiling '/home/runner/work/Khala-joybug/Khala-joybug/.buildozer/android/platform/build-arm64-v8a/build/python-installs/khalajoybug/arm64-v8a/kivy/uix/videoplayer.py'...
Compiling '/home/runner/work/Khala-joybug/Khala-joybug/.buildozer/android/platform/build-arm64-v8a/build/python-installs/khalajoybug/arm64-v8a/kivy/uix/vkeyboard.py'...
Compiling '/home/runner/work/Khala-joybug/Khala-joybug/.buildozer/android/platform/build-arm64-v8a/build/python-installs/khalajoybug/arm64-v8a/kivy/uix/widget.py'...
Compiling '/home/runner/work/Khala-joybug/Khala-joybug/.buildozer/android/platform/build-arm64-v8a/build/python-installs/khalajoybug/arm64-v8a/kivy/utils.py'...
Compiling '/home/runner/work/Khala-joybug/Khala-joybug/.buildozer/android/platform/build-arm64-v8a/build/python-installs/khalajoybug/arm64-v8a/kivy/vector.py'...
Compiling '/home/runner/work/Khala-joybug/Khala-joybug/.buildozer/android/platform/build-arm64-v8a/build/python-installs/khalajoybug/arm64-v8a/kivy/weakmethod.py'...
Listing '/home/runner/work/Khala-joybug/Khala-joybug/.buildozer/android/platform/build-arm64-v8a/build/python-installs/khalajoybug/arm64-v8a/pyjnius-1.7.0.dist-info'...
Listing '/home/runner/work/Khala-joybug/Khala-joybug/.buildozer/android/platform/build-arm64-v8a/build/python-installs/khalajoybug/arm64-v8a/pyjnius-1.7.0.dist-info/licenses'...
Listing '/home/runner/work/Khala-joybug/Khala-joybug/.buildozer/android/platform/build-arm64-v8a/build/python-installs/khalajoybug/arm64-v8a/requests'...
Compiling '/home/runner/work/Khala-joybug/Khala-joybug/.buildozer/android/platform/build-arm64-v8a/build/python-installs/khalajoybug/arm64-v8a/requests/__init__.py'...
Compiling '/home/runner/work/Khala-joybug/Khala-joybug/.buildozer/android/platform/build-arm64-v8a/build/python-installs/khalajoybug/arm64-v8a/requests/__version__.py'...
Compiling '/home/runner/work/Khala-joybug/Khala-joybug/.buildozer/android/platform/build-arm64-v8a/build/python-installs/khalajoybug/arm64-v8a/requests/_internal_utils.py'...
Compiling '/home/runner/work/Khala-joybug/Khala-joybug/.buildozer/android/platform/build-arm64-v8a/build/python-installs/khalajoybug/arm64-v8a/requests/_types.py'...
Compiling '/home/runner/work/Khala-joybug/Khala-joybug/.buildozer/android/platform/build-arm64-v8a/build/python-installs/khalajoybug/arm64-v8a/requests/adapters.py'...
Compiling '/home/runner/work/Khala-joybug/Khala-joybug/.buildozer/android/platform/build-arm64-v8a/build/python-installs/khalajoybug/arm64-v8a/requests/api.py'...
Compiling '/home/runner/work/Khala-joybug/Khala-joybug/.buildozer/android/platform/build-arm64-v8a/build/python-installs/khalajoybug/arm64-v8a/requests/auth.py'...
Compiling '/home/runner/work/Khala-joybug/Khala-joybug/.buildozer/android/platform/build-arm64-v8a/build/python-installs/khalajoybug/arm64-v8a/requests/certs.py'...
Compiling '/home/runner/work/Khala-joybug/Khala-joybug/.buildozer/android/platform/build-arm64-v8a/build/python-installs/khalajoybug/arm64-v8a/requests/compat.py'...
Compiling '/home/runner/work/Khala-joybug/Khala-joybug/.buildozer/android/platform/build-arm64-v8a/build/python-installs/khalajoybug/arm64-v8a/requests/cookies.py'...
Compiling '/home/runner/work/Khala-joybug/Khala-joybug/.buildozer/android/platform/build-arm64-v8a/build/python-installs/khalajoybug/arm64-v8a/requests/exceptions.py'...
Compiling '/home/runner/work/Khala-joybug/Khala-joybug/.buildozer/android/platform/build-arm64-v8a/build/python-installs/khalajoybug/arm64-v8a/requests/help.py'...
Compiling '/home/runner/work/Khala-joybug/Khala-joybug/.buildozer/android/platform/build-arm64-v8a/build/python-installs/khalajoybug/arm64-v8a/requests/hooks.py'...
Compiling '/home/runner/work/Khala-joybug/Khala-joybug/.buildozer/android/platform/build-arm64-v8a/build/python-installs/khalajoybug/arm64-v8a/requests/models.py'...
Compiling '/home/runner/work/Khala-joybug/Khala-joybug/.buildozer/android/platform/build-arm64-v8a/build/python-installs/khalajoybug/arm64-v8a/requests/packages.py'...
Compiling '/home/runner/work/Khala-joybug/Khala-joybug/.buildozer/android/platform/build-arm64-v8a/build/python-installs/khalajoybug/arm64-v8a/requests/sessions.py'...
Compiling '/home/runner/work/Khala-joybug/Khala-joybug/.buildozer/android/platform/build-arm64-v8a/build/python-installs/khalajoybug/arm64-v8a/requests/status_codes.py'...
Compiling '/home/runner/work/Khala-joybug/Khala-joybug/.buildozer/android/platform/build-arm64-v8a/build/python-installs/khalajoybug/arm64-v8a/requests/structures.py'...
Compiling '/home/runner/work/Khala-joybug/Khala-joybug/.buildozer/android/platform/build-arm64-v8a/build/python-installs/khalajoybug/arm64-v8a/requests/utils.py'...
Listing '/home/runner/work/Khala-joybug/Khala-joybug/.buildozer/android/platform/build-arm64-v8a/build/python-installs/khalajoybug/arm64-v8a/requests-2.34.2.dist-info'...
Listing '/home/runner/work/Khala-joybug/Khala-joybug/.buildozer/android/platform/build-arm64-v8a/build/python-installs/khalajoybug/arm64-v8a/requests-2.34.2.dist-info/licenses'...
Compiling '/home/runner/work/Khala-joybug/Khala-joybug/.buildozer/android/platform/build-arm64-v8a/build/python-installs/khalajoybug/arm64-v8a/setup_sdist.py'...
Listing '/home/runner/work/Khala-joybug/Khala-joybug/.buildozer/android/platform/build-arm64-v8a/build/python-installs/khalajoybug/arm64-v8a/setuptools'...
Compiling '/home/runner/work/Khala-joybug/Khala-joybug/.buildozer/android/platform/build-arm64-v8a/build/python-installs/khalajoybug/arm64-v8a/setuptools/__init__.py'...
Compiling '/home/runner/work/Khala-joybug/Khala-joybug/.buildozer/android/platform/build-arm64-v8a/build/python-installs/khalajoybug/arm64-v8a/setuptools/_core_metadata.py'...
Compiling '/home/runner/work/Khala-joybug/Khala-joybug/.buildozer/android/platform/build-arm64-v8a/build/python-installs/khalajoybug/arm64-v8a/setuptools/_discovery.py'...
Listing '/home/runner/work/Khala-joybug/Khala-joybug/.buildozer/android/platform/build-arm64-v8a/build/python-installs/khalajoybug/arm64-v8a/setuptools/_distutils'...
Compiling '/home/runner/work/Khala-joybug/Khala-joybug/.buildozer/android/platform/build-arm64-v8a/build/python-installs/khalajoybug/arm64-v8a/setuptools/_distutils/__init__.py'...
Compiling '/home/runner/work/Khala-joybug/Khala-joybug/.buildozer/android/platform/build-arm64-v8a/build/python-installs/khalajoybug/arm64-v8a/setuptools/_distutils/_dataclass.py'...
Compiling '/home/runner/work/Khala-joybug/Khala-joybug/.buildozer/android/platform/build-arm64-v8a/build/python-installs/khalajoybug/arm64-v8a/setuptools/_distutils/_log.py'...
Compiling '/home/runner/work/Khala-joybug/Khala-joybug/.buildozer/android/platform/build-arm64-v8a/build/python-installs/khalajoybug/arm64-v8a/setuptools/_distutils/_macos_compat.py'...
Compiling '/home/runner/work/Khala-joybug/Khala-joybug/.buildozer/android/platform/build-arm64-v8a/build/python-installs/khalajoybug/arm64-v8a/setuptools/_distutils/_modified.py'...
Compiling '/home/runner/work/Khala-joybug/Khala-joybug/.buildozer/android/platform/build-arm64-v8a/build/python-installs/khalajoybug/arm64-v8a/setuptools/_distutils/_msvccompiler.py'...
Compiling '/home/runner/work/Khala-joybug/Khala-joybug/.buildozer/android/platform/build-arm64-v8a/build/python-installs/khalajoybug/arm64-v8a/setuptools/_distutils/archive_util.py'...
Compiling '/home/runner/work/Khala-joybug/Khala-joybug/.buildozer/android/platform/build-arm64-v8a/build/python-installs/khalajoybug/arm64-v8a/setuptools/_distutils/ccompiler.py'...
Compiling '/home/runner/work/Khala-joybug/Khala-joybug/.buildozer/android/platform/build-arm64-v8a/build/python-installs/khalajoybug/arm64-v8a/setuptools/_distutils/cmd.py'...
Listing '/home/runner/work/Khala-joybug/Khala-joybug/.buildozer/android/platform/build-arm64-v8a/build/python-installs/khalajoybug/arm64-v8a/setuptools/_distutils/command'...
Compiling '/home/runner/work/Khala-joybug/Khala-joybug/.buildozer/android/platform/build-arm64-v8a/build/python-installs/khalajoybug/arm64-v8a/setuptools/_distutils/command/__init__.py'...
Compiling '/home/runner/work/Khala-joybug/Khala-joybug/.buildozer/android/platform/build-arm64-v8a/build/python-installs/khalajoybug/arm64-v8a/setuptools/_distutils/command/_framework_compat.py'...
Compiling '/home/runner/work/Khala-joybug/Khala-joybug/.buildozer/android/platform/build-arm64-v8a/build/python-installs/khalajoybug/arm64-v8a/setuptools/_distutils/command/bdist.py'...
Compiling '/home/runner/work/Khala-joybug/Khala-joybug/.buildozer/android/platform/build-arm64-v8a/build/python-installs/khalajoybug/arm64-v8a/setuptools/_distutils/command/bdist_dumb.py'...
Compiling '/home/runner/work/Khala-joybug/Khala-joybug/.buildozer/android/platform/build-arm64-v8a/build/python-installs/khalajoybug/arm64-v8a/setuptools/_distutils/command/bdist_rpm.py'...
Compiling '/home/runner/work/Khala-joybug/Khala-joybug/.buildozer/android/platform/build-arm64-v8a/build/python-installs/khalajoybug/arm64-v8a/setuptools/_distutils/command/build.py'...
Compiling '/home/runner/work/Khala-joybug/Khala-joybug/.buildozer/android/platform/build-arm64-v8a/build/python-installs/khalajoybug/arm64-v8a/setuptools/_distutils/command/build_clib.py'...
Compiling '/home/runner/work/Khala-joybug/Khala-joybug/.buildozer/android/platform/build-arm64-v8a/build/python-installs/khalajoybug/arm64-v8a/setuptools/_distutils/command/build_ext.py'...
Compiling '/home/runner/work/Khala-joybug/Khala-joybug/.buildozer/android/platform/build-arm64-v8a/build/python-installs/khalajoybug/arm64-v8a/setuptools/_distutils/command/build_py.py'...
Compiling '/home/runner/work/Khala-joybug/Khala-joybug/.buildozer/android/platform/build-arm64-v8a/build/python-installs/khalajoybug/arm64-v8a/setuptools/_distutils/command/build_scripts.py'...
Compiling '/home/runner/work/Khala-joybug/Khala-joybug/.buildozer/android/platform/build-arm64-v8a/build/python-installs/khalajoybug/arm64-v8a/setuptools/_distutils/command/check.py'...
Compiling '/home/runner/work/Khala-joybug/Khala-joybug/.buildozer/android/platform/build-arm64-v8a/build/python-installs/khalajoybug/arm64-v8a/setuptools/_distutils/command/clean.py'...
Compiling '/home/runner/work/Khala-joybug/Khala-joybug/.buildozer/android/platform/build-arm64-v8a/build/python-installs/khalajoybug/arm64-v8a/setuptools/_distutils/command/config.py'...
Compiling '/home/runner/work/Khala-joybug/Khala-joybug/.buildozer/android/platform/build-arm64-v8a/build/python-installs/khalajoybug/arm64-v8a/setuptools/_distutils/command/install.py'...
Compiling '/home/runner/work/Khala-joybug/Khala-joybug/.buildozer/android/platform/build-arm64-v8a/build/python-installs/khalajoybug/arm64-v8a/setuptools/_distutils/command/install_data.py'...
Compiling '/home/runner/work/Khala-joybug/Khala-joybug/.buildozer/android/platform/build-arm64-v8a/build/python-installs/khalajoybug/arm64-v8a/setuptools/_distutils/command/install_egg_info.py'...
Compiling '/home/runner/work/Khala-joybug/Khala-joybug/.buildozer/android/platform/build-arm64-v8a/build/python-installs/khalajoybug/arm64-v8a/setuptools/_distutils/command/install_headers.py'...
Compiling '/home/runner/work/Khala-joybug/Khala-joybug/.buildozer/android/platform/build-arm64-v8a/build/python-installs/khalajoybug/arm64-v8a/setuptools/_distutils/command/install_lib.py'...
Compiling '/home/runner/work/Khala-joybug/Khala-joybug/.buildozer/android/platform/build-arm64-v8a/build/python-installs/khalajoybug/arm64-v8a/setuptools/_distutils/command/install_scripts.py'...
Compiling '/home/runner/work/Khala-joybug/Khala-joybug/.buildozer/android/platform/build-arm64-v8a/build/python-installs/khalajoybug/arm64-v8a/setuptools/_distutils/command/sdist.py'...
Listing '/home/runner/work/Khala-joybug/Khala-joybug/.buildozer/android/platform/build-arm64-v8a/build/python-installs/khalajoybug/arm64-v8a/setuptools/_distutils/compat'...
Compiling '/home/runner/work/Khala-joybug/Khala-joybug/.buildozer/android/platform/build-arm64-v8a/build/python-installs/khalajoybug/arm64-v8a/setuptools/_distutils/compat/__init__.py'...
Compiling '/home/runner/work/Khala-joybug/Khala-joybug/.buildozer/android/platform/build-arm64-v8a/build/python-installs/khalajoybug/arm64-v8a/setuptools/_distutils/compat/numpy.py'...
Compiling '/home/runner/work/Khala-joybug/Khala-joybug/.buildozer/android/platform/build-arm64-v8a/build/python-installs/khalajoybug/arm64-v8a/setuptools/_distutils/compat/py310.py'...
Listing '/home/runner/work/Khala-joybug/Khala-joybug/.buildozer/android/platform/build-arm64-v8a/build/python-installs/khalajoybug/arm64-v8a/setuptools/_distutils/compilers'...
Listing '/home/runner/work/Khala-joybug/Khala-joybug/.buildozer/android/platform/build-arm64-v8a/build/python-installs/khalajoybug/arm64-v8a/setuptools/_distutils/compilers/C'...
Compiling '/home/runner/work/Khala-joybug/Khala-joybug/.buildozer/android/platform/build-arm64-v8a/build/python-installs/khalajoybug/arm64-v8a/setuptools/_distutils/compilers/C/base.py'...
Compiling '/home/runner/work/Khala-joybug/Khala-joybug/.buildozer/android/platform/build-arm64-v8a/build/python-installs/khalajoybug/arm64-v8a/setuptools/_distutils/compilers/C/cygwin.py'...
Compiling '/home/runner/work/Khala-joybug/Khala-joybug/.buildozer/android/platform/build-arm64-v8a/build/python-installs/khalajoybug/arm64-v8a/setuptools/_distutils/compilers/C/errors.py'...
Compiling '/home/runner/work/Khala-joybug/Khala-joybug/.buildozer/android/platform/build-arm64-v8a/build/python-installs/khalajoybug/arm64-v8a/setuptools/_distutils/compilers/C/msvc.py'...
Compiling '/home/runner/work/Khala-joybug/Khala-joybug/.buildozer/android/platform/build-arm64-v8a/build/python-installs/khalajoybug/arm64-v8a/setuptools/_distutils/compilers/C/unix.py'...
Compiling '/home/runner/work/Khala-joybug/Khala-joybug/.buildozer/android/platform/build-arm64-v8a/build/python-installs/khalajoybug/arm64-v8a/setuptools/_distutils/compilers/C/zos.py'...
Compiling '/home/runner/work/Khala-joybug/Khala-joybug/.buildozer/android/platform/build-arm64-v8a/build/python-installs/khalajoybug/arm64-v8a/setuptools/_distutils/compilers/_modified.py'...
Compiling '/home/runner/work/Khala-joybug/Khala-joybug/.buildozer/android/platform/build-arm64-v8a/build/python-installs/khalajoybug/arm64-v8a/setuptools/_distutils/compilers/_util.py'...
Compiling '/home/runner/work/Khala-joybug/Khala-joybug/.buildozer/android/platform/build-arm64-v8a/build/python-installs/khalajoybug/arm64-v8a/setuptools/_distutils/compilers/errors.py'...
Compiling '/home/runner/work/Khala-joybug/Khala-joybug/.buildozer/android/platform/build-arm64-v8a/build/python-installs/khalajoybug/arm64-v8a/setuptools/_distutils/compilers/logging.py'...
Listing '/home/runner/work/Khala-joybug/Khala-joybug/.buildozer/android/platform/build-arm64-v8a/build/python-installs/khalajoybug/arm64-v8a/setuptools/_distutils/compilers/platform'...
Compiling '/home/runner/work/Khala-joybug/Khala-joybug/.buildozer/android/platform/build-arm64-v8a/build/python-installs/khalajoybug/arm64-v8a/setuptools/_distutils/compilers/platform/detect.py'...
Compiling '/home/runner/work/Khala-joybug/Khala-joybug/.buildozer/android/platform/build-arm64-v8a/build/python-installs/khalajoybug/arm64-v8a/setuptools/_distutils/compilers/platform/macos.py'...
Compiling '/home/runner/work/Khala-joybug/Khala-joybug/.buildozer/android/platform/build-arm64-v8a/build/python-installs/khalajoybug/arm64-v8a/setuptools/_distutils/core.py'...
Compiling '/home/runner/work/Khala-joybug/Khala-joybug/.buildozer/android/platform/build-arm64-v8a/build/python-installs/khalajoybug/arm64-v8a/setuptools/_distutils/cygwinccompiler.py'...
Compiling '/home/runner/work/Khala-joybug/Khala-joybug/.buildozer/android/platform/build-arm64-v8a/build/python-installs/khalajoybug/arm64-v8a/setuptools/_distutils/debug.py'...
Compiling '/home/runner/work/Khala-joybug/Khala-joybug/.buildozer/android/platform/build-arm64-v8a/build/python-installs/khalajoybug/arm64-v8a/setuptools/_distutils/dep_util.py'...
Compiling '/home/runner/work/Khala-joybug/Khala-joybug/.buildozer/android/platform/build-arm64-v8a/build/python-installs/khalajoybug/arm64-v8a/setuptools/_distutils/dir_util.py'...
Compiling '/home/runner/work/Khala-joybug/Khala-joybug/.buildozer/android/platform/build-arm64-v8a/build/python-installs/khalajoybug/arm64-v8a/setuptools/_distutils/dist.py'...
Compiling '/home/runner/work/Khala-joybug/Khala-joybug/.buildozer/android/platform/build-arm64-v8a/build/python-installs/khalajoybug/arm64-v8a/setuptools/_distutils/errors.py'...
Compiling '/home/runner/work/Khala-joybug/Khala-joybug/.buildozer/android/platform/build-arm64-v8a/build/python-installs/khalajoybug/arm64-v8a/setuptools/_distutils/extension.py'...
Compiling '/home/runner/work/Khala-joybug/Khala-joybug/.buildozer/android/platform/build-arm64-v8a/build/python-installs/khalajoybug/arm64-v8a/setuptools/_distutils/fancy_getopt.py'...
Compiling '/home/runner/work/Khala-joybug/Khala-joybug/.buildozer/android/platform/build-arm64-v8a/build/python-installs/khalajoybug/arm64-v8a/setuptools/_distutils/file_util.py'...
Compiling '/home/runner/work/Khala-joybug/Khala-joybug/.buildozer/android/platform/build-arm64-v8a/build/python-installs/khalajoybug/arm64-v8a/setuptools/_distutils/filelist.py'...
Compiling '/home/runner/work/Khala-joybug/Khala-joybug/.buildozer/android/platform/build-arm64-v8a/build/python-installs/khalajoybug/arm64-v8a/setuptools/_distutils/log.py'...
Compiling '/home/runner/work/Khala-joybug/Khala-joybug/.buildozer/android/platform/build-arm64-v8a/build/python-installs/khalajoybug/arm64-v8a/setuptools/_distutils/spawn.py'...
Compiling '/home/runner/work/Khala-joybug/Khala-joybug/.buildozer/android/platform/build-arm64-v8a/build/python-installs/khalajoybug/arm64-v8a/setuptools/_distutils/sysconfig.py'...
Compiling '/home/runner/work/Khala-joybug/Khala-joybug/.buildozer/android/platform/build-arm64-v8a/build/python-installs/khalajoybug/arm64-v8a/setuptools/_distutils/text_file.py'...
Compiling '/home/runner/work/Khala-joybug/Khala-joybug/.buildozer/android/platform/build-arm64-v8a/build/python-installs/khalajoybug/arm64-v8a/setuptools/_distutils/unixccompiler.py'...
Compiling '/home/runner/work/Khala-joybug/Khala-joybug/.buildozer/android/platform/build-arm64-v8a/build/python-installs/khalajoybug/arm64-v8a/setuptools/_distutils/util.py'...
Compiling '/home/runner/work/Khala-joybug/Khala-joybug/.buildozer/android/platform/build-arm64-v8a/build/python-installs/khalajoybug/arm64-v8a/setuptools/_distutils/version.py'...
Compiling '/home/runner/work/Khala-joybug/Khala-joybug/.buildozer/android/platform/build-arm64-v8a/build/python-installs/khalajoybug/arm64-v8a/setuptools/_distutils/versionpredicate.py'...
Compiling '/home/runner/work/Khala-joybug/Khala-joybug/.buildozer/android/platform/build-arm64-v8a/build/python-installs/khalajoybug/arm64-v8a/setuptools/_distutils/zosccompiler.py'...
Compiling '/home/runner/work/Khala-joybug/Khala-joybug/.buildozer/android/platform/build-arm64-v8a/build/python-installs/khalajoybug/arm64-v8a/setuptools/_entry_points.py'...
Compiling '/home/runner/work/Khala-joybug/Khala-joybug/.buildozer/android/platform/build-arm64-v8a/build/python-installs/khalajoybug/arm64-v8a/setuptools/_imp.py'...
Compiling '/home/runner/work/Khala-joybug/Khala-joybug/.buildozer/android/platform/build-arm64-v8a/build/python-installs/khalajoybug/arm64-v8a/setuptools/_importlib.py'...
Compiling '/home/runner/work/Khala-joybug/Khala-joybug/.buildozer/android/platform/build-arm64-v8a/build/python-installs/khalajoybug/arm64-v8a/setuptools/_itertools.py'...
Compiling '/home/runner/work/Khala-joybug/Khala-joybug/.buildozer/android/platform/build-arm64-v8a/build/python-installs/khalajoybug/arm64-v8a/setuptools/_normalization.py'...
Compiling '/home/runner/work/Khala-joybug/Khala-joybug/.buildozer/android/platform/build-arm64-v8a/build/python-installs/khalajoybug/arm64-v8a/setuptools/_path.py'...
Compiling '/home/runner/work/Khala-joybug/Khala-joybug/.buildozer/android/platform/build-arm64-v8a/build/python-installs/khalajoybug/arm64-v8a/setuptools/_reqs.py'...
Compiling '/home/runner/work/Khala-joybug/Khala-joybug/.buildozer/android/platform/build-arm64-v8a/build/python-installs/khalajoybug/arm64-v8a/setuptools/_scripts.py'...
Compiling '/home/runner/work/Khala-joybug/Khala-joybug/.buildozer/android/platform/build-arm64-v8a/build/python-installs/khalajoybug/arm64-v8a/setuptools/_shutil.py'...
Compiling '/home/runner/work/Khala-joybug/Khala-joybug/.buildozer/android/platform/build-arm64-v8a/build/python-installs/khalajoybug/arm64-v8a/setuptools/_static.py'...
Listing '/home/runner/work/Khala-joybug/Khala-joybug/.buildozer/android/platform/build-arm64-v8a/build/python-installs/khalajoybug/arm64-v8a/setuptools/_vendor'...
Listing '/home/runner/work/Khala-joybug/Khala-joybug/.buildozer/android/platform/build-arm64-v8a/build/python-installs/khalajoybug/arm64-v8a/setuptools/_vendor/autocommand'...
Compiling '/home/runner/work/Khala-joybug/Khala-joybug/.buildozer/android/platform/build-arm64-v8a/build/python-installs/khalajoybug/arm64-v8a/setuptools/_vendor/autocommand/__init__.py'...
Compiling '/home/runner/work/Khala-joybug/Khala-joybug/.buildozer/android/platform/build-arm64-v8a/build/python-installs/khalajoybug/arm64-v8a/setuptools/_vendor/autocommand/autoasync.py'...
Compiling '/home/runner/work/Khala-joybug/Khala-joybug/.buildozer/android/platform/build-arm64-v8a/build/python-installs/khalajoybug/arm64-v8a/setuptools/_vendor/autocommand/autocommand.py'...
Compiling '/home/runner/work/Khala-joybug/Khala-joybug/.buildozer/android/platform/build-arm64-v8a/build/python-installs/khalajoybug/arm64-v8a/setuptools/_vendor/autocommand/automain.py'...
Compiling '/home/runner/work/Khala-joybug/Khala-joybug/.buildozer/android/platform/build-arm64-v8a/build/python-installs/khalajoybug/arm64-v8a/setuptools/_vendor/autocommand/autoparse.py'...
Compiling '/home/runner/work/Khala-joybug/Khala-joybug/.buildozer/android/platform/build-arm64-v8a/build/python-installs/khalajoybug/arm64-v8a/setuptools/_vendor/autocommand/errors.py'...
Listing '/home/runner/work/Khala-joybug/Khala-joybug/.buildozer/android/platform/build-arm64-v8a/build/python-installs/khalajoybug/arm64-v8a/setuptools/_vendor/autocommand-2.2.2.dist-info'...
Listing '/home/runner/work/Khala-joybug/Khala-joybug/.buildozer/android/platform/build-arm64-v8a/build/python-installs/khalajoybug/arm64-v8a/setuptools/_vendor/backports'...
Compiling '/home/runner/work/Khala-joybug/Khala-joybug/.buildozer/android/platform/build-arm64-v8a/build/python-installs/khalajoybug/arm64-v8a/setuptools/_vendor/backports/__init__.py'...
Listing '/home/runner/work/Khala-joybug/Khala-joybug/.buildozer/android/platform/build-arm64-v8a/build/python-installs/khalajoybug/arm64-v8a/setuptools/_vendor/backports/tarfile'...
Compiling '/home/runner/work/Khala-joybug/Khala-joybug/.buildozer/android/platform/build-arm64-v8a/build/python-installs/khalajoybug/arm64-v8a/setuptools/_vendor/backports/tarfile/__init__.py'...
Compiling '/home/runner/work/Khala-joybug/Khala-joybug/.buildozer/android/platform/build-arm64-v8a/build/python-installs/khalajoybug/arm64-v8a/setuptools/_vendor/backports/tarfile/__main__.py'...
Listing '/home/runner/work/Khala-joybug/Khala-joybug/.buildozer/android/platform/build-arm64-v8a/build/python-installs/khalajoybug/arm64-v8a/setuptools/_vendor/backports/tarfile/compat'...
Compiling '/home/runner/work/Khala-joybug/Khala-joybug/.buildozer/android/platform/build-arm64-v8a/build/python-installs/khalajoybug/arm64-v8a/setuptools/_vendor/backports/tarfile/compat/__init__.py'...
Compiling '/home/runner/work/Khala-joybug/Khala-joybug/.buildozer/android/platform/build-arm64-v8a/build/python-installs/khalajoybug/arm64-v8a/setuptools/_vendor/backports/tarfile/compat/py38.py'...
Listing '/home/runner/work/Khala-joybug/Khala-joybug/.buildozer/android/platform/build-arm64-v8a/build/python-installs/khalajoybug/arm64-v8a/setuptools/_vendor/backports.tarfile-1.2.0.dist-info'...
Listing '/home/runner/work/Khala-joybug/Khala-joybug/.buildozer/android/platform/build-arm64-v8a/build/python-installs/khalajoybug/arm64-v8a/setuptools/_vendor/importlib_metadata'...
Compiling '/home/runner/work/Khala-joybug/Khala-joybug/.buildozer/android/platform/build-arm64-v8a/build/python-installs/khalajoybug/arm64-v8a/setuptools/_vendor/importlib_metadata/__init__.py'...
Compiling '/home/runner/work/Khala-joybug/Khala-joybug/.buildozer/android/platform/build-arm64-v8a/build/python-installs/khalajoybug/arm64-v8a/setuptools/_vendor/importlib_metadata/_adapters.py'...
Compiling '/home/runner/work/Khala-joybug/Khala-joybug/.buildozer/android/platform/build-arm64-v8a/build/python-installs/khalajoybug/arm64-v8a/setuptools/_vendor/importlib_metadata/_collections.py'...
Compiling '/home/runner/work/Khala-joybug/Khala-joybug/.buildozer/android/platform/build-arm64-v8a/build/python-installs/khalajoybug/arm64-v8a/setuptools/_vendor/importlib_metadata/_compat.py'...
Compiling '/home/runner/work/Khala-joybug/Khala-joybug/.buildozer/android/platform/build-arm64-v8a/build/python-installs/khalajoybug/arm64-v8a/setuptools/_vendor/importlib_metadata/_functools.py'...
Compiling '/home/runner/work/Khala-joybug/Khala-joybug/.buildozer/android/platform/build-arm64-v8a/build/python-installs/khalajoybug/arm64-v8a/setuptools/_vendor/importlib_metadata/_itertools.py'...
Compiling '/home/runner/work/Khala-joybug/Khala-joybug/.buildozer/android/platform/build-arm64-v8a/build/python-installs/khalajoybug/arm64-v8a/setuptools/_vendor/importlib_metadata/_meta.py'...
Compiling '/home/runner/work/Khala-joybug/Khala-joybug/.buildozer/android/platform/build-arm64-v8a/build/python-installs/khalajoybug/arm64-v8a/setuptools/_vendor/importlib_metadata/_text.py'...
Compiling '/home/runner/work/Khala-joybug/Khala-joybug/.buildozer/android/platform/build-arm64-v8a/build/python-installs/khalajoybug/arm64-v8a/setuptools/_vendor/importlib_metadata/_typing.py'...
Listing '/home/runner/work/Khala-joybug/Khala-joybug/.buildozer/android/platform/build-arm64-v8a/build/python-installs/khalajoybug/arm64-v8a/setuptools/_vendor/importlib_metadata/compat'...
Compiling '/home/runner/work/Khala-joybug/Khala-joybug/.buildozer/android/platform/build-arm64-v8a/build/python-installs/khalajoybug/arm64-v8a/setuptools/_vendor/importlib_metadata/compat/__init__.py'...
Compiling '/home/runner/work/Khala-joybug/Khala-joybug/.buildozer/android/platform/build-arm64-v8a/build/python-installs/khalajoybug/arm64-v8a/setuptools/_vendor/importlib_metadata/compat/py311.py'...
Compiling '/home/runner/work/Khala-joybug/Khala-joybug/.buildozer/android/platform/build-arm64-v8a/build/python-installs/khalajoybug/arm64-v8a/setuptools/_vendor/importlib_metadata/compat/py39.py'...
Compiling '/home/runner/work/Khala-joybug/Khala-joybug/.buildozer/android/platform/build-arm64-v8a/build/python-installs/khalajoybug/arm64-v8a/setuptools/_vendor/importlib_metadata/diagnose.py'...
Listing '/home/runner/work/Khala-joybug/Khala-joybug/.buildozer/android/platform/build-arm64-v8a/build/python-installs/khalajoybug/arm64-v8a/setuptools/_vendor/importlib_metadata-8.7.1.dist-info'...
Listing '/home/runner/work/Khala-joybug/Khala-joybug/.buildozer/android/platform/build-arm64-v8a/build/python-installs/khalajoybug/arm64-v8a/setuptools/_vendor/importlib_metadata-8.7.1.dist-info/licenses'...
Listing '/home/runner/work/Khala-joybug/Khala-joybug/.buildozer/android/platform/build-arm64-v8a/build/python-installs/khalajoybug/arm64-v8a/setuptools/_vendor/jaraco'...
Listing '/home/runner/work/Khala-joybug/Khala-joybug/.buildozer/android/platform/build-arm64-v8a/build/python-installs/khalajoybug/arm64-v8a/setuptools/_vendor/jaraco/context'...
Compiling '/home/runner/work/Khala-joybug/Khala-joybug/.buildozer/android/platform/build-arm64-v8a/build/python-installs/khalajoybug/arm64-v8a/setuptools/_vendor/jaraco/context/__init__.py'...
Listing '/home/runner/work/Khala-joybug/Khala-joybug/.buildozer/android/platform/build-arm64-v8a/build/python-installs/khalajoybug/arm64-v8a/setuptools/_vendor/jaraco/functools'...
Compiling '/home/runner/work/Khala-joybug/Khala-joybug/.buildozer/android/platform/build-arm64-v8a/build/python-installs/khalajoybug/arm64-v8a/setuptools/_vendor/jaraco/functools/__init__.py'...
Listing '/home/runner/work/Khala-joybug/Khala-joybug/.buildozer/android/platform/build-arm64-v8a/build/python-installs/khalajoybug/arm64-v8a/setuptools/_vendor/jaraco/text'...
Compiling '/home/runner/work/Khala-joybug/Khala-joybug/.buildozer/android/platform/build-arm64-v8a/build/python-installs/khalajoybug/arm64-v8a/setuptools/_vendor/jaraco/text/__init__.py'...
Compiling '/home/runner/work/Khala-joybug/Khala-joybug/.buildozer/android/platform/build-arm64-v8a/build/python-installs/khalajoybug/arm64-v8a/setuptools/_vendor/jaraco/text/layouts.py'...
Compiling '/home/runner/work/Khala-joybug/Khala-joybug/.buildozer/android/platform/build-arm64-v8a/build/python-installs/khalajoybug/arm64-v8a/setuptools/_vendor/jaraco/text/show-newlines.py'...
Compiling '/home/runner/work/Khala-joybug/Khala-joybug/.buildozer/android/platform/build-arm64-v8a/build/python-installs/khalajoybug/arm64-v8a/setuptools/_vendor/jaraco/text/strip-prefix.py'...
Compiling '/home/runner/work/Khala-joybug/Khala-joybug/.buildozer/android/platform/build-arm64-v8a/build/python-installs/khalajoybug/arm64-v8a/setuptools/_vendor/jaraco/text/to-dvorak.py'...
Compiling '/home/runner/work/Khala-joybug/Khala-joybug/.buildozer/android/platform/build-arm64-v8a/build/python-installs/khalajoybug/arm64-v8a/setuptools/_vendor/jaraco/text/to-qwerty.py'...
Listing '/home/runner/work/Khala-joybug/Khala-joybug/.buildozer/android/platform/build-arm64-v8a/build/python-installs/khalajoybug/arm64-v8a/setuptools/_vendor/jaraco.text-4.0.0.dist-info'...
Listing '/home/runner/work/Khala-joybug/Khala-joybug/.buildozer/android/platform/build-arm64-v8a/build/python-installs/khalajoybug/arm64-v8a/setuptools/_vendor/jaraco_context-6.1.0.dist-info'...
Listing '/home/runner/work/Khala-joybug/Khala-joybug/.buildozer/android/platform/build-arm64-v8a/build/python-installs/khalajoybug/arm64-v8a/setuptools/_vendor/jaraco_context-6.1.0.dist-info/licenses'...
Listing '/home/runner/work/Khala-joybug/Khala-joybug/.buildozer/android/platform/build-arm64-v8a/build/python-installs/khalajoybug/arm64-v8a/setuptools/_vendor/jaraco_functools-4.4.0.dist-info'...
Listing '/home/runner/work/Khala-joybug/Khala-joybug/.buildozer/android/platform/build-arm64-v8a/build/python-installs/khalajoybug/arm64-v8a/setuptools/_vendor/jaraco_functools-4.4.0.dist-info/licenses'...
Listing '/home/runner/work/Khala-joybug/Khala-joybug/.buildozer/android/platform/build-arm64-v8a/build/python-installs/khalajoybug/arm64-v8a/setuptools/_vendor/more_itertools'...
Compiling '/home/runner/work/Khala-joybug/Khala-joybug/.buildozer/android/platform/build-arm64-v8a/build/python-installs/khalajoybug/arm64-v8a/setuptools/_vendor/more_itertools/__init__.py'...
Compiling '/home/runner/work/Khala-joybug/Khala-joybug/.buildozer/android/platform/build-arm64-v8a/build/python-installs/khalajoybug/arm64-v8a/setuptools/_vendor/more_itertools/more.py'...
Compiling '/home/runner/work/Khala-joybug/Khala-joybug/.buildozer/android/platform/build-arm64-v8a/build/python-installs/khalajoybug/arm64-v8a/setuptools/_vendor/more_itertools/recipes.py'...
Listing '/home/runner/work/Khala-joybug/Khala-joybug/.buildozer/android/platform/build-arm64-v8a/build/python-installs/khalajoybug/arm64-v8a/setuptools/_vendor/more_itertools-10.8.0.dist-info'...
Listing '/home/runner/work/Khala-joybug/Khala-joybug/.buildozer/android/platform/build-arm64-v8a/build/python-installs/khalajoybug/arm64-v8a/setuptools/_vendor/more_itertools-10.8.0.dist-info/licenses'...
Listing '/home/runner/work/Khala-joybug/Khala-joybug/.buildozer/android/platform/build-arm64-v8a/build/python-installs/khalajoybug/arm64-v8a/setuptools/_vendor/packaging'...
Compiling '/home/runner/work/Khala-joybug/Khala-joybug/.buildozer/android/platform/build-arm64-v8a/build/python-installs/khalajoybug/arm64-v8a/setuptools/_vendor/packaging/__init__.py'...
Compiling '/home/runner/work/Khala-joybug/Khala-joybug/.buildozer/android/platform/build-arm64-v8a/build/python-installs/khalajoybug/arm64-v8a/setuptools/_vendor/packaging/_elffile.py'...
Compiling '/home/runner/work/Khala-joybug/Khala-joybug/.buildozer/android/platform/build-arm64-v8a/build/python-installs/khalajoybug/arm64-v8a/setuptools/_vendor/packaging/_manylinux.py'...
Compiling '/home/runner/work/Khala-joybug/Khala-joybug/.buildozer/android/platform/build-arm64-v8a/build/python-installs/khalajoybug/arm64-v8a/setuptools/_vendor/packaging/_musllinux.py'...
Compiling '/home/runner/work/Khala-joybug/Khala-joybug/.buildozer/android/platform/build-arm64-v8a/build/python-installs/khalajoybug/arm64-v8a/setuptools/_vendor/packaging/_parser.py'...
Compiling '/home/runner/work/Khala-joybug/Khala-joybug/.buildozer/android/platform/build-arm64-v8a/build/python-installs/khalajoybug/arm64-v8a/setuptools/_vendor/packaging/_structures.py'...
Compiling '/home/runner/work/Khala-joybug/Khala-joybug/.buildozer/android/platform/build-arm64-v8a/build/python-installs/khalajoybug/arm64-v8a/setuptools/_vendor/packaging/_tokenizer.py'...
Listing '/home/runner/work/Khala-joybug/Khala-joybug/.buildozer/android/platform/build-arm64-v8a/build/python-installs/khalajoybug/arm64-v8a/setuptools/_vendor/packaging/licenses'...
Compiling '/home/runner/work/Khala-joybug/Khala-joybug/.buildozer/android/platform/build-arm64-v8a/build/python-installs/khalajoybug/arm64-v8a/setuptools/_vendor/packaging/licenses/__init__.py'...
Compiling '/home/runner/work/Khala-joybug/Khala-joybug/.buildozer/android/platform/build-arm64-v8a/build/python-installs/khalajoybug/arm64-v8a/setuptools/_vendor/packaging/licenses/_spdx.py'...
Compiling '/home/runner/work/Khala-joybug/Khala-joybug/.buildozer/android/platform/build-arm64-v8a/build/python-installs/khalajoybug/arm64-v8a/setuptools/_vendor/packaging/markers.py'...
Compiling '/home/runner/work/Khala-joybug/Khala-joybug/.buildozer/android/platform/build-arm64-v8a/build/python-installs/khalajoybug/arm64-v8a/setuptools/_vendor/packaging/metadata.py'...
Compiling '/home/runner/work/Khala-joybug/Khala-joybug/.buildozer/android/platform/build-arm64-v8a/build/python-installs/khalajoybug/arm64-v8a/setuptools/_vendor/packaging/pylock.py'...
Compiling '/home/runner/work/Khala-joybug/Khala-joybug/.buildozer/android/platform/build-arm64-v8a/build/python-installs/khalajoybug/arm64-v8a/setuptools/_vendor/packaging/requirements.py'...
Compiling '/home/runner/work/Khala-joybug/Khala-joybug/.buildozer/android/platform/build-arm64-v8a/build/python-installs/khalajoybug/arm64-v8a/setuptools/_vendor/packaging/specifiers.py'...
Compiling '/home/runner/work/Khala-joybug/Khala-joybug/.buildozer/android/platform/build-arm64-v8a/build/python-installs/khalajoybug/arm64-v8a/setuptools/_vendor/packaging/tags.py'...
Compiling '/home/runner/work/Khala-joybug/Khala-joybug/.buildozer/android/platform/build-arm64-v8a/build/python-installs/khalajoybug/arm64-v8a/setuptools/_vendor/packaging/utils.py'...
Compiling '/home/runner/work/Khala-joybug/Khala-joybug/.buildozer/android/platform/build-arm64-v8a/build/python-installs/khalajoybug/arm64-v8a/setuptools/_vendor/packaging/version.py'...
Listing '/home/runner/work/Khala-joybug/Khala-joybug/.buildozer/android/platform/build-arm64-v8a/build/python-installs/khalajoybug/arm64-v8a/setuptools/_vendor/packaging-26.0.dist-info'...
Listing '/home/runner/work/Khala-joybug/Khala-joybug/.buildozer/android/platform/build-arm64-v8a/build/python-installs/khalajoybug/arm64-v8a/setuptools/_vendor/packaging-26.0.dist-info/licenses'...
Listing '/home/runner/work/Khala-joybug/Khala-joybug/.buildozer/android/platform/build-arm64-v8a/build/python-installs/khalajoybug/arm64-v8a/setuptools/_vendor/platformdirs'...
Compiling '/home/runner/work/Khala-joybug/Khala-joybug/.buildozer/android/platform/build-arm64-v8a/build/python-installs/khalajoybug/arm64-v8a/setuptools/_vendor/platformdirs/__init__.py'...
Compiling '/home/runner/work/Khala-joybug/Khala-joybug/.buildozer/android/platform/build-arm64-v8a/build/python-installs/khalajoybug/arm64-v8a/setuptools/_vendor/platformdirs/__main__.py'...
Compiling '/home/runner/work/Khala-joybug/Khala-joybug/.buildozer/android/platform/build-arm64-v8a/build/python-installs/khalajoybug/arm64-v8a/setuptools/_vendor/platformdirs/android.py'...
Compiling '/home/runner/work/Khala-joybug/Khala-joybug/.buildozer/android/platform/build-arm64-v8a/build/python-installs/khalajoybug/arm64-v8a/setuptools/_vendor/platformdirs/api.py'...
Compiling '/home/runner/work/Khala-joybug/Khala-joybug/.buildozer/android/platform/build-arm64-v8a/build/python-installs/khalajoybug/arm64-v8a/setuptools/_vendor/platformdirs/macos.py'...
Compiling '/home/runner/work/Khala-joybug/Khala-joybug/.buildozer/android/platform/build-arm64-v8a/build/python-installs/khalajoybug/arm64-v8a/setuptools/_vendor/platformdirs/unix.py'...
Compiling '/home/runner/work/Khala-joybug/Khala-joybug/.buildozer/android/platform/build-arm64-v8a/build/python-installs/khalajoybug/arm64-v8a/setuptools/_vendor/platformdirs/version.py'...
Compiling '/home/runner/work/Khala-joybug/Khala-joybug/.buildozer/android/platform/build-arm64-v8a/build/python-installs/khalajoybug/arm64-v8a/setuptools/_vendor/platformdirs/windows.py'...
Listing '/home/runner/work/Khala-joybug/Khala-joybug/.buildozer/android/platform/build-arm64-v8a/build/python-installs/khalajoybug/arm64-v8a/setuptools/_vendor/platformdirs-4.4.0.dist-info'...
Listing '/home/runner/work/Khala-joybug/Khala-joybug/.buildozer/android/platform/build-arm64-v8a/build/python-installs/khalajoybug/arm64-v8a/setuptools/_vendor/platformdirs-4.4.0.dist-info/licenses'...
Listing '/home/runner/work/Khala-joybug/Khala-joybug/.buildozer/android/platform/build-arm64-v8a/build/python-installs/khalajoybug/arm64-v8a/setuptools/_vendor/tomli'...
Compiling '/home/runner/work/Khala-joybug/Khala-joybug/.buildozer/android/platform/build-arm64-v8a/build/python-installs/khalajoybug/arm64-v8a/setuptools/_vendor/tomli/__init__.py'...
Compiling '/home/runner/work/Khala-joybug/Khala-joybug/.buildozer/android/platform/build-arm64-v8a/build/python-installs/khalajoybug/arm64-v8a/setuptools/_vendor/tomli/_parser.py'...
Compiling '/home/runner/work/Khala-joybug/Khala-joybug/.buildozer/android/platform/build-arm64-v8a/build/python-installs/khalajoybug/arm64-v8a/setuptools/_vendor/tomli/_re.py'...
Compiling '/home/runner/work/Khala-joybug/Khala-joybug/.buildozer/android/platform/build-arm64-v8a/build/python-installs/khalajoybug/arm64-v8a/setuptools/_vendor/tomli/_types.py'...
Listing '/home/runner/work/Khala-joybug/Khala-joybug/.buildozer/android/platform/build-arm64-v8a/build/python-installs/khalajoybug/arm64-v8a/setuptools/_vendor/tomli-2.4.0.dist-info'...
Listing '/home/runner/work/Khala-joybug/Khala-joybug/.buildozer/android/platform/build-arm64-v8a/build/python-installs/khalajoybug/arm64-v8a/setuptools/_vendor/tomli-2.4.0.dist-info/licenses'...
Listing '/home/runner/work/Khala-joybug/Khala-joybug/.buildozer/android/platform/build-arm64-v8a/build/python-installs/khalajoybug/arm64-v8a/setuptools/_vendor/wheel'...
Compiling '/home/runner/work/Khala-joybug/Khala-joybug/.buildozer/android/platform/build-arm64-v8a/build/python-installs/khalajoybug/arm64-v8a/setuptools/_vendor/wheel/__init__.py'...
Compiling '/home/runner/work/Khala-joybug/Khala-joybug/.buildozer/android/platform/build-arm64-v8a/build/python-installs/khalajoybug/arm64-v8a/setuptools/_vendor/wheel/__main__.py'...
Compiling '/home/runner/work/Khala-joybug/Khala-joybug/.buildozer/android/platform/build-arm64-v8a/build/python-installs/khalajoybug/arm64-v8a/setuptools/_vendor/wheel/_bdist_wheel.py'...
Listing '/home/runner/work/Khala-joybug/Khala-joybug/.buildozer/android/platform/build-arm64-v8a/build/python-installs/khalajoybug/arm64-v8a/setuptools/_vendor/wheel/_commands'...
Compiling '/home/runner/work/Khala-joybug/Khala-joybug/.buildozer/android/platform/build-arm64-v8a/build/python-installs/khalajoybug/arm64-v8a/setuptools/_vendor/wheel/_commands/__init__.py'...
Compiling '/home/runner/work/Khala-joybug/Khala-joybug/.buildozer/android/platform/build-arm64-v8a/build/python-installs/khalajoybug/arm64-v8a/setuptools/_vendor/wheel/_commands/convert.py'...
Compiling '/home/runner/work/Khala-joybug/Khala-joybug/.buildozer/android/platform/build-arm64-v8a/build/python-installs/khalajoybug/arm64-v8a/setuptools/_vendor/wheel/_commands/pack.py'...
Compiling '/home/runner/work/Khala-joybug/Khala-joybug/.buildozer/android/platform/build-arm64-v8a/build/python-installs/khalajoybug/arm64-v8a/setuptools/_vendor/wheel/_commands/tags.py'...
Compiling '/home/runner/work/Khala-joybug/Khala-joybug/.buildozer/android/platform/build-arm64-v8a/build/python-installs/khalajoybug/arm64-v8a/setuptools/_vendor/wheel/_commands/unpack.py'...
Compiling '/home/runner/work/Khala-joybug/Khala-joybug/.buildozer/android/platform/build-arm64-v8a/build/python-installs/khalajoybug/arm64-v8a/setuptools/_vendor/wheel/_metadata.py'...
Compiling '/home/runner/work/Khala-joybug/Khala-joybug/.buildozer/android/platform/build-arm64-v8a/build/python-installs/khalajoybug/arm64-v8a/setuptools/_vendor/wheel/_setuptools_logging.py'...
Compiling '/home/runner/work/Khala-joybug/Khala-joybug/.buildozer/android/platform/build-arm64-v8a/build/python-installs/khalajoybug/arm64-v8a/setuptools/_vendor/wheel/bdist_wheel.py'...
Compiling '/home/runner/work/Khala-joybug/Khala-joybug/.buildozer/android/platform/build-arm64-v8a/build/python-installs/khalajoybug/arm64-v8a/setuptools/_vendor/wheel/macosx_libfile.py'...
Compiling '/home/runner/work/Khala-joybug/Khala-joybug/.buildozer/android/platform/build-arm64-v8a/build/python-installs/khalajoybug/arm64-v8a/setuptools/_vendor/wheel/metadata.py'...
Compiling '/home/runner/work/Khala-joybug/Khala-joybug/.buildozer/android/platform/build-arm64-v8a/build/python-installs/khalajoybug/arm64-v8a/setuptools/_vendor/wheel/wheelfile.py'...
Listing '/home/runner/work/Khala-joybug/Khala-joybug/.buildozer/android/platform/build-arm64-v8a/build/python-installs/khalajoybug/arm64-v8a/setuptools/_vendor/wheel-0.46.3.dist-info'...
Listing '/home/runner/work/Khala-joybug/Khala-joybug/.buildozer/android/platform/build-arm64-v8a/build/python-installs/khalajoybug/arm64-v8a/setuptools/_vendor/wheel-0.46.3.dist-info/licenses'...
Listing '/home/runner/work/Khala-joybug/Khala-joybug/.buildozer/android/platform/build-arm64-v8a/build/python-installs/khalajoybug/arm64-v8a/setuptools/_vendor/zipp'...
Compiling '/home/runner/work/Khala-joybug/Khala-joybug/.buildozer/android/platform/build-arm64-v8a/build/python-installs/khalajoybug/arm64-v8a/setuptools/_vendor/zipp/__init__.py'...
Compiling '/home/runner/work/Khala-joybug/Khala-joybug/.buildozer/android/platform/build-arm64-v8a/build/python-installs/khalajoybug/arm64-v8a/setuptools/_vendor/zipp/_functools.py'...
Listing '/home/runner/work/Khala-joybug/Khala-joybug/.buildozer/android/platform/build-arm64-v8a/build/python-installs/khalajoybug/arm64-v8a/setuptools/_vendor/zipp/compat'...
Compiling '/home/runner/work/Khala-joybug/Khala-joybug/.buildozer/android/platform/build-arm64-v8a/build/python-installs/khalajoybug/arm64-v8a/setuptools/_vendor/zipp/compat/__init__.py'...
Compiling '/home/runner/work/Khala-joybug/Khala-joybug/.buildozer/android/platform/build-arm64-v8a/build/python-installs/khalajoybug/arm64-v8a/setuptools/_vendor/zipp/compat/overlay.py'...
Compiling '/home/runner/work/Khala-joybug/Khala-joybug/.buildozer/android/platform/build-arm64-v8a/build/python-installs/khalajoybug/arm64-v8a/setuptools/_vendor/zipp/compat/py310.py'...
Compiling '/home/runner/work/Khala-joybug/Khala-joybug/.buildozer/android/platform/build-arm64-v8a/build/python-installs/khalajoybug/arm64-v8a/setuptools/_vendor/zipp/compat/py313.py'...
Compiling '/home/runner/work/Khala-joybug/Khala-joybug/.buildozer/android/platform/build-arm64-v8a/build/python-installs/khalajoybug/arm64-v8a/setuptools/_vendor/zipp/glob.py'...
Listing '/home/runner/work/Khala-joybug/Khala-joybug/.buildozer/android/platform/build-arm64-v8a/build/python-installs/khalajoybug/arm64-v8a/setuptools/_vendor/zipp-3.23.0.dist-info'...
Listing '/home/runner/work/Khala-joybug/Khala-joybug/.buildozer/android/platform/build-arm64-v8a/build/python-installs/khalajoybug/arm64-v8a/setuptools/_vendor/zipp-3.23.0.dist-info/licenses'...
Compiling '/home/runner/work/Khala-joybug/Khala-joybug/.buildozer/android/platform/build-arm64-v8a/build/python-installs/khalajoybug/arm64-v8a/setuptools/archive_util.py'...
Compiling '/home/runner/work/Khala-joybug/Khala-joybug/.buildozer/android/platform/build-arm64-v8a/build/python-installs/khalajoybug/arm64-v8a/setuptools/build_meta.py'...
Listing '/home/runner/work/Khala-joybug/Khala-joybug/.buildozer/android/platform/build-arm64-v8a/build/python-installs/khalajoybug/arm64-v8a/setuptools/command'...
Compiling '/home/runner/work/Khala-joybug/Khala-joybug/.buildozer/android/platform/build-arm64-v8a/build/python-installs/khalajoybug/arm64-v8a/setuptools/command/__init__.py'...
Compiling '/home/runner/work/Khala-joybug/Khala-joybug/.buildozer/android/platform/build-arm64-v8a/build/python-installs/khalajoybug/arm64-v8a/setuptools/command/_requirestxt.py'...
Compiling '/home/runner/work/Khala-joybug/Khala-joybug/.buildozer/android/platform/build-arm64-v8a/build/python-installs/khalajoybug/arm64-v8a/setuptools/command/alias.py'...
Compiling '/home/runner/work/Khala-joybug/Khala-joybug/.buildozer/android/platform/build-arm64-v8a/build/python-installs/khalajoybug/arm64-v8a/setuptools/command/bdist_egg.py'...
Compiling '/home/runner/work/Khala-joybug/Khala-joybug/.buildozer/android/platform/build-arm64-v8a/build/python-installs/khalajoybug/arm64-v8a/setuptools/command/bdist_rpm.py'...
Compiling '/home/runner/work/Khala-joybug/Khala-joybug/.buildozer/android/platform/build-arm64-v8a/build/python-installs/khalajoybug/arm64-v8a/setuptools/command/bdist_wheel.py'...
Compiling '/home/runner/work/Khala-joybug/Khala-joybug/.buildozer/android/platform/build-arm64-v8a/build/python-installs/khalajoybug/arm64-v8a/setuptools/command/build.py'...
Compiling '/home/runner/work/Khala-joybug/Khala-joybug/.buildozer/android/platform/build-arm64-v8a/build/python-installs/khalajoybug/arm64-v8a/setuptools/command/build_clib.py'...
Compiling '/home/runner/work/Khala-joybug/Khala-joybug/.buildozer/android/platform/build-arm64-v8a/build/python-installs/khalajoybug/arm64-v8a/setuptools/command/build_ext.py'...
Compiling '/home/runner/work/Khala-joybug/Khala-joybug/.buildozer/android/platform/build-arm64-v8a/build/python-installs/khalajoybug/arm64-v8a/setuptools/command/build_py.py'...
Compiling '/home/runner/work/Khala-joybug/Khala-joybug/.buildozer/android/platform/build-arm64-v8a/build/python-installs/khalajoybug/arm64-v8a/setuptools/command/develop.py'...
Compiling '/home/runner/work/Khala-joybug/Khala-joybug/.buildozer/android/platform/build-arm64-v8a/build/python-installs/khalajoybug/arm64-v8a/setuptools/command/dist_info.py'...
Compiling '/home/runner/work/Khala-joybug/Khala-joybug/.buildozer/android/platform/build-arm64-v8a/build/python-installs/khalajoybug/arm64-v8a/setuptools/command/easy_install.py'...
Compiling '/home/runner/work/Khala-joybug/Khala-joybug/.buildozer/android/platform/build-arm64-v8a/build/python-installs/khalajoybug/arm64-v8a/setuptools/command/editable_wheel.py'...
Compiling '/home/runner/work/Khala-joybug/Khala-joybug/.buildozer/android/platform/build-arm64-v8a/build/python-installs/khalajoybug/arm64-v8a/setuptools/command/egg_info.py'...
Compiling '/home/runner/work/Khala-joybug/Khala-joybug/.buildozer/android/platform/build-arm64-v8a/build/python-installs/khalajoybug/arm64-v8a/setuptools/command/install.py'...
Compiling '/home/runner/work/Khala-joybug/Khala-joybug/.buildozer/android/platform/build-arm64-v8a/build/python-installs/khalajoybug/arm64-v8a/setuptools/command/install_egg_info.py'...
Compiling '/home/runner/work/Khala-joybug/Khala-joybug/.buildozer/android/platform/build-arm64-v8a/build/python-installs/khalajoybug/arm64-v8a/setuptools/command/install_lib.py'...
Compiling '/home/runner/work/Khala-joybug/Khala-joybug/.buildozer/android/platform/build-arm64-v8a/build/python-installs/khalajoybug/arm64-v8a/setuptools/command/install_scripts.py'...
Compiling '/home/runner/work/Khala-joybug/Khala-joybug/.buildozer/android/platform/build-arm64-v8a/build/python-installs/khalajoybug/arm64-v8a/setuptools/command/rotate.py'...
Compiling '/home/runner/work/Khala-joybug/Khala-joybug/.buildozer/android/platform/build-arm64-v8a/build/python-installs/khalajoybug/arm64-v8a/setuptools/command/saveopts.py'...
Compiling '/home/runner/work/Khala-joybug/Khala-joybug/.buildozer/android/platform/build-arm64-v8a/build/python-installs/khalajoybug/arm64-v8a/setuptools/command/sdist.py'...
Compiling '/home/runner/work/Khala-joybug/Khala-joybug/.buildozer/android/platform/build-arm64-v8a/build/python-installs/khalajoybug/arm64-v8a/setuptools/command/setopt.py'...
Compiling '/home/runner/work/Khala-joybug/Khala-joybug/.buildozer/android/platform/build-arm64-v8a/build/python-installs/khalajoybug/arm64-v8a/setuptools/command/test.py'...
Listing '/home/runner/work/Khala-joybug/Khala-joybug/.buildozer/android/platform/build-arm64-v8a/build/python-installs/khalajoybug/arm64-v8a/setuptools/compat'...
Compiling '/home/runner/work/Khala-joybug/Khala-joybug/.buildozer/android/platform/build-arm64-v8a/build/python-installs/khalajoybug/arm64-v8a/setuptools/compat/__init__.py'...
Compiling '/home/runner/work/Khala-joybug/Khala-joybug/.buildozer/android/platform/build-arm64-v8a/build/python-installs/khalajoybug/arm64-v8a/setuptools/compat/py310.py'...
Compiling '/home/runner/work/Khala-joybug/Khala-joybug/.buildozer/android/platform/build-arm64-v8a/build/python-installs/khalajoybug/arm64-v8a/setuptools/compat/py311.py'...
Compiling '/home/runner/work/Khala-joybug/Khala-joybug/.buildozer/android/platform/build-arm64-v8a/build/python-installs/khalajoybug/arm64-v8a/setuptools/compat/py312.py'...
Compiling '/home/runner/work/Khala-joybug/Khala-joybug/.buildozer/android/platform/build-arm64-v8a/build/python-installs/khalajoybug/arm64-v8a/setuptools/compat/py39.py'...
Listing '/home/runner/work/Khala-joybug/Khala-joybug/.buildozer/android/platform/build-arm64-v8a/build/python-installs/khalajoybug/arm64-v8a/setuptools/config'...
Compiling '/home/runner/work/Khala-joybug/Khala-joybug/.buildozer/android/platform/build-arm64-v8a/build/python-installs/khalajoybug/arm64-v8a/setuptools/config/__init__.py'...
Compiling '/home/runner/work/Khala-joybug/Khala-joybug/.buildozer/android/platform/build-arm64-v8a/build/python-installs/khalajoybug/arm64-v8a/setuptools/config/_apply_pyprojecttoml.py'...
Listing '/home/runner/work/Khala-joybug/Khala-joybug/.buildozer/android/platform/build-arm64-v8a/build/python-installs/khalajoybug/arm64-v8a/setuptools/config/_validate_pyproject'...
Compiling '/home/runner/work/Khala-joybug/Khala-joybug/.buildozer/android/platform/build-arm64-v8a/build/python-installs/khalajoybug/arm64-v8a/setuptools/config/_validate_pyproject/__init__.py'...
Compiling '/home/runner/work/Khala-joybug/Khala-joybug/.buildozer/android/platform/build-arm64-v8a/build/python-installs/khalajoybug/arm64-v8a/setuptools/config/_validate_pyproject/error_reporting.py'...
Compiling '/home/runner/work/Khala-joybug/Khala-joybug/.buildozer/android/platform/build-arm64-v8a/build/python-installs/khalajoybug/arm64-v8a/setuptools/config/_validate_pyproject/extra_validations.py'...
Compiling '/home/runner/work/Khala-joybug/Khala-joybug/.buildozer/android/platform/build-arm64-v8a/build/python-installs/khalajoybug/arm64-v8a/setuptools/config/_validate_pyproject/fastjsonschema_exceptions.py'...
Compiling '/home/runner/work/Khala-joybug/Khala-joybug/.buildozer/android/platform/build-arm64-v8a/build/python-installs/khalajoybug/arm64-v8a/setuptools/config/_validate_pyproject/fastjsonschema_validations.py'...
Compiling '/home/runner/work/Khala-joybug/Khala-joybug/.buildozer/android/platform/build-arm64-v8a/build/python-installs/khalajoybug/arm64-v8a/setuptools/config/_validate_pyproject/formats.py'...
Compiling '/home/runner/work/Khala-joybug/Khala-joybug/.buildozer/android/platform/build-arm64-v8a/build/python-installs/khalajoybug/arm64-v8a/setuptools/config/expand.py'...
Compiling '/home/runner/work/Khala-joybug/Khala-joybug/.buildozer/android/platform/build-arm64-v8a/build/python-installs/khalajoybug/arm64-v8a/setuptools/config/pyprojecttoml.py'...
Compiling '/home/runner/work/Khala-joybug/Khala-joybug/.buildozer/android/platform/build-arm64-v8a/build/python-installs/khalajoybug/arm64-v8a/setuptools/config/setupcfg.py'...
Compiling '/home/runner/work/Khala-joybug/Khala-joybug/.buildozer/android/platform/build-arm64-v8a/build/python-installs/khalajoybug/arm64-v8a/setuptools/depends.py'...
Compiling '/home/runner/work/Khala-joybug/Khala-joybug/.buildozer/android/platform/build-arm64-v8a/build/python-installs/khalajoybug/arm64-v8a/setuptools/discovery.py'...
Compiling '/home/runner/work/Khala-joybug/Khala-joybug/.buildozer/android/platform/build-arm64-v8a/build/python-installs/khalajoybug/arm64-v8a/setuptools/dist.py'...
Compiling '/home/runner/work/Khala-joybug/Khala-joybug/.buildozer/android/platform/build-arm64-v8a/build/python-installs/khalajoybug/arm64-v8a/setuptools/errors.py'...
Compiling '/home/runner/work/Khala-joybug/Khala-joybug/.buildozer/android/platform/build-arm64-v8a/build/python-installs/khalajoybug/arm64-v8a/setuptools/extension.py'...
Compiling '/home/runner/work/Khala-joybug/Khala-joybug/.buildozer/android/platform/build-arm64-v8a/build/python-installs/khalajoybug/arm64-v8a/setuptools/glob.py'...
Compiling '/home/runner/work/Khala-joybug/Khala-joybug/.buildozer/android/platform/build-arm64-v8a/build/python-installs/khalajoybug/arm64-v8a/setuptools/installer.py'...
Compiling '/home/runner/work/Khala-joybug/Khala-joybug/.buildozer/android/platform/build-arm64-v8a/build/python-installs/khalajoybug/arm64-v8a/setuptools/launch.py'...
Compiling '/home/runner/work/Khala-joybug/Khala-joybug/.buildozer/android/platform/build-arm64-v8a/build/python-installs/khalajoybug/arm64-v8a/setuptools/logging.py'...
Compiling '/home/runner/work/Khala-joybug/Khala-joybug/.buildozer/android/platform/build-arm64-v8a/build/python-installs/khalajoybug/arm64-v8a/setuptools/modified.py'...
Compiling '/home/runner/work/Khala-joybug/Khala-joybug/.buildozer/android/platform/build-arm64-v8a/build/python-installs/khalajoybug/arm64-v8a/setuptools/monkey.py'...
Compiling '/home/runner/work/Khala-joybug/Khala-joybug/.buildozer/android/platform/build-arm64-v8a/build/python-installs/khalajoybug/arm64-v8a/setuptools/msvc.py'...
Compiling '/home/runner/work/Khala-joybug/Khala-joybug/.buildozer/android/platform/build-arm64-v8a/build/python-installs/khalajoybug/arm64-v8a/setuptools/namespaces.py'...
Compiling '/home/runner/work/Khala-joybug/Khala-joybug/.buildozer/android/platform/build-arm64-v8a/build/python-installs/khalajoybug/arm64-v8a/setuptools/unicode_utils.py'...
Compiling '/home/runner/work/Khala-joybug/Khala-joybug/.buildozer/android/platform/build-arm64-v8a/build/python-installs/khalajoybug/arm64-v8a/setuptools/version.py'...
Compiling '/home/runner/work/Khala-joybug/Khala-joybug/.buildozer/android/platform/build-arm64-v8a/build/python-installs/khalajoybug/arm64-v8a/setuptools/warnings.py'...
Compiling '/home/runner/work/Khala-joybug/Khala-joybug/.buildozer/android/platform/build-arm64-v8a/build/python-installs/khalajoybug/arm64-v8a/setuptools/wheel.py'...
Compiling '/home/runner/work/Khala-joybug/Khala-joybug/.buildozer/android/platform/build-arm64-v8a/build/python-installs/khalajoybug/arm64-v8a/setuptools/windows_support.py'...
Listing '/home/runner/work/Khala-joybug/Khala-joybug/.buildozer/android/platform/build-arm64-v8a/build/python-installs/khalajoybug/arm64-v8a/setuptools-84.0.0.dist-info'...
Listing '/home/runner/work/Khala-joybug/Khala-joybug/.buildozer/android/platform/build-arm64-v8a/build/python-installs/khalajoybug/arm64-v8a/setuptools-84.0.0.dist-info/licenses'...
Listing '/home/runner/work/Khala-joybug/Khala-joybug/.buildozer/android/platform/build-arm64-v8a/build/python-installs/khalajoybug/arm64-v8a/six-1.17.0.dist-info'...
Compiling '/home/runner/work/Khala-joybug/Khala-joybug/.buildozer/android/platform/build-arm64-v8a/build/python-installs/khalajoybug/arm64-v8a/six.py'...
Listing '/home/runner/work/Khala-joybug/Khala-joybug/.buildozer/android/platform/build-arm64-v8a/build/python-installs/khalajoybug/arm64-v8a/urllib3'...
Compiling '/home/runner/work/Khala-joybug/Khala-joybug/.buildozer/android/platform/build-arm64-v8a/build/python-installs/khalajoybug/arm64-v8a/urllib3/__init__.py'...
Compiling '/home/runner/work/Khala-joybug/Khala-joybug/.buildozer/android/platform/build-arm64-v8a/build/python-installs/khalajoybug/arm64-v8a/urllib3/_base_connection.py'...
Compiling '/home/runner/work/Khala-joybug/Khala-joybug/.buildozer/android/platform/build-arm64-v8a/build/python-installs/khalajoybug/arm64-v8a/urllib3/_collections.py'...
Compiling '/home/runner/work/Khala-joybug/Khala-joybug/.buildozer/android/platform/build-arm64-v8a/build/python-installs/khalajoybug/arm64-v8a/urllib3/_request_methods.py'...
Compiling '/home/runner/work/Khala-joybug/Khala-joybug/.buildozer/android/platform/build-arm64-v8a/build/python-installs/khalajoybug/arm64-v8a/urllib3/_version.py'...
Compiling '/home/runner/work/Khala-joybug/Khala-joybug/.buildozer/android/platform/build-arm64-v8a/build/python-installs/khalajoybug/arm64-v8a/urllib3/connection.py'...
Compiling '/home/runner/work/Khala-joybug/Khala-joybug/.buildozer/android/platform/build-arm64-v8a/build/python-installs/khalajoybug/arm64-v8a/urllib3/connectionpool.py'...
Listing '/home/runner/work/Khala-joybug/Khala-joybug/.buildozer/android/platform/build-arm64-v8a/build/python-installs/khalajoybug/arm64-v8a/urllib3/contrib'...
Compiling '/home/runner/work/Khala-joybug/Khala-joybug/.buildozer/android/platform/build-arm64-v8a/build/python-installs/khalajoybug/arm64-v8a/urllib3/contrib/__init__.py'...
Listing '/home/runner/work/Khala-joybug/Khala-joybug/.buildozer/android/platform/build-arm64-v8a/build/python-installs/khalajoybug/arm64-v8a/urllib3/contrib/emscripten'...
Compiling '/home/runner/work/Khala-joybug/Khala-joybug/.buildozer/android/platform/build-arm64-v8a/build/python-installs/khalajoybug/arm64-v8a/urllib3/contrib/emscripten/__init__.py'...
Compiling '/home/runner/work/Khala-joybug/Khala-joybug/.buildozer/android/platform/build-arm64-v8a/build/python-installs/khalajoybug/arm64-v8a/urllib3/contrib/emscripten/connection.py'...
Compiling '/home/runner/work/Khala-joybug/Khala-joybug/.buildozer/android/platform/build-arm64-v8a/build/python-installs/khalajoybug/arm64-v8a/urllib3/contrib/emscripten/fetch.py'...
Compiling '/home/runner/work/Khala-joybug/Khala-joybug/.buildozer/android/platform/build-arm64-v8a/build/python-installs/khalajoybug/arm64-v8a/urllib3/contrib/emscripten/request.py'...
Compiling '/home/runner/work/Khala-joybug/Khala-joybug/.buildozer/android/platform/build-arm64-v8a/build/python-installs/khalajoybug/arm64-v8a/urllib3/contrib/emscripten/response.py'...
Compiling '/home/runner/work/Khala-joybug/Khala-joybug/.buildozer/android/platform/build-arm64-v8a/build/python-installs/khalajoybug/arm64-v8a/urllib3/contrib/pyopenssl.py'...
Compiling '/home/runner/work/Khala-joybug/Khala-joybug/.buildozer/android/platform/build-arm64-v8a/build/python-installs/khalajoybug/arm64-v8a/urllib3/contrib/socks.py'...
Compiling '/home/runner/work/Khala-joybug/Khala-joybug/.buildozer/android/platform/build-arm64-v8a/build/python-installs/khalajoybug/arm64-v8a/urllib3/exceptions.py'...
Compiling '/home/runner/work/Khala-joybug/Khala-joybug/.buildozer/android/platform/build-arm64-v8a/build/python-installs/khalajoybug/arm64-v8a/urllib3/fields.py'...
Compiling '/home/runner/work/Khala-joybug/Khala-joybug/.buildozer/android/platform/build-arm64-v8a/build/python-installs/khalajoybug/arm64-v8a/urllib3/filepost.py'...
Listing '/home/runner/work/Khala-joybug/Khala-joybug/.buildozer/android/platform/build-arm64-v8a/build/python-installs/khalajoybug/arm64-v8a/urllib3/http2'...
Compiling '/home/runner/work/Khala-joybug/Khala-joybug/.buildozer/android/platform/build-arm64-v8a/build/python-installs/khalajoybug/arm64-v8a/urllib3/http2/__init__.py'...
Compiling '/home/runner/work/Khala-joybug/Khala-joybug/.buildozer/android/platform/build-arm64-v8a/build/python-installs/khalajoybug/arm64-v8a/urllib3/http2/connection.py'...
Compiling '/home/runner/work/Khala-joybug/Khala-joybug/.buildozer/android/platform/build-arm64-v8a/build/python-installs/khalajoybug/arm64-v8a/urllib3/http2/probe.py'...
Compiling '/home/runner/work/Khala-joybug/Khala-joybug/.buildozer/android/platform/build-arm64-v8a/build/python-installs/khalajoybug/arm64-v8a/urllib3/poolmanager.py'...
Compiling '/home/runner/work/Khala-joybug/Khala-joybug/.buildozer/android/platform/build-arm64-v8a/build/python-installs/khalajoybug/arm64-v8a/urllib3/response.py'...
Listing '/home/runner/work/Khala-joybug/Khala-joybug/.buildozer/android/platform/build-arm64-v8a/build/python-installs/khalajoybug/arm64-v8a/urllib3/util'...
Compiling '/home/runner/work/Khala-joybug/Khala-joybug/.buildozer/android/platform/build-arm64-v8a/build/python-installs/khalajoybug/arm64-v8a/urllib3/util/__init__.py'...
Compiling '/home/runner/work/Khala-joybug/Khala-joybug/.buildozer/android/platform/build-arm64-v8a/build/python-installs/khalajoybug/arm64-v8a/urllib3/util/connection.py'...
Compiling '/home/runner/work/Khala-joybug/Khala-joybug/.buildozer/android/platform/build-arm64-v8a/build/python-installs/khalajoybug/arm64-v8a/urllib3/util/proxy.py'...
Compiling '/home/runner/work/Khala-joybug/Khala-joybug/.buildozer/android/platform/build-arm64-v8a/build/python-installs/khalajoybug/arm64-v8a/urllib3/util/request.py'...
Compiling '/home/runner/work/Khala-joybug/Khala-joybug/.buildozer/android/platform/build-arm64-v8a/build/python-installs/khalajoybug/arm64-v8a/urllib3/util/response.py'...
Compiling '/home/runner/work/Khala-joybug/Khala-joybug/.buildozer/android/platform/build-arm64-v8a/build/python-installs/khalajoybug/arm64-v8a/urllib3/util/retry.py'...
Compiling '/home/runner/work/Khala-joybug/Khala-joybug/.buildozer/android/platform/build-arm64-v8a/build/python-installs/khalajoybug/arm64-v8a/urllib3/util/ssl_.py'...
Compiling '/home/runner/work/Khala-joybug/Khala-joybug/.buildozer/android/platform/build-arm64-v8a/build/python-installs/khalajoybug/arm64-v8a/urllib3/util/ssl_match_hostname.py'...
Compiling '/home/runner/work/Khala-joybug/Khala-joybug/.buildozer/android/platform/build-arm64-v8a/build/python-installs/khalajoybug/arm64-v8a/urllib3/util/ssltransport.py'...
Compiling '/home/runner/work/Khala-joybug/Khala-joybug/.buildozer/android/platform/build-arm64-v8a/build/python-installs/khalajoybug/arm64-v8a/urllib3/util/timeout.py'...
Compiling '/home/runner/work/Khala-joybug/Khala-joybug/.buildozer/android/platform/build-arm64-v8a/build/python-installs/khalajoybug/arm64-v8a/urllib3/util/url.py'...
Compiling '/home/runner/work/Khala-joybug/Khala-joybug/.buildozer/android/platform/build-arm64-v8a/build/python-installs/khalajoybug/arm64-v8a/urllib3/util/util.py'...
Compiling '/home/runner/work/Khala-joybug/Khala-joybug/.buildozer/android/platform/build-arm64-v8a/build/python-installs/khalajoybug/arm64-v8a/urllib3/util/wait.py'...
Listing '/home/runner/work/Khala-joybug/Khala-joybug/.buildozer/android/platform/build-arm64-v8a/build/python-installs/khalajoybug/arm64-v8a/urllib3-2.8.0.dist-info'...
Listing '/home/runner/work/Khala-joybug/Khala-joybug/.buildozer/android/platform/build-arm64-v8a/build/python-installs/khalajoybug/arm64-v8a/urllib3-2.8.0.dist-info/licenses'...
[DEBUG]:   Create directory /home/runner/work/Khala-joybug/Khala-joybug/.buildozer/android/platform/build-arm64-v8a/dists/khalajoybug/_python_bundle__arm64-v8a/_python_bundle/modules
[INFO]:    Copy 65 files into the bundle
[INFO]:     - copy /home/runner/work/Khala-joybug/Khala-joybug/.buildozer/android/platform/build-arm64-v8a/build/other_builds/python3/arm64-v8a__ndk_target_21/python3/android-build/build/lib.android-21-arm64_v8a-3.14/_ctypes_test.cpython-314-aarch64-linux-android.so
[INFO]:     - copy /home/runner/work/Khala-joybug/Khala-joybug/.buildozer/android/platform/build-arm64-v8a/build/other_builds/python3/arm64-v8a__ndk_target_21/python3/android-build/build/lib.android-21-arm64_v8a-3.14/_testlimitedcapi.cpython-314-aarch64-linux-android.so
[INFO]:     - copy /home/runner/work/Khala-joybug/Khala-joybug/.buildozer/android/platform/build-arm64-v8a/build/other_builds/python3/arm64-v8a__ndk_target_21/python3/android-build/build/lib.android-21-arm64_v8a-3.14/_csv.cpython-314-aarch64-linux-android.so
[INFO]:     - copy /home/runner/work/Khala-joybug/Khala-joybug/.buildozer/android/platform/build-arm64-v8a/build/other_builds/python3/arm64-v8a__ndk_target_21/python3/android-build/build/lib.android-21-arm64_v8a-3.14/_zoneinfo.cpython-314-aarch64-linux-android.so
[INFO]:     - copy /home/runner/work/Khala-joybug/Khala-joybug/.buildozer/android/platform/build-arm64-v8a/build/other_builds/python3/arm64-v8a__ndk_target_21/python3/android-build/build/lib.android-21-arm64_v8a-3.14/_testclinic_limited.cpython-314-aarch64-linux-android.so
[INFO]:     - copy /home/runner/work/Khala-joybug/Khala-joybug/.buildozer/android/platform/build-arm64-v8a/build/other_builds/python3/arm64-v8a__ndk_target_21/python3/android-build/build/lib.android-21-arm64_v8a-3.14/fcntl.cpython-314-aarch64-linux-android.so
[INFO]:     - copy /home/runner/work/Khala-joybug/Khala-joybug/.buildozer/android/platform/build-arm64-v8a/build/other_builds/python3/arm64-v8a__ndk_target_21/python3/android-build/build/lib.android-21-arm64_v8a-3.14/_hmac.cpython-314-aarch64-linux-android.so
[INFO]:     - copy /home/runner/work/Khala-joybug/Khala-joybug/.buildozer/android/platform/build-arm64-v8a/build/other_builds/python3/arm64-v8a__ndk_target_21/python3/android-build/build/lib.android-21-arm64_v8a-3.14/_hashlib.cpython-314-aarch64-linux-android.so
[INFO]:     - copy /home/runner/work/Khala-joybug/Khala-joybug/.buildozer/android/platform/build-arm64-v8a/build/other_builds/python3/arm64-v8a__ndk_target_21/python3/android-build/build/lib.android-21-arm64_v8a-3.14/_testimportmultiple.cpython-314-aarch64-linux-android.so
[INFO]:     - copy /home/runner/work/Khala-joybug/Khala-joybug/.buildozer/android/platform/build-arm64-v8a/build/other_builds/python3/arm64-v8a__ndk_target_21/python3/android-build/build/lib.android-21-arm64_v8a-3.14/xxlimited.cpython-314-aarch64-linux-android.so
[INFO]:     - copy /home/runner/work/Khala-joybug/Khala-joybug/.buildozer/android/platform/build-arm64-v8a/build/other_builds/python3/arm64-v8a__ndk_target_21/python3/android-build/build/lib.android-21-arm64_v8a-3.14/_testclinic.cpython-314-aarch64-linux-android.so
[INFO]:     - copy /home/runner/work/Khala-joybug/Khala-joybug/.buildozer/android/platform/build-arm64-v8a/build/other_builds/python3/arm64-v8a__ndk_target_21/python3/android-build/build/lib.android-21-arm64_v8a-3.14/_random.cpython-314-aarch64-linux-android.so
[INFO]:     - copy /home/runner/work/Khala-joybug/Khala-joybug/.buildozer/android/platform/build-arm64-v8a/build/other_builds/python3/arm64-v8a__ndk_target_21/python3/android-build/build/lib.android-21-arm64_v8a-3.14/_ssl.cpython-314-aarch64-linux-android.so
[INFO]:     - copy /home/runner/work/Khala-joybug/Khala-joybug/.buildozer/android/platform/build-arm64-v8a/build/other_builds/python3/arm64-v8a__ndk_target_21/python3/android-build/build/lib.android-21-arm64_v8a-3.14/_md5.cpython-314-aarch64-linux-android.so
[INFO]:     - copy /home/runner/work/Khala-joybug/Khala-joybug/.buildozer/android/platform/build-arm64-v8a/build/other_builds/python3/arm64-v8a__ndk_target_21/python3/android-build/build/lib.android-21-arm64_v8a-3.14/pyexpat.cpython-314-aarch64-linux-android.so
[INFO]:     - copy /home/runner/work/Khala-joybug/Khala-joybug/.buildozer/android/platform/build-arm64-v8a/build/other_builds/python3/arm64-v8a__ndk_target_21/python3/android-build/build/lib.android-21-arm64_v8a-3.14/resource.cpython-314-aarch64-linux-android.so
[INFO]:     - copy /home/runner/work/Khala-joybug/Khala-joybug/.buildozer/android/platform/build-arm64-v8a/build/other_builds/python3/arm64-v8a__ndk_target_21/python3/android-build/build/lib.android-21-arm64_v8a-3.14/_lsprof.cpython-314-aarch64-linux-android.so
[INFO]:     - copy /home/runner/work/Khala-joybug/Khala-joybug/.buildozer/android/platform/build-arm64-v8a/build/other_builds/python3/arm64-v8a__ndk_target_21/python3/android-build/build/lib.android-21-arm64_v8a-3.14/_posixsubprocess.cpython-314-aarch64-linux-android.so
[INFO]:     - copy /home/runner/work/Khala-joybug/Khala-joybug/.buildozer/android/platform/build-arm64-v8a/build/other_builds/python3/arm64-v8a__ndk_target_21/python3/android-build/build/lib.android-21-arm64_v8a-3.14/xxlimited_35.cpython-314-aarch64-linux-android.so
[INFO]:     - copy /home/runner/work/Khala-joybug/Khala-joybug/.buildozer/android/platform/build-arm64-v8a/build/other_builds/python3/arm64-v8a__ndk_target_21/python3/android-build/build/lib.android-21-arm64_v8a-3.14/_pickle.cpython-314-aarch64-linux-android.so
[INFO]:     - copy /home/runner/work/Khala-joybug/Khala-joybug/.buildozer/android/platform/build-arm64-v8a/build/other_builds/python3/arm64-v8a__ndk_target_21/python3/android-build/build/lib.android-21-arm64_v8a-3.14/_asyncio.cpython-314-aarch64-linux-android.so
[INFO]:     - copy /home/runner/work/Khala-joybug/Khala-joybug/.buildozer/android/platform/build-arm64-v8a/build/other_builds/python3/arm64-v8a__ndk_target_21/python3/android-build/build/lib.android-21-arm64_v8a-3.14/select.cpython-314-aarch64-linux-android.so
[INFO]:     - copy /home/runner/work/Khala-joybug/Khala-joybug/.buildozer/android/platform/build-arm64-v8a/build/other_builds/python3/arm64-v8a__ndk_target_21/python3/android-build/build/lib.android-21-arm64_v8a-3.14/_sha1.cpython-314-aarch64-linux-android.so
[INFO]:     - copy /home/runner/work/Khala-joybug/Khala-joybug/.buildozer/android/platform/build-arm64-v8a/build/other_builds/python3/arm64-v8a__ndk_target_21/python3/android-build/build/lib.android-21-arm64_v8a-3.14/termios.cpython-314-aarch64-linux-android.so
[INFO]:     - copy /home/runner/work/Khala-joybug/Khala-joybug/.buildozer/android/platform/build-arm64-v8a/build/other_builds/python3/arm64-v8a__ndk_target_21/python3/android-build/build/lib.android-21-arm64_v8a-3.14/_codecs_iso2022.cpython-314-aarch64-linux-android.so
[INFO]:     - copy /home/runner/work/Khala-joybug/Khala-joybug/.buildozer/android/platform/build-arm64-v8a/build/other_builds/python3/arm64-v8a__ndk_target_21/python3/android-build/build/lib.android-21-arm64_v8a-3.14/_testsinglephase.cpython-314-aarch64-linux-android.so
[INFO]:     - copy /home/runner/work/Khala-joybug/Khala-joybug/.buildozer/android/platform/build-arm64-v8a/build/other_builds/python3/arm64-v8a__ndk_target_21/python3/android-build/build/lib.android-21-arm64_v8a-3.14/_interpchannels.cpython-314-aarch64-linux-android.so
[INFO]:     - copy /home/runner/work/Khala-joybug/Khala-joybug/.buildozer/android/platform/build-arm64-v8a/build/other_builds/python3/arm64-v8a__ndk_target_21/python3/android-build/build/lib.android-21-arm64_v8a-3.14/cmath.cpython-314-aarch64-linux-android.so
[INFO]:     - copy /home/runner/work/Khala-joybug/Khala-joybug/.buildozer/android/platform/build-arm64-v8a/build/other_builds/python3/arm64-v8a__ndk_target_21/python3/android-build/build/lib.android-21-arm64_v8a-3.14/syslog.cpython-314-aarch64-linux-android.so
[INFO]:     - copy /home/runner/work/Khala-joybug/Khala-joybug/.buildozer/android/platform/build-arm64-v8a/build/other_builds/python3/arm64-v8a__ndk_target_21/python3/android-build/build/lib.android-21-arm64_v8a-3.14/_codecs_kr.cpython-314-aarch64-linux-android.so
[INFO]:     - copy /home/runner/work/Khala-joybug/Khala-joybug/.buildozer/android/platform/build-arm64-v8a/build/other_builds/python3/arm64-v8a__ndk_target_21/python3/android-build/build/lib.android-21-arm64_v8a-3.14/_multibytecodec.cpython-314-aarch64-linux-android.so
[INFO]:     - copy /home/runner/work/Khala-joybug/Khala-joybug/.buildozer/android/platform/build-arm64-v8a/build/other_builds/python3/arm64-v8a__ndk_target_21/python3/android-build/build/lib.android-21-arm64_v8a-3.14/_testcapi.cpython-314-aarch64-linux-android.so
[INFO]:     - copy /home/runner/work/Khala-joybug/Khala-joybug/.buildozer/android/platform/build-arm64-v8a/build/other_builds/python3/arm64-v8a__ndk_target_21/python3/android-build/build/lib.android-21-arm64_v8a-3.14/_codecs_cn.cpython-314-aarch64-linux-android.so
[INFO]:     - copy /home/runner/work/Khala-joybug/Khala-joybug/.buildozer/android/platform/build-arm64-v8a/build/other_builds/python3/arm64-v8a__ndk_target_21/python3/android-build/build/lib.android-21-arm64_v8a-3.14/_bisect.cpython-314-aarch64-linux-android.so
[INFO]:     - copy /home/runner/work/Khala-joybug/Khala-joybug/.buildozer/android/platform/build-arm64-v8a/build/other_builds/python3/arm64-v8a__ndk_target_21/python3/android-build/build/lib.android-21-arm64_v8a-3.14/_sha2.cpython-314-aarch64-linux-android.so
[INFO]:     - copy /home/runner/work/Khala-joybug/Khala-joybug/.buildozer/android/platform/build-arm64-v8a/build/other_builds/python3/arm64-v8a__ndk_target_21/python3/android-build/build/lib.android-21-arm64_v8a-3.14/_xxtestfuzz.cpython-314-aarch64-linux-android.so
[INFO]:     - copy /home/runner/work/Khala-joybug/Khala-joybug/.buildozer/android/platform/build-arm64-v8a/build/other_builds/python3/arm64-v8a__ndk_target_21/python3/android-build/build/lib.android-21-arm64_v8a-3.14/_struct.cpython-314-aarch64-linux-android.so
[INFO]:     - copy /home/runner/work/Khala-joybug/Khala-joybug/.buildozer/android/platform/build-arm64-v8a/build/other_builds/python3/arm64-v8a__ndk_target_21/python3/android-build/build/lib.android-21-arm64_v8a-3.14/_interpqueues.cpython-314-aarch64-linux-android.so
[INFO]:     - copy /home/runner/work/Khala-joybug/Khala-joybug/.buildozer/android/platform/build-arm64-v8a/build/other_builds/python3/arm64-v8a__ndk_target_21/python3/android-build/build/lib.android-21-arm64_v8a-3.14/_heapq.cpython-314-aarch64-linux-android.so
[INFO]:     - copy /home/runner/work/Khala-joybug/Khala-joybug/.buildozer/android/platform/build-arm64-v8a/build/other_builds/python3/arm64-v8a__ndk_target_21/python3/android-build/build/lib.android-21-arm64_v8a-3.14/_blake2.cpython-314-aarch64-linux-android.so
[INFO]:     - copy /home/runner/work/Khala-joybug/Khala-joybug/.buildozer/android/platform/build-arm64-v8a/build/other_builds/python3/arm64-v8a__ndk_target_21/python3/android-build/build/lib.android-21-arm64_v8a-3.14/_json.cpython-314-aarch64-linux-android.so
[INFO]:     - copy /home/runner/work/Khala-joybug/Khala-joybug/.buildozer/android/platform/build-arm64-v8a/build/other_builds/python3/arm64-v8a__ndk_target_21/python3/android-build/build/lib.android-21-arm64_v8a-3.14/_sqlite3.cpython-314-aarch64-linux-android.so
[INFO]:     - copy /home/runner/work/Khala-joybug/Khala-joybug/.buildozer/android/platform/build-arm64-v8a/build/other_builds/python3/arm64-v8a__ndk_target_21/python3/android-build/build/lib.android-21-arm64_v8a-3.14/unicodedata.cpython-314-aarch64-linux-android.so
[INFO]:     - copy /home/runner/work/Khala-joybug/Khala-joybug/.buildozer/android/platform/build-arm64-v8a/build/other_builds/python3/arm64-v8a__ndk_target_21/python3/android-build/build/lib.android-21-arm64_v8a-3.14/_elementtree.cpython-314-aarch64-linux-android.so
[INFO]:     - copy /home/runner/work/Khala-joybug/Khala-joybug/.buildozer/android/platform/build-arm64-v8a/build/other_builds/python3/arm64-v8a__ndk_target_21/python3/android-build/build/lib.android-21-arm64_v8a-3.14/xxsubtype.cpython-314-aarch64-linux-android.so
[INFO]:     - copy /home/runner/work/Khala-joybug/Khala-joybug/.buildozer/android/platform/build-arm64-v8a/build/other_builds/python3/arm64-v8a__ndk_target_21/python3/android-build/build/lib.android-21-arm64_v8a-3.14/_statistics.cpython-314-aarch64-linux-android.so
[INFO]:     - copy /home/runner/work/Khala-joybug/Khala-joybug/.buildozer/android/platform/build-arm64-v8a/build/other_builds/python3/arm64-v8a__ndk_target_21/python3/android-build/build/lib.android-21-arm64_v8a-3.14/_ctypes.cpython-314-aarch64-linux-android.so
[INFO]:     - copy /home/runner/work/Khala-joybug/Khala-joybug/.buildozer/android/platform/build-arm64-v8a/build/other_builds/python3/arm64-v8a__ndk_target_21/python3/android-build/build/lib.android-21-arm64_v8a-3.14/_interpreters.cpython-314-aarch64-linux-android.so
[INFO]:     - copy /home/runner/work/Khala-joybug/Khala-joybug/.buildozer/android/platform/build-arm64-v8a/build/other_builds/python3/arm64-v8a__ndk_target_21/python3/android-build/build/lib.android-21-arm64_v8a-3.14/_testbuffer.cpython-314-aarch64-linux-android.so
[INFO]:     - copy /home/runner/work/Khala-joybug/Khala-joybug/.buildozer/android/platform/build-arm64-v8a/build/other_builds/python3/arm64-v8a__ndk_target_21/python3/android-build/build/lib.android-21-arm64_v8a-3.14/mmap.cpython-314-aarch64-linux-android.so
[INFO]:     - copy /home/runner/work/Khala-joybug/Khala-joybug/.buildozer/android/platform/build-arm64-v8a/build/other_builds/python3/arm64-v8a__ndk_target_21/python3/android-build/build/lib.android-21-arm64_v8a-3.14/math.cpython-314-aarch64-linux-android.so
[INFO]:     - copy /home/runner/work/Khala-joybug/Khala-joybug/.buildozer/android/platform/build-arm64-v8a/build/other_builds/python3/arm64-v8a__ndk_target_21/python3/android-build/build/lib.android-21-arm64_v8a-3.14/_decimal.cpython-314-aarch64-linux-android.so
[INFO]:     - copy /home/runner/work/Khala-joybug/Khala-joybug/.buildozer/android/platform/build-arm64-v8a/build/other_builds/python3/arm64-v8a__ndk_target_21/python3/android-build/build/lib.android-21-arm64_v8a-3.14/_remote_debugging.cpython-314-aarch64-linux-android.so
[INFO]:     - copy /home/runner/work/Khala-joybug/Khala-joybug/.buildozer/android/platform/build-arm64-v8a/build/other_builds/python3/arm64-v8a__ndk_target_21/python3/android-build/build/lib.android-21-arm64_v8a-3.14/zlib.cpython-314-aarch64-linux-android.so
[INFO]:     - copy /home/runner/work/Khala-joybug/Khala-joybug/.buildozer/android/platform/build-arm64-v8a/build/other_builds/python3/arm64-v8a__ndk_target_21/python3/android-build/build/lib.android-21-arm64_v8a-3.14/_testmultiphase.cpython-314-aarch64-linux-android.so
[INFO]:     - copy /home/runner/work/Khala-joybug/Khala-joybug/.buildozer/android/platform/build-arm64-v8a/build/other_builds/python3/arm64-v8a__ndk_target_21/python3/android-build/build/lib.android-21-arm64_v8a-3.14/binascii.cpython-314-aarch64-linux-android.so
[INFO]:     - copy /home/runner/work/Khala-joybug/Khala-joybug/.buildozer/android/platform/build-arm64-v8a/build/other_builds/python3/arm64-v8a__ndk_target_21/python3/android-build/build/lib.android-21-arm64_v8a-3.14/_socket.cpython-314-aarch64-linux-android.so
[INFO]:     - copy /home/runner/work/Khala-joybug/Khala-joybug/.buildozer/android/platform/build-arm64-v8a/build/other_builds/python3/arm64-v8a__ndk_target_21/python3/android-build/build/lib.android-21-arm64_v8a-3.14/_codecs_hk.cpython-314-aarch64-linux-android.so
[INFO]:     - copy /home/runner/work/Khala-joybug/Khala-joybug/.buildozer/android/platform/build-arm64-v8a/build/other_builds/python3/arm64-v8a__ndk_target_21/python3/android-build/build/lib.android-21-arm64_v8a-3.14/_codecs_jp.cpython-314-aarch64-linux-android.so
[INFO]:     - copy /home/runner/work/Khala-joybug/Khala-joybug/.buildozer/android/platform/build-arm64-v8a/build/other_builds/python3/arm64-v8a__ndk_target_21/python3/android-build/build/lib.android-21-arm64_v8a-3.14/_codecs_tw.cpython-314-aarch64-linux-android.so
[INFO]:     - copy /home/runner/work/Khala-joybug/Khala-joybug/.buildozer/android/platform/build-arm64-v8a/build/other_builds/python3/arm64-v8a__ndk_target_21/python3/android-build/build/lib.android-21-arm64_v8a-3.14/_testinternalcapi.cpython-314-aarch64-linux-android.so
[INFO]:     - copy /home/runner/work/Khala-joybug/Khala-joybug/.buildozer/android/platform/build-arm64-v8a/build/other_builds/python3/arm64-v8a__ndk_target_21/python3/android-build/build/lib.android-21-arm64_v8a-3.14/_queue.cpython-314-aarch64-linux-android.so
[INFO]:     - copy /home/runner/work/Khala-joybug/Khala-joybug/.buildozer/android/platform/build-arm64-v8a/build/other_builds/python3/arm64-v8a__ndk_target_21/python3/android-build/build/lib.android-21-arm64_v8a-3.14/_sha3.cpython-314-aarch64-linux-android.so
[INFO]:     - copy /home/runner/work/Khala-joybug/Khala-joybug/.buildozer/android/platform/build-arm64-v8a/build/other_builds/python3/arm64-v8a__ndk_target_21/python3/android-build/build/lib.android-21-arm64_v8a-3.14/array.cpython-314-aarch64-linux-android.so
[INFO]:     - copy /home/runner/work/Khala-joybug/Khala-joybug/.buildozer/android/platform/build-arm64-v8a/build/other_builds/python3/arm64-v8a__ndk_target_21/python3/android-build/build/lib.android-21-arm64_v8a-3.14/_sysconfigdata__android_aarch64-linux-android.pyc
[INFO]:    -> directory context /home/runner/work/Khala-joybug/Khala-joybug/.buildozer/android/platform/build-arm64-v8a/build/other_builds/python3/arm64-v8a__ndk_target_21/python3/Lib
[INFO]:    Zip 594 files into the bundle
stty: 'standard input': Inappropriate ioctl for device
[DEBUG]:   -> running zip -X /home/runner/work/Khala-joybug/Khala-joybug/.buildozer/android/platform/build-arm64-v8a/dists/khalajoybug/_python_bundle__arm64-v8a/_python_bundle/stdlib.zip ./traceback.pyc ./functools.pyc ./profile.pyc ./_strptime.pyc ./pdb.pyc ./_pyio.pyc ./bz2.pyc ./opcode.pyc ./_android_support.pyc ./_collections_abc.pyc ./site.py.orig ./pty.pyc ./getpass.pyc ./argparse.pyc ./tty.pyc ./sre_constants.pyc ./_threading_local.pyc ./linecache.pyc ./keyword.pyc ./pkgutil.pyc ./optparse.pyc ./sre_compile.pyc ./imaplib.pyc ./_ios_support.pyc ./statistics.pyc ./__future__.pyc ./bisect.
[DEBUG]:   	  adding: traceback.pyc (deflated 55%)
[DEBUG]:   	  adding: functools.pyc (deflated 54%)
[DEBUG]:   	  adding: profile.pyc (deflated 55%)
[DEBUG]:   	  adding: _strptime.pyc (deflated 55%)
[DEBUG]:   	  adding: pdb.pyc (deflated 57%)
[DEBUG]:   	  adding: _pyio.pyc (deflated 62%)
[DEBUG]:   	  adding: bz2.pyc (deflated 57%)
[DEBUG]:   	  adding: opcode.pyc (deflated 52%)
[DEBUG]:   	  adding: _android_support.pyc (deflated 51%)
[DEBUG]:   	  adding: _collections_abc.pyc (deflated 64%)
[DEBUG]:   	  adding: site.py.orig (deflated 70%)
[DEBUG]:   	  adding: pty.pyc (deflated 47%)
[DEBUG]:   	  adding: getpass.pyc (deflated 47%)
[DEBUG]:   	  adding: argparse.pyc (deflated 58%)
[DEBUG]:   	  adding: tty.pyc (deflated 56%)
[DEBUG]:   	  adding: sre_constants.pyc (deflated 26%)
[DEBUG]:   	  adding: _threading_local.pyc (deflated 50%)
[DEBUG]:   	  adding: linecache.pyc (deflated 48%)
[DEBUG]:   	  adding: keyword.pyc (deflated 36%)
[DEBUG]:   	  adding: pkgutil.pyc (deflated 46%)
[DEBUG]:   	  adding: optparse.pyc (deflated 60%)
[DEBUG]:   	  adding: sre_compile.pyc (deflated 25%)
[DEBUG]:   	  adding: imaplib.pyc (deflated 57%)
[DEBUG]:   	  adding: _ios_support.pyc (deflated 50%)
[DEBUG]:   	  adding: statistics.pyc (deflated 59%)
[DEBUG]:   	  adding: __future__.pyc (deflated 48%)
[DEBUG]:   	  adding: bisect.pyc (deflated 52%)
[DEBUG]:   	  adding: inspect.pyc (deflated 56%)
[DEBUG]:   	  adding: fnmatch.pyc (deflated 49%)
[DEBUG]:   	  adding: pydoc.pyc (deflated 56%)
[DEBUG]:   	  adding: uuid.pyc (deflated 56%)
[DEBUG]:   	  adding: sre_parse.pyc (deflated 25%)
[DEBUG]:   	  adding: os.pyc (deflated 54%)
[DEBUG]:   	  adding: _pydatetime.pyc (deflated 62%)
[DEBUG]:   	  adding: plistlib.pyc (deflated 61%)
[DEBUG]:   	  adding: gettext.pyc (deflated 53%)
[DEBUG]:   	  adding: cProfile.pyc (deflated 49%)
[DEBUG]:   	  adding: wave.pyc (deflated 62%)
[DEBUG]:   	  adding: ipaddress.pyc (deflated 64%)
[DEBUG]:   	  adding: locale.pyc (deflated 55%)
[DEBUG]:   	  adding: mimetypes.pyc (deflated 52%)
[DEBUG]:   	  adding: platform.pyc (deflated 50%)
[DEBUG]:   	  adding: __hello__.pyc (deflated 47%)
[DEBUG]:   	  adding: dis.pyc (deflated 54%)
[DEBUG]:   	  adding: token.pyc (deflated 43%)
[DEBUG]:   	  adding: _weakrefset.pyc (deflated 61%)
[DEBUG]:   	  adding: shlex.pyc (deflated 57%)
[DEBUG]:   	  adding: signal.pyc (deflated 52%)
[DEBUG]:   	  adding: configparser.pyc (deflated 60%)
[DEBUG]:   	  adding: fileinput.pyc (deflated 58%)
[DEBUG]:   	  adding: _apple_support.pyc (deflated 47%)
[DEBUG]:   	  adding: tokenize.pyc (deflated 48%)
[DEBUG]:   	  adding: ast.pyc (deflated 52%)
[DEBUG]:   	  adding: tempfile.pyc (deflated 59%)
[DEBUG]:   	  adding: random.pyc (deflated 52%)
[DEBUG]:   	  adding: enum.pyc (deflated 55%)
[DEBUG]:   	  adding: graphlib.pyc (deflated 48%)
[DEBUG]:   	  adding: _opcode_metadata.pyc (deflated 53%)
[DEBUG]:   	  adding: timeit.pyc (deflated 43%)
[DEBUG]:   	  adding: tarfile.pyc (deflated 58%)
[DEBUG]:   	  adding: selectors.pyc (deflated 60%)
[DEBUG]:   	  adding: pstats.pyc (deflated 57%)
[DEBUG]:   	  adding: poplib.pyc (deflated 55%)
[DEBUG]:   	  adding: trace.pyc (deflated 55%)
[DEBUG]:   	  adding: hmac.pyc (deflated 54%)
[DEBUG]:   	  adding: copy.pyc (deflated 45%)
[DEBUG]:   	  adding: calendar.pyc (deflated 61%)
[DEBUG]:   	  adding: typing.pyc (deflated 60%)
[DEBUG]:   	  adding: symtable.pyc (deflated 61%)
[DEBUG]:   	  adding: zipapp.pyc (deflated 50%)
[DEBUG]:   	  adding: tabnanny.pyc (deflated 53%)
[DEBUG]:   	  adding: ftplib.pyc (deflated 58%)
[DEBUG]:   	  adding: this.pyc (deflated 38%)
[DEBUG]:   	  adding: struct.pyc (deflated 26%)
[DEBUG]:   	  adding: annotationlib.pyc (deflated 57%)
[DEBUG]:   	  adding: numbers.pyc (deflated 73%)
[DEBUG]:   	  adding: dataclasses.pyc (deflated 54%)
[DEBUG]:   	  adding: heapq.pyc (deflated 55%)
[DEBUG]:   	  adding: threading.pyc (deflated 61%)
[DEBUG]:   	  adding: netrc.pyc (deflated 50%)
[DEBUG]:   	  adding: rlcompleter.pyc (deflated 44%)
[DEBUG]:   	  adding: py_compile.pyc (deflated 47%)
[DEBUG]:   	  adding: _py_abc.pyc (deflated 50%)
[DEBUG]:   	  adding: stringprep.pyc (deflated 63%)
[DEBUG]:   	  adding: quopri.pyc (deflated 48%)
[DEBUG]:   	  adding: cmd.pyc (deflated 51%)
[DEBUG]:   	  adding: reprlib.pyc (deflated 52%)
[DEBUG]:   	  adding: webbrowser.pyc (deflated 56%)
[DEBUG]:   	  adding: codecs.pyc (deflated 64%)
[DEBUG]:   	  adding: types.pyc (deflated 53%)
[DEBUG]:   	  adding: stat.pyc (deflated 55%)
[DEBUG]:   	  adding: shutil.pyc (deflated 55%)
[DEBUG]:   	  adding: pprint.pyc (deflated 60%)
[DEBUG]:   	  adding: _aix_support.pyc (deflated 42%)
[DEBUG]:   	  adding: _markupbase.pyc (deflated 58%)
[DEBUG]:   	  adding: contextlib.pyc (deflated 62%)
[DEBUG]:   	  adding: secrets.pyc (deflated 41%)
[DEBUG]:   	  adding: shelve.pyc (deflated 59%)
[DEBUG]:   	  adding: nturl2path.pyc (deflated 43%)
[DEBUG]:   	  adding: decimal.pyc (deflated 24%)
[DEBUG]:   	  adding: copyreg.pyc (deflated 49%)
[DEBUG]:   	  adding: zipimport.pyc (deflated 50%)
[DEBUG]:   	  adding: antigravity.pyc (deflated 31%)
[DEBUG]:   	  adding: weakref.pyc (deflated 62%)
[DEBUG]:   	  adding: socket.pyc (deflated 54%)
[DEBUG]:   	  adding: compileall.pyc (deflated 50%)
[DEBUG]:   	  adding: socketserver.pyc (deflated 61%)
[DEBUG]:   	  adding: pickletools.pyc (deflated 66%)
[DEBUG]:   	  adding: doctest.pyc (deflated 56%)
[DEBUG]:   	  adding: _compat_pickle.pyc (deflated 47%)
[DEBUG]:   	  adding: filecmp.pyc (deflated 57%)
[DEBUG]:   	  adding: datetime.pyc (deflated 23%)
[DEBUG]:   	  adding: warnings.pyc (deflated 43%)
[DEBUG]:   	  adding: posixpath.pyc (deflated 53%)
[DEBUG]:   	  adding: colorsys.pyc (deflated 57%)
[DEBUG]:   	  adding: runpy.pyc (deflated 50%)
[DEBUG]:   	  adding: mailbox.pyc (deflated 66%)
[DEBUG]:   	  adding: smtplib.pyc (deflated 54%)
[DEBUG]:   	  adding: _sitebuiltins.pyc (deflated 45%)
[DEBUG]:   	  adding: tracemalloc.pyc (deflated 62%)
[DEBUG]:   	  adding: getopt.pyc (deflated 48%)
[DEBUG]:   	  adding: glob.pyc (deflated 53%)
[DEBUG]:   	  adding: base64.pyc (deflated 52%)
[DEBUG]:   	  adding: gzip.pyc (deflated 57%)
[DEBUG]:   	  adding: _pylong.pyc (deflated 49%)
[DEBUG]:   	  adding: _py_warnings.pyc (deflated 54%)
[DEBUG]:   	  adding: bdb.pyc (deflated 61%)
[DEBUG]:   	  adding: sched.pyc (deflated 48%)
[DEBUG]:   	  adding: csv.pyc (deflated 50%)
[DEBUG]:   	  adding: ntpath.pyc (deflated 52%)
[DEBUG]:   	  adding: hashlib.pyc (deflated 48%)
[DEBUG]:   	  adding: _ast_unparse.pyc (deflated 69%)
[DEBUG]:   	  adding: pickle.pyc (deflated 62%)
[DEBUG]:   	  adding: code.pyc (deflated 52%)
[DEBUG]:   	  adding: pyclbr.pyc (deflated 51%)
[DEBUG]:   	  adding: _colorize.pyc (deflated 57%)
[DEBUG]:   	  adding: queue.pyc (deflated 61%)
[DEBUG]:   	  adding: genericpath.pyc (deflated 57%)
[DEBUG]:   	  adding: turtle.pyc (deflated 61%)
[DEBUG]:   	  adding: site.pyc (deflated 54%)
[DEBUG]:   	  adding: difflib.pyc (deflated 54%)
[DEBUG]:   	  adding: modulefinder.pyc (deflated 55%)
[DEBUG]:   	  adding: abc.pyc (deflated 51%)
[DEBUG]:   	  adding: ssl.pyc (deflated 60%)
[DEBUG]:   	  adding: codeop.pyc (deflated 44%)
[DEBUG]:   	  adding: contextvars.pyc (deflated 29%)
[DEBUG]:   	  adding: _pydecimal.pyc (deflated 65%)
[DEBUG]:   	  adding: _osx_support.pyc (deflated 50%)
[DEBUG]:   	  adding: fractions.pyc (deflated 59%)
[DEBUG]:   	  adding: io.pyc (deflated 51%)
[DEBUG]:   	  adding: subprocess.pyc (deflated 57%)
[DEBUG]:   	  adding: operator.pyc (deflated 62%)
[DEBUG]:   	  adding: textwrap.pyc (deflated 51%)
[DEBUG]:   	  adding: lzma.pyc (deflated 54%)
[DEBUG]:   	  adding: curses/ascii.pyc (deflated 61%)
[DEBUG]:   	  adding: curses/has_key.pyc (deflated 66%)
[DEBUG]:   	  adding: curses/__init__.pyc (deflated 43%)
[DEBUG]:   	  adding: curses/panel.pyc (deflated 23%)
[DEBUG]:   	  adding: curses/textpad.pyc (deflated 62%)
[DEBUG]:   	  adding: importlib/_abc.pyc (deflated 37%)
[DEBUG]:   	  adding: importlib/readers.pyc (deflated 25%)
[DEBUG]:   	  adding: importlib/machinery.pyc (deflated 46%)
[DEBUG]:   	  adding: importlib/simple.pyc (deflated 27%)
[DEBUG]:   	  adding: importlib/_bootstrap.pyc (deflated 57%)
[DEBUG]:   	  adding: importlib/_bootstrap_external.pyc (deflated 55%)
[DEBUG]:   	  adding: importlib/__init__.pyc (deflated 42%)
[DEBUG]:   	  adding: importlib/util.pyc (deflated 49%)
[DEBUG]:   	  adding: importlib/abc.pyc (deflated 54%)
[DEBUG]:   	  adding: importlib/metadata/_itertools.pyc (deflated 32%)
[DEBUG]:   	  adding: importlib/metadata/_text.pyc (deflated 55%)
[DEBUG]:   	  adding: importlib/metadata/_functools.pyc (deflated 40%)
[DEBUG]:   	  adding: importlib/metadata/diagnose.pyc (deflated 35%)
[DEBUG]:   	  adding: importlib/metadata/_adapters.pyc (deflated 42%)
[DEBUG]:   	  adding: importlib/metadata/_collections.pyc (deflated 41%)
[DEBUG]:   	  adding: importlib/metadata/__init__.pyc (deflated 62%)
[DEBUG]:   	  adding: importlib/metadata/_meta.pyc (deflated 65%)
[DEBUG]:   	  adding: importlib/resources/_itertools.pyc (deflated 28%)
[DEBUG]:   	  adding: importlib/resources/_functional.pyc (deflated 48%)
[DEBUG]:   	  adding: importlib/resources/readers.pyc (deflated 53%)
[DEBUG]:   	  adding: importlib/resources/_adapters.pyc (deflated 60%)
[DEBUG]:   	  adding: importlib/resources/simple.pyc (deflated 57%)
[DEBUG]:   	  adding: importlib/resources/__init__.pyc (deflated 34%)
[DEBUG]:   	  adding: importlib/resources/_common.pyc (deflated 54%)
[DEBUG]:   	  adding: importlib/resources/abc.pyc (deflated 62%)
[DEBUG]:   	  adding: concurrent/__init__.pyc (deflated 25%)
[DEBUG]:   	  adding: concurrent/futures/thread.pyc (deflated 52%)
[DEBUG]:   	  adding: concurrent/futures/process.pyc (deflated 56%)
[DEBUG]:   	  adding: concurrent/futures/_base.pyc (deflated 61%)
[DEBUG]:   	  adding: concurrent/futures/__init__.pyc (deflated 36%)
[DEBUG]:   	  adding: concurrent/futures/interpreter.pyc (deflated 46%)
[DEBUG]:   	  adding: concurrent/interpreters/_queues.pyc (deflated 51%)
[DEBUG]:   	  adding: concurrent/interpreters/__init__.pyc (deflated 51%)
[DEBUG]:   	  adding: concurrent/interpreters/_crossinterp.pyc (deflated 44%)
[DEBUG]:   	  adding: venv/__init__.pyc (deflated 56%)
[DEBUG]:   	  adding: venv/__main__.pyc (deflated 23%)
[DEBUG]:   	  adding: venv/scripts/common/activate.fish (deflated 63%)
[DEBUG]:   	  adding: venv/scripts/common/activate (deflated 61%)
[DEBUG]:   	  adding: venv/scripts/common/Activate.ps1 (deflated 68%)
[DEBUG]:   	  adding: venv/scripts/nt/activate.bat (deflated 61%)
[DEBUG]:   	  adding: venv/scripts/nt/deactivate.bat (deflated 64%)
[DEBUG]:   	  adding: venv/scripts/posix/activate.csh (deflated 52%)
[DEBUG]:   	  adding: dbm/dumb.pyc (deflated 57%)
[DEBUG]:   	  adding: dbm/sqlite3.pyc (deflated 49%)
[DEBUG]:   	  adding: dbm/gnu.pyc (deflated 22%)
[DEBUG]:   	  adding: dbm/ndbm.pyc (deflated 23%)
[DEBUG]:   	  adding: dbm/__init__.pyc (deflated 44%)
[DEBUG]:   	  adding: collections/__init__.pyc (deflated 67%)
[DEBUG]:   	  adding: re/_parser.pyc (deflated 58%)
[DEBUG]:   	  adding: re/_compiler.pyc (deflated 55%)
[DEBUG]:   	  adding: re/_constants.pyc (deflated 44%)
[DEBUG]:   	  adding: re/_casefix.pyc (deflated 52%)
[DEBUG]:   	  adding: re/__init__.pyc (deflated 53%)
[DEBUG]:   	  adding: urllib/response.pyc (deflated 54%)
[DEBUG]:   	  adding: urllib/error.pyc (deflated 50%)
[DEBUG]:   	  adding: urllib/parse.pyc (deflated 58%)
[DEBUG]:   	  adding: urllib/__init__.pyc (deflated 26%)
[DEBUG]:   	  adding: urllib/request.pyc (deflated 56%)
[DEBUG]:   	  adding: urllib/robotparser.pyc (deflated 56%)
[DEBUG]:   	  adding: sysconfig/__init__.pyc (deflated 54%)
[DEBUG]:   	  adding: sysconfig/__main__.pyc (deflated 47%)
[DEBUG]:   	  adding: http/server.pyc (deflated 54%)
[DEBUG]:   	  adding: http/cookiejar.pyc (deflated 58%)
[DEBUG]:   	  adding: http/client.pyc (deflated 57%)
[DEBUG]:   	  adding: http/cookies.pyc (deflated 53%)
[DEBUG]:   	  adding: http/__init__.pyc (deflated 48%)
[DEBUG]:   	  adding: __phello__/spam.pyc (deflated 29%)
[DEBUG]:   	  adding: __phello__/__init__.pyc (deflated 29%)
[DEBUG]:   	  adding: __phello__/ham/eggs.pyc (deflated 25%)
[DEBUG]:   	  adding: __phello__/ham/__init__.pyc (deflated 26%)
[DEBUG]:   	  adding: site-packages/README.txt (deflated 18%)
[DEBUG]:   	  adding: string/templatelib.pyc (deflated 36%)
[DEBUG]:   	  adding: string/__init__.pyc (deflated 52%)
[DEBUG]:   	  adding: pathlib/_local.pyc (deflated 27%)
[DEBUG]:   	  adding: pathlib/types.pyc (deflated 58%)
[DEBUG]:   	  adding: pathlib/_os.pyc (deflated 56%)
[DEBUG]:   	  adding: pathlib/__init__.pyc (deflated 61%)
[DEBUG]:   	  adding: wsgiref/handlers.pyc (deflated 55%)
[DEBUG]:   	  adding: wsgiref/validate.pyc (deflated 56%)
[DEBUG]:   	  adding: wsgiref/headers.pyc (deflated 52%)
[DEBUG]:   	  adding: wsgiref/simple_server.pyc (deflated 48%)
[DEBUG]:   	  adding: wsgiref/types.pyc (deflated 59%)
[DEBUG]:   	  adding: wsgiref/__init__.pyc (deflated 23%)
[DEBUG]:   	  adding: wsgiref/util.pyc (deflated 48%)
[DEBUG]:   	  adding: zipfile/__init__.pyc (deflated 58%)
[DEBUG]:   	  adding: zipfile/__main__.pyc (deflated 23%)
[DEBUG]:   	  adding: zipfile/_path/__init__.pyc (deflated 57%)
[DEBUG]:   	  adding: zipfile/_path/glob.pyc (deflated 48%)
[DEBUG]:   	  adding: pydoc_data/_pydoc.css (deflated 66%)
[DEBUG]:   	  adding: pydoc_data/topics.pyc (deflated 71%)
[DEBUG]:   	  adding: pydoc_data/__init__.pyc (deflated 25%)
[DEBUG]:   	  adding: ctypes/_layout.pyc (deflated 44%)
[DEBUG]:   	  adding: ctypes/_aix.pyc (deflated 45%)
[DEBUG]:   	  adding: ctypes/wintypes.pyc (deflated 57%)
[DEBUG]:   	  adding: ctypes/_endian.pyc (deflated 47%)
[DEBUG]:   	  adding: ctypes/__init__.pyc (deflated 56%)
[DEBUG]:   	  adding: ctypes/util.pyc (deflated 51%)
[DEBUG]:   	  adding: ctypes/macholib/dylib.pyc (deflated 31%)
[DEBUG]:   	  adding: ctypes/macholib/fetch_macholib (deflated 12%)
[DEBUG]:   	  adding: ctypes/macholib/framework.pyc (deflated 32%)
[DEBUG]:   	  adding: ctypes/macholib/dyld.pyc (deflated 53%)
[DEBUG]:   	  adding: ctypes/macholib/README.ctypes (deflated 27%)
[DEBUG]:   	  adding: ctypes/macholib/__init__.pyc (deflated 22%)
[DEBUG]:   	  adding: ctypes/macholib/fetch_macholib.bat (deflated 9%)
[DEBUG]:   	  adding: html/parser.pyc (deflated 60%)
[DEBUG]:   	  adding: html/entities.pyc (deflated 61%)
[DEBUG]:   	  adding: html/__init__.pyc (deflated 50%)
[DEBUG]:   	  adding: compression/bz2.pyc (deflated 24%)
[DEBUG]:   	  adding: compression/zlib.pyc (deflated 23%)
[DEBUG]:   	  adding: compression/__init__.pyc (deflated 25%)
[DEBUG]:   	  adding: compression/gzip.pyc (deflated 23%)
[DEBUG]:   	  adding: compression/lzma.pyc (deflated 23%)
[DEBUG]:   	  adding: compression/_common/__init__.pyc (deflated 26%)
[DEBUG]:   	  adding: compression/_common/_streams.pyc (deflated 54%)
[DEBUG]:   	  adding: compression/zstd/__init__.pyc (deflated 53%)
[DEBUG]:   	  adding: compression/zstd/_zstdfile.pyc (deflated 57%)
[DEBUG]:   	  adding: email/utils.pyc (deflated 47%)
[DEBUG]:   	  adding: email/architecture.rst (deflated 64%)
[DEBUG]:   	  adding: email/generator.pyc (deflated 55%)
[DEBUG]:   	  adding: email/_header_value_parser.pyc (deflated 67%)
[DEBUG]:   	  adding: email/policy.pyc (deflated 47%)
[DEBUG]:   	  adding: email/parser.pyc (deflated 52%)
[DEBUG]:   	  adding: email/errors.pyc (deflated 65%)
[DEBUG]:   	  adding: email/feedparser.pyc (deflated 59%)
[DEBUG]:   	  adding: email/header.pyc (deflated 53%)
[DEBUG]:   	  adding: email/charset.pyc (deflated 53%)
[DEBUG]:   	  adding: email/contentmanager.pyc (deflated 50%)
[DEBUG]:   	  adding: email/quoprimime.pyc (deflated 47%)
[DEBUG]:   	  adding: email/headerregistry.pyc (deflated 61%)
[DEBUG]:   	  adding: email/_parseaddr.pyc (deflated 63%)
[DEBUG]:   	  adding: email/iterators.pyc (deflated 42%)
[DEBUG]:   	  adding: email/_encoded_words.pyc (deflated 46%)
[DEBUG]:   	  adding: email/__init__.pyc (deflated 51%)
[DEBUG]:   	  adding: email/_policybase.pyc (deflated 52%)
[DEBUG]:   	  adding: email/message.pyc (deflated 55%)
[DEBUG]:   	  adding: email/encoders.pyc (deflated 44%)
[DEBUG]:   	  adding: email/base64mime.pyc (deflated 39%)
[DEBUG]:   	  adding: email/mime/application.pyc (deflated 33%)
[DEBUG]:   	  adding: email/mime/image.pyc (deflated 57%)
[DEBUG]:   	  adding: email/mime/multipart.pyc (deflated 33%)
[DEBUG]:   	  adding: email/mime/audio.pyc (deflated 41%)
[DEBUG]:   	  adding: email/mime/text.pyc (deflated 32%)
[DEBUG]:   	  adding: email/mime/base.pyc (deflated 34%)
[DEBUG]:   	  adding: email/mime/__init__.pyc (deflated 25%)
[DEBUG]:   	  adding: email/mime/message.pyc (deflated 36%)
[DEBUG]:   	  adding: email/mime/nonmultipart.pyc (deflated 34%)
[DEBUG]:   	  adding: turtledemo/lindenmayer.pyc (deflated 47%)
[DEBUG]:   	  adding: turtledemo/colormixer.pyc (deflated 51%)
[DEBUG]:   	  adding: turtledemo/rosette.pyc (deflated 44%)
[DEBUG]:   	  adding: turtledemo/minimal_hanoi.pyc (deflated 46%)
[DEBUG]:   	  adding: turtledemo/tree.pyc (deflated 42%)
[DEBUG]:   	  adding: turtledemo/round_dance.pyc (deflated 41%)
[DEBUG]:   	  adding: turtledemo/paint.pyc (deflated 43%)
[DEBUG]:   	  adding: turtledemo/planet_and_moon.pyc (deflated 55%)
[DEBUG]:   	  adding: turtledemo/peace.pyc (deflated 51%)
[DEBUG]:   	  adding: turtledemo/two_canvases.pyc (deflated 50%)
[DEBUG]:   	  adding: turtledemo/sorting_animate.pyc (deflated 58%)
[DEBUG]:   	  adding: turtledemo/forest.pyc (deflated 48%)
[DEBUG]:   	  adding: turtledemo/yinyang.pyc (deflated 50%)
[DEBUG]:   	  adding: turtledemo/bytedesign.pyc (deflated 69%)
[DEBUG]:   	  adding: turtledemo/clock.pyc (deflated 53%)
[DEBUG]:   	  adding: turtledemo/penrose.pyc (deflated 59%)
[DEBUG]:   	  adding: turtledemo/turtle.cfg (deflated 27%)
[DEBUG]:   	  adding: turtledemo/nim.pyc (deflated 58%)
[DEBUG]:   	  adding: turtledemo/chaos.pyc (deflated 49%)
[DEBUG]:   	  adding: turtledemo/__init__.pyc (deflated 24%)
[DEBUG]:   	  adding: turtledemo/__main__.pyc (deflated 56%)
[DEBUG]:   	  adding: turtledemo/fractalcurves.pyc (deflated 63%)
[DEBUG]:   	  adding: json/scanner.pyc (deflated 46%)
[DEBUG]:   	  adding: json/tool.pyc (deflated 45%)
[DEBUG]:   	  adding: json/decoder.pyc (deflated 47%)
[DEBUG]:   	  adding: json/encoder.pyc (deflated 50%)
[DEBUG]:   	  adding: json/__init__.pyc (deflated 49%)
[DEBUG]:   	  adding: json/__main__.pyc (deflated 25%)
[DEBUG]:   	  adding: encodings/iso8859_5.pyc (deflated 50%)
[DEBUG]:   	  adding: encodings/cp500.pyc (deflated 50%)
[DEBUG]:   	  adding: encodings/unicode_escape.pyc (deflated 56%)
[DEBUG]:   	  adding: encodings/cp1250.pyc (deflated 50%)
[DEBUG]:   	  adding: encodings/shift_jis.pyc (deflated 56%)
[DEBUG]:   	  adding: encodings/iso8859_3.pyc (deflated 50%)
[DEBUG]:   	  adding: encodings/big5.pyc (deflated 56%)
[DEBUG]:   	  adding: encodings/hex_codec.pyc (deflated 57%)
[DEBUG]:   	  adding: encodings/hz.pyc (deflated 56%)
[DEBUG]:   	  adding: encodings/utf_16_be.pyc (deflated 53%)
[DEBUG]:   	  adding: encodings/mac_iceland.pyc (deflated 49%)
[DEBUG]:   	  adding: encodings/iso8859_8.pyc (deflated 52%)
[DEBUG]:   	  adding: encodings/cp932.pyc (deflated 56%)
[DEBUG]:   	  adding: encodings/iso2022_jp_2004.pyc (deflated 56%)
[DEBUG]:   	  adding: encodings/undefined.pyc (deflated 57%)
[DEBUG]:   	  adding: encodings/cp1125.pyc (deflated 57%)
[DEBUG]:   	  adding: encodings/iso8859_4.pyc (deflated 50%)
[DEBUG]:   	  adding: encodings/cp1251.pyc (deflated 50%)
[DEBUG]:   	  adding: encodings/iso8859_9.pyc (deflated 50%)
[DEBUG]:   	  adding: encodings/cp874.pyc (deflated 51%)
[DEBUG]:   	  adding: encodings/utf_8_sig.pyc (deflated 60%)
[DEBUG]:   	  adding: encodings/cp857.pyc (deflated 57%)
[DEBUG]:   	  adding: encodings/iso8859_7.pyc (deflated 50%)
[DEBUG]:   	  adding: encodings/aliases.pyc (deflated 59%)
[DEBUG]:   	  adding: encodings/cp775.pyc (deflated 57%)
[DEBUG]:   	  adding: encodings/cp858.pyc (deflated 57%)
[DEBUG]:   	  adding: encodings/iso2022_jp_1.pyc (deflated 56%)
[DEBUG]:   	  adding: encodings/cp1254.pyc (deflated 50%)
[DEBUG]:   	  adding: encodings/cp862.pyc (deflated 57%)
[DEBUG]:   	  adding: encodings/oem.pyc (deflated 51%)
[DEBUG]:   	  adding: encodings/cp869.pyc (deflated 57%)
[DEBUG]:   	  adding: encodings/quopri_codec.pyc (deflated 57%)
[DEBUG]:   	  adding: encodings/cp1006.pyc (deflated 49%)
[DEBUG]:   	  adding: encodings/mbcs.pyc (deflated 51%)
[DEBUG]:   	  adding: encodings/shift_jisx0213.pyc (deflated 56%)
[DEBUG]:   	  adding: encodings/cp1140.pyc (deflated 50%)
[DEBUG]:   	  adding: encodings/cp860.pyc (deflated 56%)
[DEBUG]:   	  adding: encodings/ascii.pyc (deflated 57%)
[DEBUG]:   	  adding: encodings/cp866.pyc (deflated 57%)
[DEBUG]:   	  adding: encodings/utf_32.pyc (deflated 61%)
[DEBUG]:   	  adding: encodings/iso2022_jp_3.pyc (deflated 56%)
[DEBUG]:   	  adding: encodings/mac_farsi.pyc (deflated 50%)
[DEBUG]:   	  adding: encodings/_win_cp_codecs.pyc (deflated 60%)
[DEBUG]:   	  adding: encodings/cp1253.pyc (deflated 51%)
[DEBUG]:   	  adding: encodings/mac_croatian.pyc (deflated 49%)
[DEBUG]:   	  adding: encodings/johab.pyc (deflated 56%)
[DEBUG]:   	  adding: encodings/cp037.pyc (deflated 50%)
[DEBUG]:   	  adding: encodings/euc_jis_2004.pyc (deflated 56%)
[DEBUG]:   	  adding: encodings/euc_kr.pyc (deflated 56%)
[DEBUG]:   	  adding: encodings/mac_arabic.pyc (deflated 57%)
[DEBUG]:   	  adding: encodings/koi8_t.pyc (deflated 51%)
[DEBUG]:   	  adding: encodings/iso8859_14.pyc (deflated 50%)
[DEBUG]:   	  adding: encodings/iso8859_11.pyc (deflated 50%)
[DEBUG]:   	  adding: encodings/charmap.pyc (deflated 63%)
[DEBUG]:   	  adding: encodings/ptcp154.pyc (deflated 50%)
[DEBUG]:   	  adding: encodings/mac_latin2.pyc (deflated 49%)
[DEBUG]:   	  adding: encodings/iso8859_13.pyc (deflated 50%)
[DEBUG]:   	  adding: encodings/euc_jisx0213.pyc (deflated 56%)
[DEBUG]:   	  adding: encodings/cp1257.pyc (deflated 50%)
[DEBUG]:   	  adding: encodings/cp864.pyc (deflated 56%)
[DEBUG]:   	  adding: encodings/mac_romanian.pyc (deflated 49%)
[DEBUG]:   	  adding: encodings/mac_roman.pyc (deflated 49%)
[DEBUG]:   	  adding: encodings/utf_7.pyc (deflated 53%)
[DEBUG]:   	  adding: encodings/iso2022_kr.pyc (deflated 56%)
[DEBUG]:   	  adding: encodings/utf_16.pyc (deflated 61%)
[DEBUG]:   	  adding: encodings/gb18030.pyc (deflated 56%)
[DEBUG]:   	  adding: encodings/mac_turkish.pyc (deflated 49%)
[DEBUG]:   	  adding: encodings/cp865.pyc (deflated 56%)
[DEBUG]:   	  adding: encodings/cp863.pyc (deflated 56%)
[DEBUG]:   	  adding: encodings/palmos.pyc (deflated 50%)
[DEBUG]:   	  adding: encodings/zlib_codec.pyc (deflated 60%)
[DEBUG]:   	  adding: encodings/idna.pyc (deflated 56%)
[DEBUG]:   	  adding: encodings/mac_greek.pyc (deflated 50%)
[DEBUG]:   	  adding: encodings/iso8859_15.pyc (deflated 50%)
[DEBUG]:   	  adding: encodings/iso2022_jp_ext.pyc (deflated 56%)
[DEBUG]:   	  adding: encodings/iso2022_jp_2.pyc (deflated 56%)
[DEBUG]:   	  adding: encodings/cp852.pyc (deflated 57%)
[DEBUG]:   	  adding: encodings/cp720.pyc (deflated 49%)
[DEBUG]:   	  adding: encodings/iso8859_1.pyc (deflated 50%)
[DEBUG]:   	  adding: encodings/koi8_u.pyc (deflated 49%)
[DEBUG]:   	  adding: encodings/cp850.pyc (deflated 57%)
[DEBUG]:   	  adding: encodings/cp855.pyc (deflated 57%)
[DEBUG]:   	  adding: encodings/hp_roman8.pyc (deflated 50%)
[DEBUG]:   	  adding: encodings/shift_jis_2004.pyc (deflated 56%)
[DEBUG]:   	  adding: encodings/utf_32_le.pyc (deflated 53%)
[DEBUG]:   	  adding: encodings/cp1256.pyc (deflated 49%)
[DEBUG]:   	  adding: encodings/cp950.pyc (deflated 56%)
[DEBUG]:   	  adding: encodings/cp424.pyc (deflated 52%)
[DEBUG]:   	  adding: encodings/koi8_r.pyc (deflated 49%)
[DEBUG]:   	  adding: encodings/__init__.pyc (deflated 46%)
[DEBUG]:   	  adding: encodings/cp1026.pyc (deflated 50%)
[DEBUG]:   	  adding: encodings/iso8859_2.pyc (deflated 50%)
[DEBUG]:   	  adding: encodings/utf_8.pyc (deflated 53%)
[DEBUG]:   	  adding: encodings/rot_13.pyc (deflated 54%)
[DEBUG]:   	  adding: encodings/raw_unicode_escape.pyc (deflated 56%)
[DEBUG]:   	  adding: encodings/cp1252.pyc (deflated 50%)
[DEBUG]:   	  adding: encodings/big5hkscs.pyc (deflated 56%)
[DEBUG]:   	  adding: encodings/bz2_codec.pyc (deflated 57%)
[DEBUG]:   	  adding: encodings/gb2312.pyc (deflated 56%)
[DEBUG]:   	  adding: encodings/cp949.pyc (deflated 56%)
[DEBUG]:   	  adding: encodings/cp875.pyc (deflated 50%)
[DEBUG]:   	  adding: encodings/mac_cyrillic.pyc (deflated 50%)
[DEBUG]:   	  adding: encodings/kz1048.pyc (deflated 50%)
[DEBUG]:   	  adding: encodings/utf_16_le.pyc (deflated 53%)
[DEBUG]:   	  adding: encodings/tis_620.pyc (deflated 50%)
[DEBUG]:   	  adding: encodings/uu_codec.pyc (deflated 52%)
[DEBUG]:   	  adding: encodings/cp437.pyc (deflated 56%)
[DEBUG]:   	  adding: encodings/cp737.pyc (deflated 57%)
[DEBUG]:   	  adding: encodings/gbk.pyc (deflated 56%)
[DEBUG]:   	  adding: encodings/latin_1.pyc (deflated 57%)
[DEBUG]:   	  adding: encodings/cp1255.pyc (deflated 51%)
[DEBUG]:   	  adding: encodings/cp856.pyc (deflated 52%)
[DEBUG]:   	  adding: encodings/punycode.pyc (deflated 49%)
[DEBUG]:   	  adding: encodings/euc_jp.pyc (deflated 56%)
[DEBUG]:   	  adding: encodings/iso8859_6.pyc (deflated 53%)
[DEBUG]:   	  adding: encodings/iso2022_jp.pyc (deflated 56%)
[DEBUG]:   	  adding: encodings/cp273.pyc (deflated 50%)
[DEBUG]:   	  adding: encodings/iso8859_10.pyc (deflated 50%)
[DEBUG]:   	  adding: encodings/cp861.pyc (deflated 56%)
[DEBUG]:   	  adding: encodings/base64_codec.pyc (deflated 57%)
[DEBUG]:   	  adding: encodings/iso8859_16.pyc (deflated 50%)
[DEBUG]:   	  adding: encodings/cp1258.pyc (deflated 50%)
[DEBUG]:   	  adding: encodings/utf_32_be.pyc (deflated 53%)
[DEBUG]:   	  adding: logging/handlers.pyc (deflated 60%)
[DEBUG]:   	  adding: logging/config.pyc (deflated 55%)
[DEBUG]:   	  adding: logging/__init__.pyc (deflated 59%)
[DEBUG]:   	  adding: xml/__init__.pyc (deflated 23%)
[DEBUG]:   	  adding: xml/sax/saxutils.pyc (deflated 63%)
[DEBUG]:   	  adding: xml/sax/xmlreader.pyc (deflated 68%)
[DEBUG]:   	  adding: xml/sax/handler.pyc (deflated 64%)
[DEBUG]:   	  adding: xml/sax/expatreader.pyc (deflated 61%)
[DEBUG]:   	  adding: xml/sax/__init__.pyc (deflated 44%)
[DEBUG]:   	  adding: xml/sax/_exceptions.pyc (deflated 55%)
[DEBUG]:   	  adding: xml/parsers/__init__.pyc (deflated 24%)
[DEBUG]:   	  adding: xml/parsers/expat.pyc (deflated 32%)
[DEBUG]:   	  adding: xml/dom/minicompat.pyc (deflated 50%)
[DEBUG]:   	  adding: xml/dom/expatbuilder.pyc (deflated 62%)
[DEBUG]:   	  adding: xml/dom/minidom.pyc (deflated 64%)
[DEBUG]:   	  adding: xml/dom/NodeFilter.pyc (deflated 36%)
[DEBUG]:   	  adding: xml/dom/xmlbuilder.pyc (deflated 59%)
[DEBUG]:   	  adding: xml/dom/domreg.pyc (deflated 41%)
[DEBUG]:   	  adding: xml/dom/__init__.pyc (deflated 61%)
[DEBUG]:   	  adding: xml/dom/pulldom.pyc (deflated 61%)
[DEBUG]:   	  adding: xml/etree/ElementPath.pyc (deflated 53%)
[DEBUG]:   	  adding: xml/etree/ElementTree.pyc (deflated 58%)
[DEBUG]:   	  adding: xml/etree/ElementInclude.pyc (deflated 44%)
[DEBUG]:   	  adding: xml/etree/__init__.pyc (deflated 24%)
[DEBUG]:   	  adding: xml/etree/cElementTree.pyc (deflated 24%)
[DEBUG]:   	  adding: zoneinfo/_tzpath.pyc (deflated 47%)
[DEBUG]:   	  adding: zoneinfo/__init__.pyc (deflated 32%)
[DEBUG]:   	  adding: zoneinfo/_common.pyc (deflated 45%)
[DEBUG]:   	  adding: zoneinfo/_zoneinfo.pyc (deflated 55%)
[DEBUG]:   	  adding: unittest/signals.pyc (deflated 48%)
[DEBUG]:   	  adding: unittest/_log.pyc (deflated 52%)
[DEBUG]:   	  adding: unittest/result.pyc (deflated 55%)
[DEBUG]:   	  adding: unittest/suite.pyc (deflated 55%)
[DEBUG]:   	  adding: unittest/case.pyc (deflated 61%)
[DEBUG]:   	  adding: unittest/mock.pyc (deflated 57%)
[DEBUG]:   	  adding: unittest/loader.pyc (deflated 54%)
[DEBUG]:   	  adding: unittest/__init__.pyc (deflated 37%)
[DEBUG]:   	  adding: unittest/main.pyc (deflated 54%)
[DEBUG]:   	  adding: unittest/__main__.pyc (deflated 33%)
[DEBUG]:   	  adding: unittest/util.pyc (deflated 48%)
[DEBUG]:   	  adding: unittest/async_case.pyc (deflated 53%)
[DEBUG]:   	  adding: unittest/runner.pyc (deflated 64%)
[DEBUG]:   	  adding: multiprocessing/process.pyc (deflated 56%)
[DEBUG]:   	  adding: multiprocessing/reduction.pyc (deflated 52%)
[DEBUG]:   	  adding: multiprocessing/context.pyc (deflated 60%)
[DEBUG]:   	  adding: multiprocessing/queues.pyc (deflated 59%)
[DEBUG]:   	  adding: multiprocessing/forkserver.pyc (deflated 52%)
[DEBUG]:   	  adding: multiprocessing/managers.pyc (deflated 60%)
[DEBUG]:   	  adding: multiprocessing/popen_spawn_win32.pyc (deflated 46%)
[DEBUG]:   	  adding: multiprocessing/connection.pyc (deflated 56%)
[DEBUG]:   	  adding: multiprocessing/pool.pyc (deflated 59%)
[DEBUG]:   	  adding: multiprocessing/spawn.pyc (deflated 51%)
[DEBUG]:   	  adding: multiprocessing/resource_tracker.pyc (deflated 51%)
[DEBUG]:   	  adding: multiprocessing/popen_fork.pyc (deflated 53%)
[DEBUG]:   	  adding: multiprocessing/resource_sharer.pyc (deflated 53%)
[DEBUG]:   	  adding: multiprocessing/sharedctypes.pyc (deflated 55%)
[DEBUG]:   	  adding: multiprocessing/__init__.pyc (deflated 31%)
[DEBUG]:   	  adding: multiprocessing/popen_forkserver.pyc (deflated 45%)
[DEBUG]:   	  adding: multiprocessing/util.pyc (deflated 52%)
[DEBUG]:   	  adding: multiprocessing/heap.pyc (deflated 54%)
[DEBUG]:   	  adding: multiprocessing/shared_memory.pyc (deflated 56%)
[DEBUG]:   	  adding: multiprocessing/synchronize.pyc (deflated 60%)
[DEBUG]:   	  adding: multiprocessing/popen_spawn_posix.pyc (deflated 48%)
[DEBUG]:   	  adding: multiprocessing/dummy/connection.pyc (deflated 51%)
[DEBUG]:   	  adding: multiprocessing/dummy/__init__.pyc (deflated 49%)
[DEBUG]:   	  adding: tomllib/_parser.pyc (deflated 58%)
[DEBUG]:   	  adding: tomllib/_types.pyc (deflated 22%)
[DEBUG]:   	  adding: tomllib/mypy.ini (deflated 36%)
[DEBUG]:   	  adding: tomllib/__init__.pyc (deflated 25%)
[DEBUG]:   	  adding: tomllib/_re.pyc (deflated 47%)
[DEBUG]:   	  adding: xmlrpc/server.pyc (deflated 56%)
[DEBUG]:   	  adding: xmlrpc/client.pyc (deflated 59%)
[DEBUG]:   	  adding: xmlrpc/__init__.pyc (deflated 25%)
[DEBUG]:   	  adding: asyncio/coroutines.pyc (deflated 47%)
[DEBUG]:   	  adding: asyncio/proactor_events.pyc (deflated 62%)
[DEBUG]:   	  adding: asyncio/events.pyc (deflated 65%)
[DEBUG]:   	  adding: asyncio/transports.pyc (deflated 62%)
[DEBUG]:   	  adding: asyncio/staggered.pyc (deflated 43%)
[DEBUG]:   	  adding: asyncio/windows_utils.pyc (deflated 50%)
[DEBUG]:   	  adding: asyncio/trsock.pyc (deflated 59%)
[DEBUG]:   	  adding: asyncio/base_subprocess.pyc (deflated 60%)
[DEBUG]:   	  adding: asyncio/unix_events.pyc (deflated 60%)
[DEBUG]:   	  adding: asyncio/exceptions.pyc (deflated 51%)
[DEBUG]:   	  adding: asyncio/protocols.pyc (deflated 62%)
[DEBUG]:   	  adding: asyncio/queues.pyc (deflated 60%)
[DEBUG]:   	  adding: asyncio/futures.pyc (deflated 56%)
[DEBUG]:   	  adding: asyncio/base_events.pyc (deflated 57%)
[DEBUG]:   	  adding: asyncio/base_futures.pyc (deflated 45%)
[DEBUG]:   	  adding: asyncio/base_tasks.pyc (deflated 48%)
[DEBUG]:   	  adding: asyncio/runners.pyc (deflated 53%)
[DEBUG]:   	  adding: asyncio/format_helpers.pyc (deflated 47%)
[DEBUG]:   	  adding: asyncio/tools.pyc (deflated 48%)
[DEBUG]:   	  adding: asyncio/constants.pyc (deflated 33%)
[DEBUG]:   	  adding: asyncio/log.pyc (deflated 24%)
[DEBUG]:   	  adding: asyncio/graph.pyc (deflated 53%)
[DEBUG]:   	  adding: asyncio/tasks.pyc (deflated 55%)
[DEBUG]:   	  adding: asyncio/threads.pyc (deflated 30%)
[DEBUG]:   	  adding: asyncio/locks.pyc (deflated 61%)
[DEBUG]:   	  adding: asyncio/sslproto.pyc (deflated 63%)
[DEBUG]:   	  adding: asyncio/timeouts.pyc (deflated 55%)
[DEBUG]:   	  adding: asyncio/windows_events.pyc (deflated 59%)
[DEBUG]:   	  adding: asyncio/taskgroups.pyc (deflated 52%)
[DEBUG]:   	  adding: asyncio/__init__.pyc (deflated 56%)
[DEBUG]:   	  adding: asyncio/__main__.pyc (deflated 47%)
[DEBUG]:   	  adding: asyncio/mixins.pyc (deflated 34%)
[DEBUG]:   	  adding: asyncio/streams.pyc (deflated 58%)
[DEBUG]:   	  adding: asyncio/selector_events.pyc (deflated 66%)
[DEBUG]:   	  adding: asyncio/subprocess.pyc (deflated 57%)
[DEBUG]:   	  adding: _pyrepl/utils.pyc (deflated 57%)
[DEBUG]:   	  adding: _pyrepl/unix_eventqueue.pyc (deflated 37%)
[DEBUG]:   	  adding: _pyrepl/commands.pyc (deflated 70%)
[DEBUG]:   	  adding: _pyrepl/_threading_handler.pyc (deflated 58%)
[DEBUG]:   	  adding: _pyrepl/pager.pyc (deflated 56%)
[DEBUG]:   	  adding: _pyrepl/reader.pyc (deflated 59%)
[DEBUG]:   	  adding: _pyrepl/historical_reader.pyc (deflated 63%)
[DEBUG]:   	  adding: _pyrepl/console.pyc (deflated 58%)
[DEBUG]:   	  adding: _pyrepl/keymap.pyc (deflated 49%)
[DEBUG]:   	  adding: _pyrepl/input.pyc (deflated 52%)
[DEBUG]:   	  adding: _pyrepl/trace.pyc (deflated 43%)
[DEBUG]:   	  adding: _pyrepl/readline.pyc (deflated 60%)
[DEBUG]:   	  adding: _pyrepl/_module_completer.pyc (deflated 62%)
[DEBUG]:   	  adding: _pyrepl/terminfo.pyc (deflated 49%)
[DEBUG]:   	  adding: _pyrepl/types.pyc (deflated 56%)
[DEBUG]:   	  adding: _pyrepl/simple_interact.pyc (deflated 46%)
[DEBUG]:   	  adding: _pyrepl/mypy.ini (deflated 42%)
[DEBUG]:   	  adding: _pyrepl/unix_console.pyc (deflated 61%)
[DEBUG]:   	  adding: _pyrepl/fancy_termios.pyc (deflated 60%)
[DEBUG]:   	  adding: _pyrepl/base_eventqueue.pyc (deflated 52%)
[DEBUG]:   	  adding: _pyrepl/__init__.pyc (deflated 24%)
[DEBUG]:   	  adding: _pyrepl/main.pyc (deflated 40%)
[DEBUG]:   	  adding: _pyrepl/__main__.pyc (deflated 25%)
[DEBUG]:   	  adding: _pyrepl/completing_reader.pyc (deflated 54%)
[DEBUG]:   	  adding: _pyrepl/windows_console.pyc (deflated 58%)
[DEBUG]:   	  adding: _pyrepl/windows_eventqueue.pyc (deflated 41%)
[DEBUG]:   	  adding: sqlite3/dump.pyc (deflated 45%)
[DEBUG]:   	  adding: sqlite3/__init__.pyc (deflated 23%)
[DEBUG]:   	  adding: sqlite3/__main__.pyc (deflated 43%)
[DEBUG]:   	  adding: sqlite3/dbapi2.pyc (deflated 52%)
[INFO]:    <- directory context /home/runner/work/Khala-joybug/Khala-joybug/.buildozer/android/platform/build-arm64-v8a/dists/khalajoybug
[DEBUG]:   Create directory /home/runner/work/Khala-joybug/Khala-joybug/.buildozer/android/platform/build-arm64-v8a/dists/khalajoybug/_python_bundle__arm64-v8a/_python_bundle/site-packages
[INFO]:    -> directory context /home/runner/work/Khala-joybug/Khala-joybug/.buildozer/android/platform/build-arm64-v8a/build/python-installs/khalajoybug/arm64-v8a
[INFO]:    Copy 1049 files into the site-packages
[INFO]:     - copy ./setup_sdist.pyc
[INFO]:     - copy ./six.pyc
[INFO]:     - copy ./distutils-precedence.pth
[INFO]:     - copy ./7cf47097c39cf1afcee8__mypyc.cpython-314-x86_64-linux-gnu.so
[INFO]:     - copy ./jnius_config.pyc
[INFO]:     - copy ./jnius/signatures.pyc
[DEBUG]:   Create directory /home/runner/work/Khala-joybug/Khala-joybug/.buildozer/android/platform/build-arm64-v8a/dists/khalajoybug/_python_bundle__arm64-v8a/_python_bundle/site-packages/./jnius
[INFO]:     - copy ./jnius/env.pyc
[INFO]:     - copy ./jnius/jnius.cpython-314-x86_64-linux-gnu.so
[INFO]:     - copy ./jnius/__init__.pyc
[INFO]:     - copy ./jnius/reflect.pyc
[INFO]:     - copy ./jnius/src/org/jnius/NativeInvocationHandler.class
[DEBUG]:   Create directory /home/runner/work/Khala-joybug/Khala-joybug/.buildozer/android/platform/build-arm64-v8a/dists/khalajoybug/_python_bundle__arm64-v8a/_python_bundle/site-packages/./jnius/src/org/jnius
[INFO]:     - copy ./jnius/src/org/jnius/NativeInvocationHandler.java
[INFO]:     - copy ./kivy/utils.pyc
[DEBUG]:   Create directory /home/runner/work/Khala-joybug/Khala-joybug/.buildozer/android/platform/build-arm64-v8a/dists/khalajoybug/_python_bundle__arm64-v8a/_python_bundle/site-packages/./kivy
[INFO]:     - copy ./kivy/_clock.pxd
[INFO]:     - copy ./kivy/gesture.pyc
[INFO]:     - copy ./kivy/_metrics.cpython-314-x86_64-linux-gnu.so
[INFO]:     - copy ./kivy/metrics.pyc
[INFO]:     - copy ./kivy/context.pyc
[INFO]:     - copy ./kivy/_event.cpython-314-x86_64-linux-gnu.so
[INFO]:     - copy ./kivy/resources.pyc
[INFO]:     - copy ./kivy/app.pyc
[INFO]:     - copy ./kivy/vector.pyc
[INFO]:     - copy ./kivy/cache.pyc
[INFO]:     - copy ./kivy/factory_registers.pyc
[INFO]:     - copy ./kivy/_clock.cpython-314-x86_64-linux-gnu.so
[INFO]:     - copy ./kivy/setupconfig.pyc
[INFO]:     - copy ./kivy/multistroke.pyc
[INFO]:     - copy ./kivy/parser.pyc
[INFO]:     - copy ./kivy/properties.cpython-314-x86_64-linux-gnu.so
[INFO]:     - copy ./kivy/interactive.pyc
[INFO]:     - copy ./kivy/compat.pyc
[INFO]:     - copy ./kivy/factory.pyc
[INFO]:     - copy ./kivy/_metrics.pxd
[INFO]:     - copy ./kivy/weakproxy.cpython-314-x86_64-linux-gnu.so
[INFO]:     - copy ./kivy/_version.pyc
[INFO]:     - copy ./kivy/logger.pyc
[INFO]:     - copy ./kivy/clock.pyc
[INFO]:     - copy ./kivy/support.pyc
[INFO]:     - copy ./kivy/loader.pyc
[INFO]:     - copy ./kivy/event.pyc
[INFO]:     - copy ./kivy/geometry.pyc
[INFO]:     - copy ./kivy/config.pyc
[INFO]:     - copy ./kivy/base.pyc
[INFO]:     - copy ./kivy/animation.pyc
[INFO]:     - copy ./kivy/__init__.pyc
[INFO]:     - copy ./kivy/properties.pxd
[INFO]:     - copy ./kivy/atlas.pyc
[INFO]:     - copy ./kivy/weakmethod.pyc
[INFO]:     - copy ./kivy/_event.pxd
[INFO]:     - copy ./kivy/include/gl2platform.h
[DEBUG]:   Create directory /home/runner/work/Khala-joybug/Khala-joybug/.buildozer/android/platform/build-arm64-v8a/dists/khalajoybug/_python_bundle__arm64-v8a/_python_bundle/site-packages/./kivy/include
[INFO]:     - copy ./kivy/include/khrplatform.h
[INFO]:     - copy ./kivy/include/config.h
[INFO]:     - copy ./kivy/include/gl_redirect.h
[INFO]:     - copy ./kivy/include/common_subset.h
[INFO]:     - copy ./kivy/include/config.pxi
[INFO]:     - copy ./kivy/garden/__init__.pyc
[DEBUG]:   Create directory /home/runner/work/Khala-joybug/Khala-joybug/.buildozer/android/platform/build-arm64-v8a/dists/khalajoybug/_python_bundle__arm64-v8a/_python_bundle/site-packages/./kivy/garden
[INFO]:     - copy ./kivy/network/__init__.pyc
[DEBUG]:   Create directory /home/runner/work/Khala-joybug/Khala-joybug/.buildozer/android/platform/build-arm64-v8a/dists/khalajoybug/_python_bundle__arm64-v8a/_python_bundle/site-packages/./kivy/network
[INFO]:     - copy ./kivy/network/urlrequest.pyc
[INFO]:     - copy ./kivy/extras/highlight.pyc
[DEBUG]:   Create directory /home/runner/work/Khala-joybug/Khala-joybug/.buildozer/android/platform/build-arm64-v8a/dists/khalajoybug/_python_bundle__arm64-v8a/_python_bundle/site-packages/./kivy/extras
[INFO]:     - copy ./kivy/extras/__init__.pyc
[INFO]:     - copy ./kivy/data/style.kv
[DEBUG]:   Create directory /home/runner/work/Khala-joybug/Khala-joybug/.buildozer/android/platform/build-arm64-v8a/dists/khalajoybug/_python_bundle__arm64-v8a/_python_bundle/site-packages/./kivy/data
[INFO]:     - copy ./kivy/data/settings_kivy.json
[INFO]:     - copy ./kivy/data/keyboards/qwertz.json
[DEBUG]:   Create directory /home/runner/work/Khala-joybug/Khala-joybug/.buildozer/android/platform/build-arm64-v8a/dists/khalajoybug/_python_bundle__arm64-v8a/_python_bundle/site-packages/./kivy/data/keyboards
[INFO]:     - copy ./kivy/data/keyboards/de_CH.json
[INFO]:     - copy ./kivy/data/keyboards/de.json
[INFO]:     - copy ./kivy/data/keyboards/qwerty.json
[INFO]:     - copy ./kivy/data/keyboards/es_ES.json
[INFO]:     - copy ./kivy/data/keyboards/en_US.json
[INFO]:     - copy ./kivy/data/keyboards/fr_CH.json
[INFO]:     - copy ./kivy/data/keyboards/azerty.json
[INFO]:     - copy ./kivy/data/logo/kivy-icon-16.png
[DEBUG]:   Create directory /home/runner/work/Khala-joybug/Khala-joybug/.buildozer/android/platform/build-arm64-v8a/dists/khalajoybug/_python_bundle__arm64-v8a/_python_bundle/site-packages/./kivy/data/logo
[INFO]:     - copy ./kivy/data/logo/kivy-icon-128.png
[INFO]:     - copy ./kivy/data/logo/kivy-icon-512.png
[INFO]:     - copy ./kivy/data/logo/kivy-icon-64.png
[INFO]:     - copy ./kivy/data/logo/kivy-icon-48.png
[INFO]:     - copy ./kivy/data/logo/kivy-icon-32.png
[INFO]:     - copy ./kivy/data/logo/kivy-icon-24.png
[INFO]:     - copy ./kivy/data/logo/kivy-icon-64.ico
[INFO]:     - copy ./kivy/data/logo/kivy-icon-256.png
[INFO]:     - copy ./kivy/data/glsl/header.vs
[DEBUG]:   Create directory /home/runner/work/Khala-joybug/Khala-joybug/.buildozer/android/platform/build-arm64-v8a/dists/khalajoybug/_python_bundle__arm64-v8a/_python_bundle/site-packages/./kivy/data/glsl
[INFO]:     - copy ./kivy/data/glsl/default.png
[INFO]:     - copy ./kivy/data/glsl/default.fs
[INFO]:     - copy ./kivy/data/glsl/header.fs
[INFO]:     - copy ./kivy/data/glsl/default.vs
[INFO]:     - copy ./kivy/data/images/defaultshape.png
[DEBUG]:   Create directory /home/runner/work/Khala-joybug/Khala-joybug/.buildozer/android/platform/build-arm64-v8a/dists/khalajoybug/_python_bundle__arm64-v8a/_python_bundle/site-packages/./kivy/data/images
[INFO]:     - copy ./kivy/data/images/defaulttheme.atlas
[INFO]:     - copy ./kivy/data/images/image-loading.zip
[INFO]:     - copy ./kivy/data/images/testpattern.png
[INFO]:     - copy ./kivy/data/images/background.jpg
[INFO]:     - copy ./kivy/data/images/image-loading.gif
[INFO]:     - copy ./kivy/data/images/defaulttheme-0.png
[INFO]:     - copy ./kivy/data/images/cursor.png
[INFO]:     - copy ./kivy/data/fonts/RobotoMono-Regular.ttf
[DEBUG]:   Create directory /home/runner/work/Khala-joybug/Khala-joybug/.buildozer/android/platform/build-arm64-v8a/dists/khalajoybug/_python_bundle__arm64-v8a/_python_bundle/site-packages/./kivy/data/fonts
[INFO]:     - copy ./kivy/data/fonts/Roboto-Regular.ttf
[INFO]:     - copy ./kivy/data/fonts/Roboto-Bold.ttf
[INFO]:     - copy ./kivy/data/fonts/DejaVuSans.ttf
[INFO]:     - copy ./kivy/data/fonts/Roboto-BoldItalic.ttf
[INFO]:     - copy ./kivy/data/fonts/Roboto-Italic.ttf
[INFO]:     - copy ./kivy/input/recorder.pyc
[DEBUG]:   Create directory /home/runner/work/Khala-joybug/Khala-joybug/.buildozer/android/platform/build-arm64-v8a/dists/khalajoybug/_python_bundle__arm64-v8a/_python_bundle/site-packages/./kivy/input
[INFO]:     - copy ./kivy/input/shape.pyc
[INFO]:     - copy ./kivy/input/provider.pyc
[INFO]:     - copy ./kivy/input/factory.pyc
[INFO]:     - copy ./kivy/input/motionevent.pyc
[INFO]:     - copy ./kivy/input/__init__.pyc
[INFO]:     - copy ./kivy/input/providers/mouse.pyc
[DEBUG]:   Create directory /home/runner/work/Khala-joybug/Khala-joybug/.buildozer/android/platform/build-arm64-v8a/dists/khalajoybug/_python_bundle__arm64-v8a/_python_bundle/site-packages/./kivy/input/providers
[INFO]:     - copy ./kivy/input/providers/mactouch.pyc
[INFO]:     - copy ./kivy/input/providers/wm_common.pyc
[INFO]:     - copy ./kivy/input/providers/hidinput.pyc
[INFO]:     - copy ./kivy/input/providers/tuio.pyc
[INFO]:     - copy ./kivy/input/providers/androidjoystick.pyc
[INFO]:     - copy ./kivy/input/providers/leapfinger.pyc
[INFO]:     - copy ./kivy/input/providers/linuxwacom.pyc
[INFO]:     - copy ./kivy/input/providers/wm_touch.pyc
[INFO]:     - copy ./kivy/input/providers/mtdev.pyc
[INFO]:     - copy ./kivy/input/providers/__init__.pyc
[INFO]:     - copy ./kivy/input/providers/wm_pen.pyc
[INFO]:     - copy ./kivy/input/providers/probesysfs.pyc
[INFO]:     - copy ./kivy/input/postproc/retaintouch.pyc
[DEBUG]:   Create directory /home/runner/work/Khala-joybug/Khala-joybug/.buildozer/android/platform/build-arm64-v8a/dists/khalajoybug/_python_bundle__arm64-v8a/_python_bundle/site-packages/./kivy/input/postproc
[INFO]:     - copy ./kivy/input/postproc/calibration.pyc
[INFO]:     - copy ./kivy/input/postproc/doubletap.pyc
[INFO]:     - copy ./kivy/input/postproc/dejitter.pyc
[INFO]:     - copy ./kivy/input/postproc/ignorelist.pyc
[INFO]:     - copy ./kivy/input/postproc/__init__.pyc
[INFO]:     - copy ./kivy/input/postproc/tripletap.pyc
[INFO]:     - copy ./kivy/uix/filechooser.pyc
[DEBUG]:   Create directory /home/runner/work/Khala-joybug/Khala-joybug/.buildozer/android/platform/build-arm64-v8a/dists/khalajoybug/_python_bundle__arm64-v8a/_python_bundle/site-packages/./kivy/uix
[INFO]:     - copy ./kivy/uix/gesturesurface.pyc
[INFO]:     - copy ./kivy/uix/screenmanager.pyc
[INFO]:     - copy ./kivy/uix/dropdown.pyc
[INFO]:     - copy ./kivy/uix/image.pyc
[INFO]:     - copy ./kivy/uix/scrollview.pyc
[INFO]:     - copy ./kivy/uix/splitter.pyc
[INFO]:     - copy ./kivy/uix/slider.pyc
[INFO]:     - copy ./kivy/uix/pagelayout.pyc
[INFO]:     - copy ./kivy/uix/textinput.pyc
[INFO]:     - copy ./kivy/uix/recycleboxlayout.pyc
[INFO]:     - copy ./kivy/uix/layout.pyc
[INFO]:     - copy ./kivy/uix/videoplayer.pyc
[INFO]:     - copy ./kivy/uix/accordion.pyc
[INFO]:     - copy ./kivy/uix/anchorlayout.pyc
[INFO]:     - copy ./kivy/uix/stacklayout.pyc
[INFO]:     - copy ./kivy/uix/widget.pyc
[INFO]:     - copy ./kivy/uix/codeinput.pyc
[INFO]:     - copy ./kivy/uix/scatterlayout.pyc
[INFO]:     - copy ./kivy/uix/button.pyc
[INFO]:     - copy ./kivy/uix/togglebutton.pyc
[INFO]:     - copy ./kivy/uix/checkbox.pyc
[INFO]:     - copy ./kivy/uix/spinner.pyc
[INFO]:     - copy ./kivy/uix/recyclelayout.pyc
[INFO]:     - copy ./kivy/uix/popup.pyc
[INFO]:     - copy ./kivy/uix/colorpicker.pyc
[INFO]:     - copy ./kivy/uix/settings.pyc
[INFO]:     - copy ./kivy/uix/vkeyboard.pyc
[INFO]:     - copy ./kivy/uix/actionbar.pyc
[INFO]:     - copy ./kivy/uix/tabbedpanel.pyc
[INFO]:     - copy ./kivy/uix/floatlayout.pyc
[INFO]:     - copy ./kivy/uix/switch.pyc
[INFO]:     - copy ./kivy/uix/gridlayout.pyc
[INFO]:     - copy ./kivy/uix/treeview.pyc
[INFO]:     - copy ./kivy/uix/label.pyc
[INFO]:     - copy ./kivy/uix/stencilview.pyc
[INFO]:     - copy ./kivy/uix/modalview.pyc
[INFO]:     - copy ./kivy/uix/carousel.pyc
[INFO]:     - copy ./kivy/uix/camera.pyc
[INFO]:     - copy ./kivy/uix/effectwidget.pyc
[INFO]:     - copy ./kivy/uix/bubble.pyc
[INFO]:     - copy ./kivy/uix/sandbox.pyc
[INFO]:     - copy ./kivy/uix/recyclegridlayout.pyc
[INFO]:     - copy ./kivy/uix/__init__.pyc
[INFO]:     - copy ./kivy/uix/scatter.pyc
[INFO]:     - copy ./kivy/uix/rst.pyc
[INFO]:     - copy ./kivy/uix/relativelayout.pyc
[INFO]:     - copy ./kivy/uix/boxlayout.pyc
[INFO]:     - copy ./kivy/uix/progressbar.pyc
[INFO]:     - copy ./kivy/uix/video.pyc
[INFO]:     - copy ./kivy/uix/behaviors/codenavigation.pyc
[DEBUG]:   Create directory /home/runner/work/Khala-joybug/Khala-joybug/.buildozer/android/platform/build-arm64-v8a/dists/khalajoybug/_python_bundle__arm64-v8a/_python_bundle/site-packages/./kivy/uix/behaviors
[INFO]:     - copy ./kivy/uix/behaviors/touchripple.pyc
[INFO]:     - copy ./kivy/uix/behaviors/button.pyc
[INFO]:     - copy ./kivy/uix/behaviors/togglebutton.pyc
[INFO]:     - copy ./kivy/uix/behaviors/compoundselection.pyc
[INFO]:     - copy ./kivy/uix/behaviors/drag.pyc
[INFO]:     - copy ./kivy/uix/behaviors/emacs.pyc
[INFO]:     - copy ./kivy/uix/behaviors/focus.pyc
[INFO]:     - copy ./kivy/uix/behaviors/cover.pyc
[INFO]:     - copy ./kivy/uix/behaviors/knspace.pyc
[INFO]:     - copy ./kivy/uix/behaviors/__init__.pyc
[INFO]:     - copy ./kivy/uix/recycleview/layout.pyc
[DEBUG]:   Create directory /home/runner/work/Khala-joybug/Khala-joybug/.buildozer/android/platform/build-arm64-v8a/dists/khalajoybug/_python_bundle__arm64-v8a/_python_bundle/site-packages/./kivy/uix/recycleview
[INFO]:     - copy ./kivy/uix/recycleview/datamodel.pyc
[INFO]:     - copy ./kivy/uix/recycleview/views.pyc
[INFO]:     - copy ./kivy/uix/recycleview/__init__.pyc
[INFO]:     - copy ./kivy/eventmanager/__init__.pyc
[DEBUG]:   Create directory /home/runner/work/Khala-joybug/Khala-joybug/.buildozer/android/platform/build-arm64-v8a/dists/khalajoybug/_python_bundle__arm64-v8a/_python_bundle/site-packages/./kivy/eventmanager
[INFO]:     - copy ./kivy/deps/__init__.pyc
[DEBUG]:   Create directory /home/runner/work/Khala-joybug/Khala-joybug/.buildozer/android/platform/build-arm64-v8a/dists/khalajoybug/_python_bundle__arm64-v8a/_python_bundle/site-packages/./kivy/deps
[INFO]:     - copy ./kivy/storage/jsonstore.pyc
[DEBUG]:   Create directory /home/runner/work/Khala-joybug/Khala-joybug/.buildozer/android/platform/build-arm64-v8a/dists/khalajoybug/_python_bundle__arm64-v8a/_python_bundle/site-packages/./kivy/storage
[INFO]:     - copy ./kivy/storage/redisstore.pyc
[INFO]:     - copy ./kivy/storage/dictstore.pyc
[INFO]:     - copy ./kivy/storage/__init__.pyc
[INFO]:     - copy ./kivy/modules/recorder.pyc
[DEBUG]:   Create directory /home/runner/work/Khala-joybug/Khala-joybug/.buildozer/android/platform/build-arm64-v8a/dists/khalajoybug/_python_bundle__arm64-v8a/_python_bundle/site-packages/./kivy/modules
[INFO]:     - copy ./kivy/modules/webdebugger.pyc
[INFO]:     - copy ./kivy/modules/screen.pyc
[INFO]:     - copy ./kivy/modules/console.pyc
[INFO]:     - copy ./kivy/modules/cursor.pyc
[INFO]:     - copy ./kivy/modules/joycursor.pyc
[INFO]:     - copy ./kivy/modules/_webdebugger.pyc
[INFO]:     - copy ./kivy/modules/monitor.pyc
[INFO]:     - copy ./kivy/modules/inspector.pyc
[INFO]:     - copy ./kivy/modules/showborder.pyc
[INFO]:     - copy ./kivy/modules/keybinding.pyc
[INFO]:     - copy ./kivy/modules/__init__.pyc
[INFO]:     - copy ./kivy/modules/touchring.pyc
[INFO]:     - copy ./kivy/lib/ddsfile.pyc
[DEBUG]:   Create directory /home/runner/work/Khala-joybug/Khala-joybug/.buildozer/android/platform/build-arm64-v8a/dists/khalajoybug/_python_bundle__arm64-v8a/_python_bundle/site-packages/./kivy/lib
[INFO]:     - copy ./kivy/lib/mtdev.pyc
[INFO]:     - copy ./kivy/lib/__init__.pyc
[INFO]:     - copy ./kivy/lib/sdl2.pxi
[INFO]:     - copy ./kivy/lib/vidcore_lite/bcm.pxd
[DEBUG]:   Create directory /home/runner/work/Khala-joybug/Khala-joybug/.buildozer/android/platform/build-arm64-v8a/dists/khalajoybug/_python_bundle__arm64-v8a/_python_bundle/site-packages/./kivy/lib/vidcore_lite
[INFO]:     - copy ./kivy/lib/vidcore_lite/__init__.pyc
[INFO]:     - copy ./kivy/lib/pango/pangoft2.pxi
[DEBUG]:   Create directory /home/runner/work/Khala-joybug/Khala-joybug/.buildozer/android/platform/build-arm64-v8a/dists/khalajoybug/_python_bundle__arm64-v8a/_python_bundle/site-packages/./kivy/lib/pango
[INFO]:     - copy ./kivy/lib/gstplayer/__init__.pyc
[DEBUG]:   Create directory /home/runner/work/Khala-joybug/Khala-joybug/.buildozer/android/platform/build-arm64-v8a/dists/khalajoybug/_python_bundle__arm64-v8a/_python_bundle/site-packages/./kivy/lib/gstplayer
[INFO]:     - copy ./kivy/effects/opacityscroll.pyc
[DEBUG]:   Create directory /home/runner/work/Khala-joybug/Khala-joybug/.buildozer/android/platform/build-arm64-v8a/dists/khalajoybug/_python_bundle__arm64-v8a/_python_bundle/site-packages/./kivy/effects
[INFO]:     - copy ./kivy/effects/kinetic.pyc
[INFO]:     - copy ./kivy/effects/dampedscroll.pyc
[INFO]:     - copy ./kivy/effects/scroll.pyc
[INFO]:     - copy ./kivy/effects/__init__.pyc
[INFO]:     - copy ./kivy/tools/benchmark.pyc
[DEBUG]:   Create directory /home/runner/work/Khala-joybug/Khala-joybug/.buildozer/android/platform/build-arm64-v8a/dists/khalajoybug/_python_bundle__arm64-v8a/_python_bundle/site-packages/./kivy/tools
[INFO]:     - copy ./kivy/tools/gallery.pyc
[INFO]:     - copy ./kivy/tools/kviewer.pyc
[INFO]:     - copy ./kivy/tools/texturecompress.pyc
[INFO]:     - copy ./kivy/tools/report.pyc
[INFO]:     - copy ./kivy/tools/stub-gl-debug.pyc
[INFO]:     - copy ./kivy/tools/coverage.pyc
[INFO]:     - copy ./kivy/tools/__init__.pyc
[INFO]:     - copy ./kivy/tools/generate-icons.pyc
[INFO]:     - copy ./kivy/tools/changelog_parser.pyc
[INFO]:     - copy ./kivy/tools/theming/defaulttheme/vkeyboard_disabled_key_normal.png
[DEBUG]:   Create directory /home/runner/work/Khala-joybug/Khala-joybug/.buildozer/android/platform/build-arm64-v8a/dists/khalajoybug/_python_bundle__arm64-v8a/_python_bundle/site-packages/./kivy/tools/theming/defaulttheme
[INFO]:     - copy ./kivy/tools/theming/defaulttheme/splitter_down.png
[INFO]:     - copy ./kivy/tools/theming/defaulttheme/sliderv_background_disabled.png
[INFO]:     - copy ./kivy/tools/theming/defaulttheme/textinput_disabled.png
[INFO]:     - copy ./kivy/tools/theming/defaulttheme/splitter_h.png
[INFO]:     - copy ./kivy/tools/theming/defaulttheme/action_item_down.png
[INFO]:     - copy ./kivy/tools/theming/defaulttheme/switch-button.png
[INFO]:     - copy ./kivy/tools/theming/defaulttheme/player-play-overlay.png
[INFO]:     - copy ./kivy/tools/theming/defaulttheme/tab_btn.png
[INFO]:     - copy ./kivy/tools/theming/defaulttheme/splitter_disabled_down.png
[INFO]:     - copy ./kivy/tools/theming/defaulttheme/bubble_btn_pressed.png
[INFO]:     - copy ./kivy/tools/theming/defaulttheme/selector_middle.png
[INFO]:     - copy ./kivy/tools/theming/defaulttheme/bubble_btn.png
[INFO]:     - copy ./kivy/tools/theming/defaulttheme/textinput_active.png
[INFO]:     - copy ./kivy/tools/theming/defaulttheme/filechooser_folder.png
[INFO]:     - copy ./kivy/tools/theming/defaulttheme/tree_opened.png
[INFO]:     - copy ./kivy/tools/theming/defaulttheme/vkeyboard_disabled_key_down.png
[INFO]:     - copy ./kivy/tools/theming/defaulttheme/audio-volume-high.png
[INFO]:     - copy ./kivy/tools/theming/defaulttheme/slider_cursor.png
[INFO]:     - copy ./kivy/tools/theming/defaulttheme/button_pressed.png
[INFO]:     - copy ./kivy/tools/theming/defaulttheme/previous_normal.png
[INFO]:     - copy ./kivy/tools/theming/defaulttheme/button_disabled_pressed.png
[INFO]:     - copy ./kivy/tools/theming/defaulttheme/checkbox_disabled_off.png
[INFO]:     - copy ./kivy/tools/theming/defaulttheme/modalview-background.png
[INFO]:     - copy ./kivy/tools/theming/defaulttheme/vkeyboard_disabled_background.png
[INFO]:     - copy ./kivy/tools/theming/defaulttheme/action_view.png
[INFO]:     - copy ./kivy/tools/theming/defaulttheme/splitter.png
[INFO]:     - copy ./kivy/tools/theming/defaulttheme/spinner_disabled.png
[INFO]:     - copy ./kivy/tools/theming/defaulttheme/switch-background.png
[INFO]:     - copy ./kivy/tools/theming/defaulttheme/action_item.png
[INFO]:     - copy ./kivy/tools/theming/defaulttheme/checkbox_on.png
[INFO]:     - copy ./kivy/tools/theming/defaulttheme/action_group.png
[INFO]:     - copy ./kivy/tools/theming/defaulttheme/ring.png
[INFO]:     - copy ./kivy/tools/theming/defaulttheme/checkbox_radio_on.png
[INFO]:     - copy ./kivy/tools/theming/defaulttheme/progressbar.png
[INFO]:     - copy ./kivy/tools/theming/defaulttheme/checkbox_off.png
[INFO]:     - copy ./kivy/tools/theming/defaulttheme/separator.png
[INFO]:     - copy ./kivy/tools/theming/defaulttheme/filechooser_selected.png
[INFO]:     - copy ./kivy/tools/theming/defaulttheme/selector_right.png
[INFO]:     - copy ./kivy/tools/theming/defaulttheme/vkeyboard_key_down.png
[INFO]:     - copy ./kivy/tools/theming/defaulttheme/tree_closed.png
[INFO]:     - copy ./kivy/tools/theming/defaulttheme/tab_btn_disabled_pressed.png
[INFO]:     - copy ./kivy/tools/theming/defaulttheme/button.png
[INFO]:     - copy ./kivy/tools/theming/defaulttheme/tab_btn_pressed.png
[INFO]:     - copy ./kivy/tools/theming/defaulttheme/splitter_down_h.png
[INFO]:     - copy ./kivy/tools/theming/defaulttheme/button_disabled.png
[INFO]:     - copy ./kivy/tools/theming/defaulttheme/audio-volume-low.png
[INFO]:     - copy ./kivy/tools/theming/defaulttheme/splitter_grip.png
[INFO]:     - copy ./kivy/tools/theming/defaulttheme/checkbox_disabled_on.png
[INFO]:     - copy ./kivy/tools/theming/defaulttheme/close.png
[INFO]:     - copy ./kivy/tools/theming/defaulttheme/media-playback-start.png
[INFO]:     - copy ./kivy/tools/theming/defaulttheme/vkeyboard_background.png
[INFO]:     - copy ./kivy/tools/theming/defaulttheme/splitter_disabled_down_h.png
[INFO]:     - copy ./kivy/tools/theming/defaulttheme/sliderh_background.png
[INFO]:     - copy ./kivy/tools/theming/defaulttheme/action_group_down.png
[INFO]:     - copy ./kivy/tools/theming/defaulttheme/audio-volume-medium.png
[INFO]:     - copy ./kivy/tools/theming/defaulttheme/textinput.png
[INFO]:     - copy ./kivy/tools/theming/defaulttheme/checkbox_radio_disabled_on.png
[INFO]:     - copy ./kivy/tools/theming/defaulttheme/tab_disabled.png
[INFO]:     - copy ./kivy/tools/theming/defaulttheme/progressbar_background.png
[INFO]:     - copy ./kivy/tools/theming/defaulttheme/media-playback-pause.png
[INFO]:     - copy ./kivy/tools/theming/defaulttheme/checkbox_radio_disabled_off.png
[INFO]:     - copy ./kivy/tools/theming/defaulttheme/spinner.png
[INFO]:     - copy ./kivy/tools/theming/defaulttheme/splitter_disabled.png
[INFO]:     - copy ./kivy/tools/theming/defaulttheme/splitter_grip_h.png
[INFO]:     - copy ./kivy/tools/theming/defaulttheme/tab.png
[INFO]:     - copy ./kivy/tools/theming/defaulttheme/action_group_disabled.png
[INFO]:     - copy ./kivy/tools/theming/defaulttheme/action_bar.png
[INFO]:     - copy ./kivy/tools/theming/defaulttheme/filechooser_file.png
[INFO]:     - copy ./kivy/tools/theming/defaulttheme/textinput_disabled_active.png
[INFO]:     - copy ./kivy/tools/theming/defaulttheme/sliderh_background_disabled.png
[INFO]:     - copy ./kivy/tools/theming/defaulttheme/selector_left.png
[INFO]:     - copy ./kivy/tools/theming/defaulttheme/audio-volume-muted.png
[INFO]:     - copy ./kivy/tools/theming/defaulttheme/splitter_disabled_h.png
[INFO]:     - copy ./kivy/tools/theming/defaulttheme/overflow.png
[INFO]:     - copy ./kivy/tools/theming/defaulttheme/switch-button_disabled.png
[INFO]:     - copy ./kivy/tools/theming/defaulttheme/slider_cursor_disabled.png
[INFO]:     - copy ./kivy/tools/theming/defaulttheme/bubble.png
[INFO]:     - copy ./kivy/tools/theming/defaulttheme/sliderv_background.png
[INFO]:     - copy ./kivy/tools/theming/defaulttheme/checkbox_radio_off.png
[INFO]:     - copy ./kivy/tools/theming/defaulttheme/switch-background_disabled.png
[INFO]:     - copy ./kivy/tools/theming/defaulttheme/media-playback-stop.png
[INFO]:     - copy ./kivy/tools/theming/defaulttheme/player-background.png
[INFO]:     - copy ./kivy/tools/theming/defaulttheme/vkeyboard_key_normal.png
[INFO]:     - copy ./kivy/tools/theming/defaulttheme/spinner_pressed.png
[INFO]:     - copy ./kivy/tools/theming/defaulttheme/tab_btn_disabled.png
[INFO]:     - copy ./kivy/tools/theming/defaulttheme/image-missing.png
[INFO]:     - copy ./kivy/tools/theming/defaulttheme/bubble_arrow.png
[INFO]:     - copy ./kivy/tools/precommit_hooks/pre-commit-config.yaml
[DEBUG]:   Create directory /home/runner/work/Khala-joybug/Khala-joybug/.buildozer/android/platform/build-arm64-v8a/dists/khalajoybug/_python_bundle__arm64-v8a/_python_bundle/site-packages/./kivy/tools/precommit_hooks
[INFO]:     - copy ./kivy/tools/highlight/kivy.tmLanguage
[DEBUG]:   Create directory /home/runner/work/Khala-joybug/Khala-joybug/.buildozer/android/platform/build-arm64-v8a/dists/khalajoybug/_python_bundle__arm64-v8a/_python_bundle/site-packages/./kivy/tools/highlight
[INFO]:     - copy ./kivy/tools/highlight/kivy.json-tmlanguage
[INFO]:     - copy ./kivy/tools/highlight/kivy.vim
[INFO]:     - copy ./kivy/tools/highlight/kivy-mode.el
[INFO]:     - copy ./kivy/tools/highlight/__init__.pyc
[INFO]:     - copy ./kivy/tools/gles_compat/gl2.h
[DEBUG]:   Create directory /home/runner/work/Khala-joybug/Khala-joybug/.buildozer/android/platform/build-arm64-v8a/dists/khalajoybug/_python_bundle__arm64-v8a/_python_bundle/site-packages/./kivy/tools/gles_compat
[INFO]:     - copy ./kivy/tools/gles_compat/subset_gles.pyc
[INFO]:     - copy ./kivy/tools/pep8checker/pre-commit.githook
[DEBUG]:   Create directory /home/runner/work/Khala-joybug/Khala-joybug/.buildozer/android/platform/build-arm64-v8a/dists/khalajoybug/_python_bundle__arm64-v8a/_python_bundle/site-packages/./kivy/tools/pep8checker
[INFO]:     - copy ./kivy/tools/pep8checker/pep8.pyc
[INFO]:     - copy ./kivy/tools/pep8checker/pep8kivy.pyc
[INFO]:     - copy ./kivy/tools/image-testsuite/gimp28-testsuite.pyc
[DEBUG]:   Create directory /home/runner/work/Khala-joybug/Khala-joybug/.buildozer/android/platform/build-arm64-v8a/dists/khalajoybug/_python_bundle__arm64-v8a/_python_bundle/site-packages/./kivy/tools/image-testsuite
[INFO]:     - copy ./kivy/tools/image-testsuite/README.md
[INFO]:     - copy ./kivy/tools/image-testsuite/imagemagick-testsuite.sh
[INFO]:     - copy ./kivy/tools/packaging/cython_cfg.pyc
[DEBUG]:   Create directory /home/runner/work/Khala-joybug/Khala-joybug/.buildozer/android/platform/build-arm64-v8a/dists/khalajoybug/_python_bundle__arm64-v8a/_python_bundle/site-packages/./kivy/tools/packaging
[INFO]:     - copy ./kivy/tools/packaging/factory.pyc
[INFO]:     - copy ./kivy/tools/packaging/__init__.pyc
[INFO]:     - copy ./kivy/tools/packaging/pyinstaller_hooks/hook-kivy.pyc
[DEBUG]:   Create directory /home/runner/work/Khala-joybug/Khala-joybug/.buildozer/android/platform/build-arm64-v8a/dists/khalajoybug/_python_bundle__arm64-v8a/_python_bundle/site-packages/./kivy/tools/packaging/pyinstaller_hooks
[INFO]:     - copy ./kivy/tools/packaging/pyinstaller_hooks/pyi_rth_kivy.pyc
[INFO]:     - copy ./kivy/tools/packaging/pyinstaller_hooks/__init__.pyc
[INFO]:     - copy ./kivy/tools/packaging/pyinstaller_hooks/__main__.pyc
[INFO]:     - copy ./kivy/graphics/opengl_utils.cpython-314-x86_64-linux-gnu.so
[DEBUG]:   Create directory /home/runner/work/Khala-joybug/Khala-joybug/.buildozer/android/platform/build-arm64-v8a/dists/khalajoybug/_python_bundle__arm64-v8a/_python_bundle/site-packages/./kivy/graphics
[INFO]:     - copy ./kivy/graphics/vertex_instructions.pxd
[INFO]:     - copy ./kivy/graphics/stencil_instructions.cpython-314-x86_64-linux-gnu.so
[INFO]:     - copy ./kivy/graphics/vbo.cpython-314-x86_64-linux-gnu.so
[INFO]:     - copy ./kivy/graphics/compiler.pxd
[INFO]:     - copy ./kivy/graphics/instructions.cpython-314-x86_64-linux-gnu.so
[INFO]:     - copy ./kivy/graphics/gl_debug_logger.pxi
[INFO]:     - copy ./kivy/graphics/transformation.pxd
[INFO]:     - copy ./kivy/graphics/cgl.pxd
[INFO]:     - copy ./kivy/graphics/tesselator.cpython-314-x86_64-linux-gnu.so
[INFO]:     - copy ./kivy/graphics/opengl_utils_def.pxi
[INFO]:     - copy ./kivy/graphics/vertex_instructions_line.pxi
[INFO]:     - copy ./kivy/graphics/gl_instructions.cpython-314-x86_64-linux-gnu.so
[INFO]:     - copy ./kivy/graphics/shader.cpython-314-x86_64-linux-gnu.so
[INFO]:     - copy ./kivy/graphics/vertex.pxd
[INFO]:     - copy ./kivy/graphics/opcodes.pxi
[INFO]:     - copy ./kivy/graphics/vertex.cpython-314-x86_64-linux-gnu.so
[INFO]:     - copy ./kivy/graphics/fbo.cpython-314-x86_64-linux-gnu.so
[INFO]:     - copy ./kivy/graphics/buffer.pxd
[INFO]:     - copy ./kivy/graphics/stencil_instructions.pxd
[INFO]:     - copy ./kivy/graphics/memory.pxi
[INFO]:     - copy ./kivy/graphics/svg.pxd
[INFO]:     - copy ./kivy/graphics/instructions.pxd
[INFO]:     - copy ./kivy/graphics/context_instructions.cpython-314-x86_64-linux-gnu.so
[INFO]:     - copy ./kivy/graphics/texture.cpython-314-x86_64-linux-gnu.so
[INFO]:     - copy ./kivy/graphics/vertex_instructions.cpython-314-x86_64-linux-gnu.so
[INFO]:     - copy ./kivy/graphics/boxshadow.pxd
[INFO]:     - copy ./kivy/graphics/fbo.pxd
[INFO]:     - copy ./kivy/graphics/context.pxd
[INFO]:     - copy ./kivy/graphics/opengl.cpython-314-x86_64-linux-gnu.so
[INFO]:     - copy ./kivy/graphics/img_tools.pxi
[INFO]:     - copy ./kivy/graphics/boxshadow.cpython-314-x86_64-linux-gnu.so
[INFO]:     - copy ./kivy/graphics/compiler.cpython-314-x86_64-linux-gnu.so
[INFO]:     - copy ./kivy/graphics/texture.pxd
[INFO]:     - copy ./kivy/graphics/svg.cpython-314-x86_64-linux-gnu.so
[INFO]:     - copy ./kivy/graphics/vbo.pxd
[INFO]:     - copy ./kivy/graphics/cgl.cpython-314-x86_64-linux-gnu.so
[INFO]:     - copy ./kivy/graphics/context_instructions.pxd
[INFO]:     - copy ./kivy/graphics/common.pxi
[INFO]:     - copy ./kivy/graphics/opengl_utils.pxd
[INFO]:     - copy ./kivy/graphics/transformation.cpython-314-x86_64-linux-gnu.so
[INFO]:     - copy ./kivy/graphics/tesselator.pxd
[INFO]:     - copy ./kivy/graphics/shader.pxd
[INFO]:     - copy ./kivy/graphics/__init__.pyc
[INFO]:     - copy ./kivy/graphics/buffer.cpython-314-x86_64-linux-gnu.so
[INFO]:     - copy ./kivy/graphics/context.cpython-314-x86_64-linux-gnu.so
[INFO]:     - copy ./kivy/graphics/scissor_instructions.cpython-314-x86_64-linux-gnu.so
[INFO]:     - copy ./kivy/graphics/cgl_backend/cgl_gl.cpython-314-x86_64-linux-gnu.so
[DEBUG]:   Create directory /home/runner/work/Khala-joybug/Khala-joybug/.buildozer/android/platform/build-arm64-v8a/dists/khalajoybug/_python_bundle__arm64-v8a/_python_bundle/site-packages/./kivy/graphics/cgl_backend
[INFO]:     - copy ./kivy/graphics/cgl_backend/cgl_mock.cpython-314-x86_64-linux-gnu.so
[INFO]:     - copy ./kivy/graphics/cgl_backend/cgl_debug.cpython-314-x86_64-linux-gnu.so
[INFO]:     - copy ./kivy/graphics/cgl_backend/cgl_glew.cpython-314-x86_64-linux-gnu.so
[INFO]:     - copy ./kivy/graphics/cgl_backend/cgl_sdl2.cpython-314-x86_64-linux-gnu.so
[INFO]:     - copy ./kivy/graphics/cgl_backend/__init__.pyc
[INFO]:     - copy ./kivy/lang/builder.pyc
[DEBUG]:   Create directory /home/runner/work/Khala-joybug/Khala-joybug/.buildozer/android/platform/build-arm64-v8a/dists/khalajoybug/_python_bundle__arm64-v8a/_python_bundle/site-packages/./kivy/lang
[INFO]:     - copy ./kivy/lang/parser.pyc
[INFO]:     - copy ./kivy/lang/__init__.pyc
[INFO]:     - copy ./kivy/core/__init__.pyc
[DEBUG]:   Create directory /home/runner/work/Khala-joybug/Khala-joybug/.buildozer/android/platform/build-arm64-v8a/dists/khalajoybug/_python_bundle__arm64-v8a/_python_bundle/site-packages/./kivy/core
[INFO]:     - copy ./kivy/core/gl/__init__.pyc
[DEBUG]:   Create directory /home/runner/work/Khala-joybug/Khala-joybug/.buildozer/android/platform/build-arm64-v8a/dists/khalajoybug/_python_bundle__arm64-v8a/_python_bundle/site-packages/./kivy/core/gl
[INFO]:     - copy ./kivy/core/audio/audio_sdl2.cpython-314-x86_64-linux-gnu.so
[DEBUG]:   Create directory /home/runner/work/Khala-joybug/Khala-joybug/.buildozer/android/platform/build-arm64-v8a/dists/khalajoybug/_python_bundle__arm64-v8a/_python_bundle/site-packages/./kivy/core/audio
[INFO]:     - copy ./kivy/core/audio/audio_pygame.pyc
[INFO]:     - copy ./kivy/core/audio/audio_ffpyplayer.pyc
[INFO]:     - copy ./kivy/core/audio/audio_avplayer.pyc
[INFO]:     - copy ./kivy/core/audio/__init__.pyc
[INFO]:     - copy ./kivy/core/audio/audio_gstplayer.pyc
[INFO]:     - copy ./kivy/core/audio/audio_android.pyc
[INFO]:     - copy ./kivy/core/window/window_sdl2.pyc
[DEBUG]:   Create directory /home/runner/work/Khala-joybug/Khala-joybug/.buildozer/android/platform/build-arm64-v8a/dists/khalajoybug/_python_bundle__arm64-v8a/_python_bundle/site-packages/./kivy/core/window
[INFO]:     - copy ./kivy/core/window/window_info.pxd
[INFO]:     - copy ./kivy/core/window/window_pygame.pyc
[INFO]:     - copy ./kivy/core/window/window_attrs.pxi
[INFO]:     - copy ./kivy/core/window/window_egl_rpi.pyc
[INFO]:     - copy ./kivy/core/window/_window_sdl2.cpython-314-x86_64-linux-gnu.so
[INFO]:     - copy ./kivy/core/window/window_info.cpython-314-x86_64-linux-gnu.so
[INFO]:     - copy ./kivy/core/window/__init__.pyc
[INFO]:     - copy ./kivy/core/spelling/spelling_osxappkit.pyc
[DEBUG]:   Create directory /home/runner/work/Khala-joybug/Khala-joybug/.buildozer/android/platform/build-arm64-v8a/dists/khalajoybug/_python_bundle__arm64-v8a/_python_bundle/site-packages/./kivy/core/spelling
[INFO]:     - copy ./kivy/core/spelling/__init__.pyc
[INFO]:     - copy ./kivy/core/spelling/spelling_enchant.pyc
[INFO]:     - copy ./kivy/core/text/text_layout.cpython-314-x86_64-linux-gnu.so
[DEBUG]:   Create directory /home/runner/work/Khala-joybug/Khala-joybug/.buildozer/android/platform/build-arm64-v8a/dists/khalajoybug/_python_bundle__arm64-v8a/_python_bundle/site-packages/./kivy/core/text
[INFO]:     - copy ./kivy/core/text/text_pil.pyc
[INFO]:     - copy ./kivy/core/text/_text_sdl2.cpython-314-x86_64-linux-gnu.so
[INFO]:     - copy ./kivy/core/text/markup.pyc
[INFO]:     - copy ./kivy/core/text/text_pygame.pyc
[INFO]:     - copy ./kivy/core/text/text_pango.pyc
[INFO]:     - copy ./kivy/core/text/__init__.pyc
[INFO]:     - copy ./kivy/core/text/text_sdl2.pyc
[INFO]:     - copy ./kivy/core/text/text_layout.pxd
[INFO]:     - copy ./kivy/core/image/img_sdl2.pyc
[DEBUG]:   Create directory /home/runner/work/Khala-joybug/Khala-joybug/.buildozer/android/platform/build-arm64-v8a/dists/khalajoybug/_python_bundle__arm64-v8a/_python_bundle/site-packages/./kivy/core/image
[INFO]:     - copy ./kivy/core/image/img_pil.pyc
[INFO]:     - copy ./kivy/core/image/img_tex.pyc
[INFO]:     - copy ./kivy/core/image/img_pygame.pyc
[INFO]:     - copy ./kivy/core/image/__init__.pyc
[INFO]:     - copy ./kivy/core/image/_img_sdl2.cpython-314-x86_64-linux-gnu.so
[INFO]:     - copy ./kivy/core/image/img_dds.pyc
[INFO]:     - copy ./kivy/core/image/img_ffpyplayer.pyc
[INFO]:     - copy ./kivy/core/camera/camera_android.pyc
[DEBUG]:   Create directory /home/runner/work/Khala-joybug/Khala-joybug/.buildozer/android/platform/build-arm64-v8a/dists/khalajoybug/_python_bundle__arm64-v8a/_python_bundle/site-packages/./kivy/core/camera
[INFO]:     - copy ./kivy/core/camera/camera_opencv.pyc
[INFO]:     - copy ./kivy/core/camera/camera_gi.pyc
[INFO]:     - copy ./kivy/core/camera/camera_picamera.pyc
[INFO]:     - copy ./kivy/core/camera/__init__.pyc
[INFO]:     - copy ./kivy/core/video/video_gstplayer.pyc
[DEBUG]:   Create directory /home/runner/work/Khala-joybug/Khala-joybug/.buildozer/android/platform/build-arm64-v8a/dists/khalajoybug/_python_bundle__arm64-v8a/_python_bundle/site-packages/./kivy/core/video
[INFO]:     - copy ./kivy/core/video/video_ffmpeg.pyc
[INFO]:     - copy ./kivy/core/video/__init__.pyc
[INFO]:     - copy ./kivy/core/video/video_ffpyplayer.pyc
[INFO]:     - copy ./kivy/core/video/video_null.pyc
[INFO]:     - copy ./kivy/core/clipboard/clipboard_winctypes.pyc
[DEBUG]:   Create directory /home/runner/work/Khala-joybug/Khala-joybug/.buildozer/android/platform/build-arm64-v8a/dists/khalajoybug/_python_bundle__arm64-v8a/_python_bundle/site-packages/./kivy/core/clipboard
[INFO]:     - copy ./kivy/core/clipboard/clipboard_pygame.pyc
[INFO]:     - copy ./kivy/core/clipboard/clipboard_xsel.pyc
[INFO]:     - copy ./kivy/core/clipboard/clipboard_nspaste.pyc
[INFO]:     - copy ./kivy/core/clipboard/_clipboard_ext.pyc
[INFO]:     - copy ./kivy/core/clipboard/clipboard_xclip.pyc
[INFO]:     - copy ./kivy/core/clipboard/clipboard_android.pyc
[INFO]:     - copy ./kivy/core/clipboard/_clipboard_sdl2.cpython-314-x86_64-linux-gnu.so
[INFO]:     - copy ./kivy/core/clipboard/clipboard_sdl2.pyc
[INFO]:     - copy ./kivy/core/clipboard/clipboard_dbusklipper.pyc
[INFO]:     - copy ./kivy/core/clipboard/clipboard_gtk3.pyc
[INFO]:     - copy ./kivy/core/clipboard/__init__.pyc
[INFO]:     - copy ./kivy/core/clipboard/clipboard_dummy.pyc
[INFO]:     - copy ./urllib3-2.8.0.dist-info/RECORD
[DEBUG]:   Create directory /home/runner/work/Khala-joybug/Khala-joybug/.buildozer/android/platform/build-arm64-v8a/dists/khalajoybug/_python_bundle__arm64-v8a/_python_bundle/site-packages/./urllib3-2.8.0.dist-info
[INFO]:     - copy ./urllib3-2.8.0.dist-info/INSTALLER
[INFO]:     - copy ./urllib3-2.8.0.dist-info/WHEEL
[INFO]:     - copy ./urllib3-2.8.0.dist-info/REQUESTED
[INFO]:     - copy ./urllib3-2.8.0.dist-info/METADATA
[INFO]:     - copy ./urllib3-2.8.0.dist-info/licenses/LICENSE.txt
[DEBUG]:   Create directory /home/runner/work/Khala-joybug/Khala-joybug/.buildozer/android/platform/build-arm64-v8a/dists/khalajoybug/_python_bundle__arm64-v8a/_python_bundle/site-packages/./urllib3-2.8.0.dist-info/licenses
[INFO]:     - copy ./charset_normalizer/utils.pyc
[DEBUG]:   Create directory /home/runner/work/Khala-joybug/Khala-joybug/.buildozer/android/platform/build-arm64-v8a/dists/khalajoybug/_python_bundle__arm64-v8a/_python_bundle/site-packages/./charset_normalizer
[INFO]:     - copy ./charset_normalizer/md.pyc
[INFO]:     - copy ./charset_normalizer/cd.pyc
[INFO]:     - copy ./charset_normalizer/legacy.pyc
[INFO]:     - copy ./charset_normalizer/models.pyc
[INFO]:     - copy ./charset_normalizer/constant.pyc
[INFO]:     - copy ./charset_normalizer/version.pyc
[INFO]:     - copy ./charset_normalizer/__init__.pyc
[INFO]:     - copy ./charset_normalizer/__main__.pyc
[INFO]:     - copy ./charset_normalizer/py.typed
[INFO]:     - copy ./charset_normalizer/api.pyc
[INFO]:     - copy ./charset_normalizer/cli/__init__.pyc
[DEBUG]:   Create directory /home/runner/work/Khala-joybug/Khala-joybug/.buildozer/android/platform/build-arm64-v8a/dists/khalajoybug/_python_bundle__arm64-v8a/_python_bundle/site-packages/./charset_normalizer/cli
[INFO]:     - copy ./charset_normalizer/cli/__main__.pyc
[INFO]:     - copy ./Kivy-2.3.1.dist-info/RECORD
[DEBUG]:   Create directory /home/runner/work/Khala-joybug/Khala-joybug/.buildozer/android/platform/build-arm64-v8a/dists/khalajoybug/_python_bundle__arm64-v8a/_python_bundle/site-packages/./Kivy-2.3.1.dist-info
[INFO]:     - copy ./Kivy-2.3.1.dist-info/LICENSE
[INFO]:     - copy ./Kivy-2.3.1.dist-info/top_level.txt
[INFO]:     - copy ./Kivy-2.3.1.dist-info/dependency_links.txt
[INFO]:     - copy ./Kivy-2.3.1.dist-info/WHEEL
[INFO]:     - copy ./Kivy-2.3.1.dist-info/METADATA
[INFO]:     - copy ./Kivy-2.3.1.dist-info/AUTHORS
[INFO]:     - copy ./requests-2.34.2.dist-info/RECORD
[DEBUG]:   Create directory /home/runner/work/Khala-joybug/Khala-joybug/.buildozer/android/platform/build-arm64-v8a/dists/khalajoybug/_python_bundle__arm64-v8a/_python_bundle/site-packages/./requests-2.34.2.dist-info
[INFO]:     - copy ./requests-2.34.2.dist-info/INSTALLER
[INFO]:     - copy ./requests-2.34.2.dist-info/top_level.txt
[INFO]:     - copy ./requests-2.34.2.dist-info/WHEEL
[INFO]:     - copy ./requests-2.34.2.dist-info/REQUESTED
[INFO]:     - copy ./requests-2.34.2.dist-info/METADATA
[INFO]:     - copy ./requests-2.34.2.dist-info/licenses/LICENSE
[DEBUG]:   Create directory /home/runner/work/Khala-joybug/Khala-joybug/.buildozer/android/platform/build-arm64-v8a/dists/khalajoybug/_python_bundle__arm64-v8a/_python_bundle/site-packages/./requests-2.34.2.dist-info/licenses
[INFO]:     - copy ./requests-2.34.2.dist-info/licenses/NOTICE
[INFO]:     - copy ./chardet-7.6.0.dist-info/RECORD
[DEBUG]:   Create directory /home/runner/work/Khala-joybug/Khala-joybug/.buildozer/android/platform/build-arm64-v8a/dists/khalajoybug/_python_bundle__arm64-v8a/_python_bundle/site-packages/./chardet-7.6.0.dist-info
[INFO]:     - copy ./chardet-7.6.0.dist-info/INSTALLER
[INFO]:     - copy ./chardet-7.6.0.dist-info/WHEEL
[INFO]:     - copy ./chardet-7.6.0.dist-info/REQUESTED
[INFO]:     - copy ./chardet-7.6.0.dist-info/METADATA
[INFO]:     - copy ./chardet-7.6.0.dist-info/entry_points.txt
[INFO]:     - copy ./chardet-7.6.0.dist-info/licenses/LICENSE
[DEBUG]:   Create directory /home/runner/work/Khala-joybug/Khala-joybug/.buildozer/android/platform/build-arm64-v8a/dists/khalajoybug/_python_bundle__arm64-v8a/_python_bundle/site-packages/./chardet-7.6.0.dist-info/licenses
[INFO]:     - copy ./bin/normalizer
[DEBUG]:   Create directory /home/runner/work/Khala-joybug/Khala-joybug/.buildozer/android/platform/build-arm64-v8a/dists/khalajoybug/_python_bundle__arm64-v8a/_python_bundle/site-packages/./bin
[INFO]:     - copy ./bin/chardetect
[INFO]:     - copy ./bin/filetype
[INFO]:     - copy ./bin/idna
[INFO]:     - copy ./idna-3.20.dist-info/RECORD
[DEBUG]:   Create directory /home/runner/work/Khala-joybug/Khala-joybug/.buildozer/android/platform/build-arm64-v8a/dists/khalajoybug/_python_bundle__arm64-v8a/_python_bundle/site-packages/./idna-3.20.dist-info
[INFO]:     - copy ./idna-3.20.dist-info/INSTALLER
[INFO]:     - copy ./idna-3.20.dist-info/WHEEL
[INFO]:     - copy ./idna-3.20.dist-info/REQUESTED
[INFO]:     - copy ./idna-3.20.dist-info/METADATA
[INFO]:     - copy ./idna-3.20.dist-info/entry_points.txt
[INFO]:     - copy ./idna-3.20.dist-info/licenses/LICENSE.md
[DEBUG]:   Create directory /home/runner/work/Khala-joybug/Khala-joybug/.buildozer/android/platform/build-arm64-v8a/dists/khalajoybug/_python_bundle__arm64-v8a/_python_bundle/site-packages/./idna-3.20.dist-info/licenses
[INFO]:     - copy ./chardet/registry.pyc
[DEBUG]:   Create directory /home/runner/work/Khala-joybug/Khala-joybug/.buildozer/android/platform/build-arm64-v8a/dists/khalajoybug/_python_bundle__arm64-v8a/_python_bundle/site-packages/./chardet
[INFO]:     - copy ./chardet/_utils.pyc
[INFO]:     - copy ./chardet/equivalences.pyc
[INFO]:     - copy ./chardet/output_names.pyc
[INFO]:     - copy ./chardet/cli.pyc
[INFO]:     - copy ./chardet/_kernel.pyc
[INFO]:     - copy ./chardet/_version.pyc
[INFO]:     - copy ./chardet/evaluation.pyc
[INFO]:     - copy ./chardet/_kernel.cpython-314-x86_64-linux-gnu.so
[INFO]:     - copy ./chardet/universaldetector.pyc
[INFO]:     - copy ./chardet/detector.pyc
[INFO]:     - copy ./chardet/__init__.pyc
[INFO]:     - copy ./chardet/__main__.pyc
[INFO]:     - copy ./chardet/py.typed
[INFO]:     - copy ./chardet/enums.pyc
[INFO]:     - copy ./chardet/models/models.bin
[DEBUG]:   Create directory /home/runner/work/Khala-joybug/Khala-joybug/.buildozer/android/platform/build-arm64-v8a/dists/khalajoybug/_python_bundle__arm64-v8a/_python_bundle/site-packages/./chardet/models
[INFO]:     - copy ./chardet/models/confusion.bin
[INFO]:     - copy ./chardet/models/idf.bin
[INFO]:     - copy ./chardet/models/rowmax.bin
[INFO]:     - copy ./chardet/models/__init__.cpython-314-x86_64-linux-gnu.so
[INFO]:     - copy ./chardet/models/__init__.pyc
[INFO]:     - copy ./chardet/models/training_metadata.yaml
[INFO]:     - copy ./chardet/pipeline/structural.pyc
[DEBUG]:   Create directory /home/runner/work/Khala-joybug/Khala-joybug/.buildozer/android/platform/build-arm64-v8a/dists/khalajoybug/_python_bundle__arm64-v8a/_python_bundle/site-packages/./chardet/pipeline
[INFO]:     - copy ./chardet/pipeline/statistical.pyc
[INFO]:     - copy ./chardet/pipeline/validity.cpython-314-x86_64-linux-gnu.so
[INFO]:     - copy ./chardet/pipeline/postprocess.cpython-314-x86_64-linux-gnu.so
[INFO]:     - copy ./chardet/pipeline/escape.pyc
[INFO]:     - copy ./chardet/pipeline/magic.pyc
[INFO]:     - copy ./chardet/pipeline/ascii.pyc
[INFO]:     - copy ./chardet/pipeline/ascii.cpython-314-x86_64-linux-gnu.so
[INFO]:     - copy ./chardet/pipeline/statistical.cpython-314-x86_64-linux-gnu.so
[INFO]:     - copy ./chardet/pipeline/magic.cpython-314-x86_64-linux-gnu.so
[INFO]:     - copy ./chardet/pipeline/postprocess.pyc
[INFO]:     - copy ./chardet/pipeline/utf8.cpython-314-x86_64-linux-gnu.so
[INFO]:     - copy ./chardet/pipeline/escape.cpython-314-x86_64-linux-gnu.so
[INFO]:     - copy ./chardet/pipeline/orchestrator.pyc
[INFO]:     - copy ./chardet/pipeline/binary.pyc
[INFO]:     - copy ./chardet/pipeline/utf8.pyc
[INFO]:     - copy ./chardet/pipeline/language.cpython-314-x86_64-linux-gnu.so
[INFO]:     - copy ./chardet/pipeline/structural.cpython-314-x86_64-linux-gnu.so
[INFO]:     - copy ./chardet/pipeline/markup.pyc
[INFO]:     - copy ./chardet/pipeline/utf1632.cpython-314-x86_64-linux-gnu.so
[INFO]:     - copy ./chardet/pipeline/confusion.pyc
[INFO]:     - copy ./chardet/pipeline/confusion.cpython-314-x86_64-linux-gnu.so
[INFO]:     - copy ./chardet/pipeline/language.pyc
[INFO]:     - copy ./chardet/pipeline/__init__.pyc
[INFO]:     - copy ./chardet/pipeline/utf1632.pyc
[INFO]:     - copy ./chardet/pipeline/bom.pyc
[INFO]:     - copy ./chardet/pipeline/validity.pyc
[INFO]:     - copy ./chardet/pipeline/orchestrator.cpython-314-x86_64-linux-gnu.so
[INFO]:     - copy ./android/billing.pyc
[DEBUG]:   Create directory /home/runner/work/Khala-joybug/Khala-joybug/.buildozer/android/platform/build-arm64-v8a/dists/khalajoybug/_python_bundle__arm64-v8a/_python_bundle/site-packages/./android
[INFO]:     - copy ./android/broadcast.pyc
[INFO]:     - copy ./android/_ctypes_library_finder.pyc
[INFO]:     - copy ./android/display_cutout.pyc
[INFO]:     - copy ./android/activity.pyc
[INFO]:     - copy ./android/runnable.pyc
[INFO]:     - copy ./android/_android_sound.cpython-314-x86_64-linux-gnu.so
[INFO]:     - copy ./android/_android.cpython-314-x86_64-linux-gnu.so
[INFO]:     - copy ./android/config.pyc
[INFO]:     - copy ./android/touch.pyc
[INFO]:     - copy ./android/storage.pyc
[INFO]:     - copy ./android/__init__.pyc
[INFO]:     - copy ./android/permissions.pyc
[INFO]:     - copy ./android/loadingscreen.pyc
[INFO]:     - copy ./android/mixer.pyc
[INFO]:     - copy ./android/_android_billing.cpython-314-x86_64-linux-gnu.so
[INFO]:     - copy ./charset_normalizer-3.5.2.dist-info/RECORD
[DEBUG]:   Create directory /home/runner/work/Khala-joybug/Khala-joybug/.buildozer/android/platform/build-arm64-v8a/dists/khalajoybug/_python_bundle__arm64-v8a/_python_bundle/site-packages/./charset_normalizer-3.5.2.dist-info
[INFO]:     - copy ./charset_normalizer-3.5.2.dist-info/INSTALLER
[INFO]:     - copy ./charset_normalizer-3.5.2.dist-info/direct_url.json
[INFO]:     - copy ./charset_normalizer-3.5.2.dist-info/top_level.txt
[INFO]:     - copy ./charset_normalizer-3.5.2.dist-info/WHEEL
[INFO]:     - copy ./charset_normalizer-3.5.2.dist-info/REQUESTED
[INFO]:     - copy ./charset_normalizer-3.5.2.dist-info/METADATA
[INFO]:     - copy ./charset_normalizer-3.5.2.dist-info/entry_points.txt
[INFO]:     - copy ./charset_normalizer-3.5.2.dist-info/licenses/LICENSE
[DEBUG]:   Create directory /home/runner/work/Khala-joybug/Khala-joybug/.buildozer/android/platform/build-arm64-v8a/dists/khalajoybug/_python_bundle__arm64-v8a/_python_bundle/site-packages/./charset_normalizer-3.5.2.dist-info/licenses
[INFO]:     - copy ./setuptools-84.0.0.dist-info/RECORD
[DEBUG]:   Create directory /home/runner/work/Khala-joybug/Khala-joybug/.buildozer/android/platform/build-arm64-v8a/dists/khalajoybug/_python_bundle__arm64-v8a/_python_bundle/site-packages/./setuptools-84.0.0.dist-info
[INFO]:     - copy ./setuptools-84.0.0.dist-info/INSTALLER
[INFO]:     - copy ./setuptools-84.0.0.dist-info/top_level.txt
[INFO]:     - copy ./setuptools-84.0.0.dist-info/WHEEL
[INFO]:     - copy ./setuptools-84.0.0.dist-info/REQUESTED
[INFO]:     - copy ./setuptools-84.0.0.dist-info/METADATA
[INFO]:     - copy ./setuptools-84.0.0.dist-info/entry_points.txt
[INFO]:     - copy ./setuptools-84.0.0.dist-info/licenses/LICENSE
[DEBUG]:   Create directory /home/runner/work/Khala-joybug/Khala-joybug/.buildozer/android/platform/build-arm64-v8a/dists/khalajoybug/_python_bundle__arm64-v8a/_python_bundle/site-packages/./setuptools-84.0.0.dist-info/licenses
[INFO]:     - copy ./android-1.0.dist-info/RECORD
[DEBUG]:   Create directory /home/runner/work/Khala-joybug/Khala-joybug/.buildozer/android/platform/build-arm64-v8a/dists/khalajoybug/_python_bundle__arm64-v8a/_python_bundle/site-packages/./android-1.0.dist-info
[INFO]:     - copy ./android-1.0.dist-info/top_level.txt
[INFO]:     - copy ./android-1.0.dist-info/WHEEL
[INFO]:     - copy ./android-1.0.dist-info/METADATA
[INFO]:     - copy ./certifi-2026.7.22.dist-info/RECORD
[DEBUG]:   Create directory /home/runner/work/Khala-joybug/Khala-joybug/.buildozer/android/platform/build-arm64-v8a/dists/khalajoybug/_python_bundle__arm64-v8a/_python_bundle/site-packages/./certifi-2026.7.22.dist-info
[INFO]:     - copy ./certifi-2026.7.22.dist-info/INSTALLER
[INFO]:     - copy ./certifi-2026.7.22.dist-info/top_level.txt
[INFO]:     - copy ./certifi-2026.7.22.dist-info/WHEEL
[INFO]:     - copy ./certifi-2026.7.22.dist-info/REQUESTED
[INFO]:     - copy ./certifi-2026.7.22.dist-info/METADATA
[INFO]:     - copy ./certifi-2026.7.22.dist-info/licenses/LICENSE
[DEBUG]:   Create directory /home/runner/work/Khala-joybug/Khala-joybug/.buildozer/android/platform/build-arm64-v8a/dists/khalajoybug/_python_bundle__arm64-v8a/_python_bundle/site-packages/./certifi-2026.7.22.dist-info/licenses
[INFO]:     - copy ./certifi/core.pyc
[DEBUG]:   Create directory /home/runner/work/Khala-joybug/Khala-joybug/.buildozer/android/platform/build-arm64-v8a/dists/khalajoybug/_python_bundle__arm64-v8a/_python_bundle/site-packages/./certifi
[INFO]:     - copy ./certifi/cacert.pem
[INFO]:     - copy ./certifi/__init__.pyc
[INFO]:     - copy ./certifi/__main__.pyc
[INFO]:     - copy ./certifi/py.typed
[INFO]:     - copy ./urllib3/_request_methods.pyc
[DEBUG]:   Create directory /home/runner/work/Khala-joybug/Khala-joybug/.buildozer/android/platform/build-arm64-v8a/dists/khalajoybug/_python_bundle__arm64-v8a/_python_bundle/site-packages/./urllib3
[INFO]:     - copy ./urllib3/response.pyc
[INFO]:     - copy ./urllib3/fields.pyc
[INFO]:     - copy ./urllib3/exceptions.pyc
[INFO]:     - copy ./urllib3/poolmanager.pyc
[INFO]:     - copy ./urllib3/connectionpool.pyc
[INFO]:     - copy ./urllib3/connection.pyc
[INFO]:     - copy ./urllib3/_version.pyc
[INFO]:     - copy ./urllib3/_base_connection.pyc
[INFO]:     - copy ./urllib3/_collections.pyc
[INFO]:     - copy ./urllib3/filepost.pyc
[INFO]:     - copy ./urllib3/__init__.pyc
[INFO]:     - copy ./urllib3/py.typed
[INFO]:     - copy ./urllib3/util/response.pyc
[DEBUG]:   Create directory /home/runner/work/Khala-joybug/Khala-joybug/.buildozer/android/platform/build-arm64-v8a/dists/khalajoybug/_python_bundle__arm64-v8a/_python_bundle/site-packages/./urllib3/util
[INFO]:     - copy ./urllib3/util/url.pyc
[INFO]:     - copy ./urllib3/util/connection.pyc
[INFO]:     - copy ./urllib3/util/retry.pyc
[INFO]:     - copy ./urllib3/util/timeout.pyc
[INFO]:     - copy ./urllib3/util/wait.pyc
[INFO]:     - copy ./urllib3/util/proxy.pyc
[INFO]:     - copy ./urllib3/util/ssltransport.pyc
[INFO]:     - copy ./urllib3/util/ssl_.pyc
[INFO]:     - copy ./urllib3/util/__init__.pyc
[INFO]:     - copy ./urllib3/util/ssl_match_hostname.pyc
[INFO]:     - copy ./urllib3/util/util.pyc
[INFO]:     - copy ./urllib3/util/request.pyc
[INFO]:     - copy ./urllib3/contrib/pyopenssl.pyc
[DEBUG]:   Create directory /home/runner/work/Khala-joybug/Khala-joybug/.buildozer/android/platform/build-arm64-v8a/dists/khalajoybug/_python_bundle__arm64-v8a/_python_bundle/site-packages/./urllib3/contrib
[INFO]:     - copy ./urllib3/contrib/socks.pyc
[INFO]:     - copy ./urllib3/contrib/__init__.pyc
[INFO]:     - copy ./urllib3/contrib/emscripten/emscripten_fetch_worker.js
[DEBUG]:   Create directory /home/runner/work/Khala-joybug/Khala-joybug/.buildozer/android/platform/build-arm64-v8a/dists/khalajoybug/_python_bundle__arm64-v8a/_python_bundle/site-packages/./urllib3/contrib/emscripten
[INFO]:     - copy ./urllib3/contrib/emscripten/response.pyc
[INFO]:     - copy ./urllib3/contrib/emscripten/connection.pyc
[INFO]:     - copy ./urllib3/contrib/emscripten/fetch.pyc
[INFO]:     - copy ./urllib3/contrib/emscripten/__init__.pyc
[INFO]:     - copy ./urllib3/contrib/emscripten/request.pyc
[INFO]:     - copy ./urllib3/http2/probe.pyc
[DEBUG]:   Create directory /home/runner/work/Khala-joybug/Khala-joybug/.buildozer/android/platform/build-arm64-v8a/dists/khalajoybug/_python_bundle__arm64-v8a/_python_bundle/site-packages/./urllib3/http2
[INFO]:     - copy ./urllib3/http2/connection.pyc
[INFO]:     - copy ./urllib3/http2/__init__.pyc
[INFO]:     - copy ./setuptools/archive_util.pyc
[DEBUG]:   Create directory /home/runner/work/Khala-joybug/Khala-joybug/.buildozer/android/platform/build-arm64-v8a/dists/khalajoybug/_python_bundle__arm64-v8a/_python_bundle/site-packages/./setuptools
[INFO]:     - copy ./setuptools/_path.pyc
[INFO]:     - copy ./setuptools/_reqs.pyc
[INFO]:     - copy ./setuptools/_discovery.pyc
[INFO]:     - copy ./setuptools/cli-64.exe
[INFO]:     - copy ./setuptools/installer.pyc
[INFO]:     - copy ./setuptools/namespaces.pyc
[INFO]:     - copy ./setuptools/launcher manifest.xml
[INFO]:     - copy ./setuptools/_itertools.pyc
[INFO]:     - copy ./setuptools/_shutil.pyc
[INFO]:     - copy ./setuptools/script.tmpl
[INFO]:     - copy ./setuptools/build_meta.pyc
[INFO]:     - copy ./setuptools/cli-32.exe
[INFO]:     - copy ./setuptools/_core_metadata.pyc
[INFO]:     - copy ./setuptools/msvc.pyc
[INFO]:     - copy ./setuptools/errors.pyc
[INFO]:     - copy ./setuptools/_imp.pyc
[INFO]:     - copy ./setuptools/gui.exe
[INFO]:     - copy ./setuptools/_importlib.pyc
[INFO]:     - copy ./setuptools/logging.pyc
[INFO]:     - copy ./setuptools/wheel.pyc
[INFO]:     - copy ./setuptools/depends.pyc
[INFO]:     - copy ./setuptools/modified.pyc
[INFO]:     - copy ./setuptools/gui-64.exe
[INFO]:     - copy ./setuptools/_static.pyc
[INFO]:     - copy ./setuptools/version.pyc
[INFO]:     - copy ./setuptools/monkey.pyc
[INFO]:     - copy ./setuptools/extension.pyc
[INFO]:     - copy ./setuptools/cli.exe
[INFO]:     - copy ./setuptools/unicode_utils.pyc
[INFO]:     - copy ./setuptools/warnings.pyc
[INFO]:     - copy ./setuptools/cli-arm64.exe
[INFO]:     - copy ./setuptools/_entry_points.pyc
[INFO]:     - copy ./setuptools/__init__.pyc
[INFO]:     - copy ./setuptools/glob.pyc
[INFO]:     - copy ./setuptools/discovery.pyc
[INFO]:     - copy ./setuptools/gui-32.exe
[INFO]:     - copy ./setuptools/_normalization.pyc
[INFO]:     - copy ./setuptools/windows_support.pyc
[INFO]:     - copy ./setuptools/dist.pyc
[INFO]:     - copy ./setuptools/launch.pyc
[INFO]:     - copy ./setuptools/script (dev).tmpl
[INFO]:     - copy ./setuptools/_scripts.pyc
[INFO]:     - copy ./setuptools/gui-arm64.exe
[INFO]:     - copy ./setuptools/config/_apply_pyprojecttoml.pyc
[DEBUG]:   Create directory /home/runner/work/Khala-joybug/Khala-joybug/.buildozer/android/platform/build-arm64-v8a/dists/khalajoybug/_python_bundle__arm64-v8a/_python_bundle/site-packages/./setuptools/config
[INFO]:     - copy ./setuptools/config/pyprojecttoml.pyc
[INFO]:     - copy ./setuptools/config/distutils.schema.json
[INFO]:     - copy ./setuptools/config/setuptools.schema.json
[INFO]:     - copy ./setuptools/config/NOTICE
[INFO]:     - copy ./setuptools/config/expand.pyc
[INFO]:     - copy ./setuptools/config/__init__.pyc
[INFO]:     - copy ./setuptools/config/setupcfg.pyc
[INFO]:     - copy ./setuptools/config/_validate_pyproject/fastjsonschema_validations.pyc
[DEBUG]:   Create directory /home/runner/work/Khala-joybug/Khala-joybug/.buildozer/android/platform/build-arm64-v8a/dists/khalajoybug/_python_bundle__arm64-v8a/_python_bundle/site-packages/./setuptools/config/_validate_pyproject
[INFO]:     - copy ./setuptools/config/_validate_pyproject/error_reporting.pyc
[INFO]:     - copy ./setuptools/config/_validate_pyproject/NOTICE
[INFO]:     - copy ./setuptools/config/_validate_pyproject/extra_validations.pyc
[INFO]:     - copy ./setuptools/config/_validate_pyproject/fastjsonschema_exceptions.pyc
[INFO]:     - copy ./setuptools/config/_validate_pyproject/formats.pyc
[INFO]:     - copy ./setuptools/config/_validate_pyproject/__init__.pyc
[INFO]:     - copy ./setuptools/_distutils/archive_util.pyc
[DEBUG]:   Create directory /home/runner/work/Khala-joybug/Khala-joybug/.buildozer/android/platform/build-arm64-v8a/dists/khalajoybug/_python_bundle__arm64-v8a/_python_bundle/site-packages/./setuptools/_distutils
[INFO]:     - copy ./setuptools/_distutils/_modified.pyc
[INFO]:     - copy ./setuptools/_distutils/_log.pyc
[INFO]:     - copy ./setuptools/_distutils/file_util.pyc
[INFO]:     - copy ./setuptools/_distutils/core.pyc
[INFO]:     - copy ./setuptools/_distutils/_dataclass.pyc
[INFO]:     - copy ./setuptools/_distutils/zosccompiler.pyc
[INFO]:     - copy ./setuptools/_distutils/dir_util.pyc
[INFO]:     - copy ./setuptools/_distutils/_macos_compat.pyc
[INFO]:     - copy ./setuptools/_distutils/fancy_getopt.pyc
[INFO]:     - copy ./setuptools/_distutils/filelist.pyc
[INFO]:     - copy ./setuptools/_distutils/errors.pyc
[INFO]:     - copy ./setuptools/_distutils/dep_util.pyc
[INFO]:     - copy ./setuptools/_distutils/spawn.pyc
[INFO]:     - copy ./setuptools/_distutils/log.pyc
[INFO]:     - copy ./setuptools/_distutils/cmd.pyc
[INFO]:     - copy ./setuptools/_distutils/sysconfig.pyc
[INFO]:     - copy ./setuptools/_distutils/cygwinccompiler.pyc
[INFO]:     - copy ./setuptools/_distutils/versionpredicate.pyc
[INFO]:     - copy ./setuptools/_distutils/version.pyc
[INFO]:     - copy ./setuptools/_distutils/extension.pyc
[INFO]:     - copy ./setuptools/_distutils/ccompiler.pyc
[INFO]:     - copy ./setuptools/_distutils/_msvccompiler.pyc
[INFO]:     - copy ./setuptools/_distutils/debug.pyc
[INFO]:     - copy ./setuptools/_distutils/__init__.pyc
[INFO]:     - copy ./setuptools/_distutils/util.pyc
[INFO]:     - copy ./setuptools/_distutils/py.typed
[INFO]:     - copy ./setuptools/_distutils/dist.pyc
[INFO]:     - copy ./setuptools/_distutils/text_file.pyc
[INFO]:     - copy ./setuptools/_distutils/unixccompiler.pyc
[INFO]:     - copy ./setuptools/_distutils/command/build_scripts.pyc
[DEBUG]:   Create directory /home/runner/work/Khala-joybug/Khala-joybug/.buildozer/android/platform/build-arm64-v8a/dists/khalajoybug/_python_bundle__arm64-v8a/_python_bundle/site-packages/./setuptools/_distutils/command
[INFO]:     - copy ./setuptools/_distutils/command/install.pyc
[INFO]:     - copy ./setuptools/_distutils/command/install_lib.pyc
[INFO]:     - copy ./setuptools/_distutils/command/build_ext.pyc
[INFO]:     - copy ./setuptools/_distutils/command/bdist.pyc
[INFO]:     - copy ./setuptools/_distutils/command/bdist_dumb.pyc
[INFO]:     - copy ./setuptools/_distutils/command/install_egg_info.pyc
[INFO]:     - copy ./setuptools/_distutils/command/bdist_rpm.pyc
[INFO]:     - copy ./setuptools/_distutils/command/install_headers.pyc
[INFO]:     - copy ./setuptools/_distutils/command/check.pyc
[INFO]:     - copy ./setuptools/_distutils/command/sdist.pyc
[INFO]:     - copy ./setuptools/_distutils/command/install_data.pyc
[INFO]:     - copy ./setuptools/_distutils/command/config.pyc
[INFO]:     - copy ./setuptools/_distutils/command/build.pyc
[INFO]:     - copy ./setuptools/_distutils/command/_framework_compat.pyc
[INFO]:     - copy ./setuptools/_distutils/command/__init__.pyc
[INFO]:     - copy ./setuptools/_distutils/command/install_scripts.pyc
[INFO]:     - copy ./setuptools/_distutils/command/build_clib.pyc
[INFO]:     - copy ./setuptools/_distutils/command/build_py.pyc
[INFO]:     - copy ./setuptools/_distutils/command/clean.pyc
[INFO]:     - copy ./setuptools/_distutils/compilers/_modified.pyc
[DEBUG]:   Create directory /home/runner/work/Khala-joybug/Khala-joybug/.buildozer/android/platform/build-arm64-v8a/dists/khalajoybug/_python_bundle__arm64-v8a/_python_bundle/site-packages/./setuptools/_distutils/compilers
[INFO]:     - copy ./setuptools/_distutils/compilers/_util.pyc
[INFO]:     - copy ./setuptools/_distutils/compilers/errors.pyc
[INFO]:     - copy ./setuptools/_distutils/compilers/logging.pyc
[INFO]:     - copy ./setuptools/_distutils/compilers/platform/macos.pyc
[DEBUG]:   Create directory /home/runner/work/Khala-joybug/Khala-joybug/.buildozer/android/platform/build-arm64-v8a/dists/khalajoybug/_python_bundle__arm64-v8a/_python_bundle/site-packages/./setuptools/_distutils/compilers/platform
[INFO]:     - copy ./setuptools/_distutils/compilers/platform/detect.pyc
[INFO]:     - copy ./setuptools/_distutils/compilers/C/zos.pyc
[DEBUG]:   Create directory /home/runner/work/Khala-joybug/Khala-joybug/.buildozer/android/platform/build-arm64-v8a/dists/khalajoybug/_python_bundle__arm64-v8a/_python_bundle/site-packages/./setuptools/_distutils/compilers/C
[INFO]:     - copy ./setuptools/_distutils/compilers/C/msvc.pyc
[INFO]:     - copy ./setuptools/_distutils/compilers/C/errors.pyc
[INFO]:     - copy ./setuptools/_distutils/compilers/C/cygwin.pyc
[INFO]:     - copy ./setuptools/_distutils/compilers/C/unix.pyc
[INFO]:     - copy ./setuptools/_distutils/compilers/C/base.pyc
[INFO]:     - copy ./setuptools/_distutils/compilers/C/py.typed
[INFO]:     - copy ./setuptools/_distutils/compat/numpy.pyc
[DEBUG]:   Create directory /home/runner/work/Khala-joybug/Khala-joybug/.buildozer/android/platform/build-arm64-v8a/dists/khalajoybug/_python_bundle__arm64-v8a/_python_bundle/site-packages/./setuptools/_distutils/compat
[INFO]:     - copy ./setuptools/_distutils/compat/__init__.pyc
[INFO]:     - copy ./setuptools/_distutils/compat/py310.pyc
[INFO]:     - copy ./setuptools/command/develop.pyc
[DEBUG]:   Create directory /home/runner/work/Khala-joybug/Khala-joybug/.buildozer/android/platform/build-arm64-v8a/dists/khalajoybug/_python_bundle__arm64-v8a/_python_bundle/site-packages/./setuptools/command
[INFO]:     - copy ./setuptools/command/_requirestxt.pyc
[INFO]:     - copy ./setuptools/command/alias.pyc
[INFO]:     - copy ./setuptools/command/setopt.pyc
[INFO]:     - copy ./setuptools/command/install.pyc
[INFO]:     - copy ./setuptools/command/install_lib.pyc
[INFO]:     - copy ./setuptools/command/build_ext.pyc
[INFO]:     - copy ./setuptools/command/bdist_wheel.pyc
[INFO]:     - copy ./setuptools/command/bdist_egg.pyc
[INFO]:     - copy ./setuptools/command/dist_info.pyc
[INFO]:     - copy ./setuptools/command/egg_info.pyc
[INFO]:     - copy ./setuptools/command/editable_wheel.pyc
[INFO]:     - copy ./setuptools/command/install_egg_info.pyc
[INFO]:     - copy ./setuptools/command/bdist_rpm.pyc
[INFO]:     - copy ./setuptools/command/easy_install.pyc
[INFO]:     - copy ./setuptools/command/sdist.pyc
[INFO]:     - copy ./setuptools/command/build.pyc
[INFO]:     - copy ./setuptools/command/__init__.pyc
[INFO]:     - copy ./setuptools/command/install_scripts.pyc
[INFO]:     - copy ./setuptools/command/rotate.pyc
[INFO]:     - copy ./setuptools/command/build_clib.pyc
[INFO]:     - copy ./setuptools/command/build_py.pyc
[INFO]:     - copy ./setuptools/command/test.pyc
[INFO]:     - copy ./setuptools/command/saveopts.pyc
[INFO]:     - copy ./setuptools/compat/py39.pyc
[DEBUG]:   Create directory /home/runner/work/Khala-joybug/Khala-joybug/.buildozer/android/platform/build-arm64-v8a/dists/khalajoybug/_python_bundle__arm64-v8a/_python_bundle/site-packages/./setuptools/compat
[INFO]:     - copy ./setuptools/compat/__init__.pyc
[INFO]:     - copy ./setuptools/compat/py312.pyc
[INFO]:     - copy ./setuptools/compat/py311.pyc
[INFO]:     - copy ./setuptools/compat/py310.pyc
[INFO]:     - copy ./setuptools/_vendor/.lock
[DEBUG]:   Create directory /home/runner/work/Khala-joybug/Khala-joybug/.buildozer/android/platform/build-arm64-v8a/dists/khalajoybug/_python_bundle__arm64-v8a/_python_bundle/site-packages/./setuptools/_vendor
[INFO]:     - copy ./setuptools/_vendor/more_itertools-10.8.0.dist-info/RECORD
[DEBUG]:   Create directory /home/runner/work/Khala-joybug/Khala-joybug/.buildozer/android/platform/build-arm64-v8a/dists/khalajoybug/_python_bundle__arm64-v8a/_python_bundle/site-packages/./setuptools/_vendor/more_itertools-10.8.0.dist-info
[INFO]:     - copy ./setuptools/_vendor/more_itertools-10.8.0.dist-info/INSTALLER
[INFO]:     - copy ./setuptools/_vendor/more_itertools-10.8.0.dist-info/WHEEL
[INFO]:     - copy ./setuptools/_vendor/more_itertools-10.8.0.dist-info/REQUESTED
[INFO]:     - copy ./setuptools/_vendor/more_itertools-10.8.0.dist-info/METADATA
[INFO]:     - copy ./setuptools/_vendor/more_itertools-10.8.0.dist-info/licenses/LICENSE
[DEBUG]:   Create directory /home/runner/work/Khala-joybug/Khala-joybug/.buildozer/android/platform/build-arm64-v8a/dists/khalajoybug/_python_bundle__arm64-v8a/_python_bundle/site-packages/./setuptools/_vendor/more_itertools-10.8.0.dist-info/licenses
[INFO]:     - copy ./setuptools/_vendor/wheel/_metadata.pyc
[DEBUG]:   Create directory /home/runner/work/Khala-joybug/Khala-joybug/.buildozer/android/platform/build-arm64-v8a/dists/khalajoybug/_python_bundle__arm64-v8a/_python_bundle/site-packages/./setuptools/_vendor/wheel
[INFO]:     - copy ./setuptools/_vendor/wheel/wheelfile.pyc
[INFO]:     - copy ./setuptools/_vendor/wheel/metadata.pyc
[INFO]:     - copy ./setuptools/_vendor/wheel/macosx_libfile.pyc
[INFO]:     - copy ./setuptools/_vendor/wheel/bdist_wheel.pyc
[INFO]:     - copy ./setuptools/_vendor/wheel/__init__.pyc
[INFO]:     - copy ./setuptools/_vendor/wheel/__main__.pyc
[INFO]:     - copy ./setuptools/_vendor/wheel/_bdist_wheel.pyc
[INFO]:     - copy ./setuptools/_vendor/wheel/_setuptools_logging.pyc
[INFO]:     - copy ./setuptools/_vendor/wheel/_commands/convert.pyc
[DEBUG]:   Create directory /home/runner/work/Khala-joybug/Khala-joybug/.buildozer/android/platform/build-arm64-v8a/dists/khalajoybug/_python_bundle__arm64-v8a/_python_bundle/site-packages/./setuptools/_vendor/wheel/_commands
[INFO]:     - copy ./setuptools/_vendor/wheel/_commands/unpack.pyc
[INFO]:     - copy ./setuptools/_vendor/wheel/_commands/tags.pyc
[INFO]:     - copy ./setuptools/_vendor/wheel/_commands/pack.pyc
[INFO]:     - copy ./setuptools/_vendor/wheel/_commands/__init__.pyc
[INFO]:     - copy ./setuptools/_vendor/packaging-26.0.dist-info/RECORD
[DEBUG]:   Create directory /home/runner/work/Khala-joybug/Khala-joybug/.buildozer/android/platform/build-arm64-v8a/dists/khalajoybug/_python_bundle__arm64-v8a/_python_bundle/site-packages/./setuptools/_vendor/packaging-26.0.dist-info
[INFO]:     - copy ./setuptools/_vendor/packaging-26.0.dist-info/INSTALLER
[INFO]:     - copy ./setuptools/_vendor/packaging-26.0.dist-info/WHEEL
[INFO]:     - copy ./setuptools/_vendor/packaging-26.0.dist-info/REQUESTED
[INFO]:     - copy ./setuptools/_vendor/packaging-26.0.dist-info/METADATA
[INFO]:     - copy ./setuptools/_vendor/packaging-26.0.dist-info/licenses/LICENSE.BSD
[DEBUG]:   Create directory /home/runner/work/Khala-joybug/Khala-joybug/.buildozer/android/platform/build-arm64-v8a/dists/khalajoybug/_python_bundle__arm64-v8a/_python_bundle/site-packages/./setuptools/_vendor/packaging-26.0.dist-info/licenses
[INFO]:     - copy ./setuptools/_vendor/packaging-26.0.dist-info/licenses/LICENSE
[INFO]:     - copy ./setuptools/_vendor/packaging-26.0.dist-info/licenses/LICENSE.APACHE
[INFO]:     - copy ./setuptools/_vendor/tomli-2.4.0.dist-info/RECORD
[DEBUG]:   Create directory /home/runner/work/Khala-joybug/Khala-joybug/.buildozer/android/platform/build-arm64-v8a/dists/khalajoybug/_python_bundle__arm64-v8a/_python_bundle/site-packages/./setuptools/_vendor/tomli-2.4.0.dist-info
[INFO]:     - copy ./setuptools/_vendor/tomli-2.4.0.dist-info/INSTALLER
[INFO]:     - copy ./setuptools/_vendor/tomli-2.4.0.dist-info/WHEEL
[INFO]:     - copy ./setuptools/_vendor/tomli-2.4.0.dist-info/REQUESTED
[INFO]:     - copy ./setuptools/_vendor/tomli-2.4.0.dist-info/METADATA
[INFO]:     - copy ./setuptools/_vendor/tomli-2.4.0.dist-info/licenses/LICENSE
[DEBUG]:   Create directory /home/runner/work/Khala-joybug/Khala-joybug/.buildozer/android/platform/build-arm64-v8a/dists/khalajoybug/_python_bundle__arm64-v8a/_python_bundle/site-packages/./setuptools/_vendor/tomli-2.4.0.dist-info/licenses
[INFO]:     - copy ./setuptools/_vendor/zipp/_functools.pyc
[DEBUG]:   Create directory /home/runner/work/Khala-joybug/Khala-joybug/.buildozer/android/platform/build-arm64-v8a/dists/khalajoybug/_python_bundle__arm64-v8a/_python_bundle/site-packages/./setuptools/_vendor/zipp
[INFO]:     - copy ./setuptools/_vendor/zipp/__init__.pyc
[INFO]:     - copy ./setuptools/_vendor/zipp/glob.pyc
[INFO]:     - copy ./setuptools/_vendor/zipp/compat/py313.pyc
[DEBUG]:   Create directory /home/runner/work/Khala-joybug/Khala-joybug/.buildozer/android/platform/build-arm64-v8a/dists/khalajoybug/_python_bundle__arm64-v8a/_python_bundle/site-packages/./setuptools/_vendor/zipp/compat
[INFO]:     - copy ./setuptools/_vendor/zipp/compat/overlay.pyc
[INFO]:     - copy ./setuptools/_vendor/zipp/compat/__init__.pyc
[INFO]:     - copy ./setuptools/_vendor/zipp/compat/py310.pyc
[INFO]:     - copy ./setuptools/_vendor/jaraco_context-6.1.0.dist-info/RECORD
[DEBUG]:   Create directory /home/runner/work/Khala-joybug/Khala-joybug/.buildozer/android/platform/build-arm64-v8a/dists/khalajoybug/_python_bundle__arm64-v8a/_python_bundle/site-packages/./setuptools/_vendor/jaraco_context-6.1.0.dist-info
[INFO]:     - copy ./setuptools/_vendor/jaraco_context-6.1.0.dist-info/INSTALLER
[INFO]:     - copy ./setuptools/_vendor/jaraco_context-6.1.0.dist-info/top_level.txt
[INFO]:     - copy ./setuptools/_vendor/jaraco_context-6.1.0.dist-info/WHEEL
[INFO]:     - copy ./setuptools/_vendor/jaraco_context-6.1.0.dist-info/REQUESTED
[INFO]:     - copy ./setuptools/_vendor/jaraco_context-6.1.0.dist-info/METADATA
[INFO]:     - copy ./setuptools/_vendor/jaraco_context-6.1.0.dist-info/licenses/LICENSE
[DEBUG]:   Create directory /home/runner/work/Khala-joybug/Khala-joybug/.buildozer/android/platform/build-arm64-v8a/dists/khalajoybug/_python_bundle__arm64-v8a/_python_bundle/site-packages/./setuptools/_vendor/jaraco_context-6.1.0.dist-info/licenses
[INFO]:     - copy ./setuptools/_vendor/autocommand/autocommand.pyc
[DEBUG]:   Create directory /home/runner/work/Khala-joybug/Khala-joybug/.buildozer/android/platform/build-arm64-v8a/dists/khalajoybug/_python_bundle__arm64-v8a/_python_bundle/site-packages/./setuptools/_vendor/autocommand
[INFO]:     - copy ./setuptools/_vendor/autocommand/errors.pyc
[INFO]:     - copy ./setuptools/_vendor/autocommand/autoparse.pyc
[INFO]:     - copy ./setuptools/_vendor/autocommand/autoasync.pyc
[INFO]:     - copy ./setuptools/_vendor/autocommand/automain.pyc
[INFO]:     - copy ./setuptools/_vendor/autocommand/__init__.pyc
[INFO]:     - copy ./setuptools/_vendor/platformdirs/macos.pyc
[DEBUG]:   Create directory /home/runner/work/Khala-joybug/Khala-joybug/.buildozer/android/platform/build-arm64-v8a/dists/khalajoybug/_python_bundle__arm64-v8a/_python_bundle/site-packages/./setuptools/_vendor/platformdirs
[INFO]:     - copy ./setuptools/_vendor/platformdirs/android.pyc
[INFO]:     - copy ./setuptools/_vendor/platformdirs/unix.pyc
[INFO]:     - copy ./setuptools/_vendor/platformdirs/version.pyc
[INFO]:     - copy ./setuptools/_vendor/platformdirs/windows.pyc
[INFO]:     - copy ./setuptools/_vendor/platformdirs/__init__.pyc
[INFO]:     - copy ./setuptools/_vendor/platformdirs/__main__.pyc
[INFO]:     - copy ./setuptools/_vendor/platformdirs/py.typed
[INFO]:     - copy ./setuptools/_vendor/platformdirs/api.pyc
[INFO]:     - copy ./setuptools/_vendor/platformdirs-4.4.0.dist-info/RECORD
[DEBUG]:   Create directory /home/runner/work/Khala-joybug/Khala-joybug/.buildozer/android/platform/build-arm64-v8a/dists/khalajoybug/_python_bundle__arm64-v8a/_python_bundle/site-packages/./setuptools/_vendor/platformdirs-4.4.0.dist-info
[INFO]:     - copy ./setuptools/_vendor/platformdirs-4.4.0.dist-info/INSTALLER
[INFO]:     - copy ./setuptools/_vendor/platformdirs-4.4.0.dist-info/WHEEL
[INFO]:     - copy ./setuptools/_vendor/platformdirs-4.4.0.dist-info/REQUESTED
[INFO]:     - copy ./setuptools/_vendor/platformdirs-4.4.0.dist-info/METADATA
[INFO]:     - copy ./setuptools/_vendor/platformdirs-4.4.0.dist-info/licenses/LICENSE
[DEBUG]:   Create directory /home/runner/work/Khala-joybug/Khala-joybug/.buildozer/android/platform/build-arm64-v8a/dists/khalajoybug/_python_bundle__arm64-v8a/_python_bundle/site-packages/./setuptools/_vendor/platformdirs-4.4.0.dist-info/licenses
[INFO]:     - copy ./setuptools/_vendor/autocommand-2.2.2.dist-info/RECORD
[DEBUG]:   Create directory /home/runner/work/Khala-joybug/Khala-joybug/.buildozer/android/platform/build-arm64-v8a/dists/khalajoybug/_python_bundle__arm64-v8a/_python_bundle/site-packages/./setuptools/_vendor/autocommand-2.2.2.dist-info
[INFO]:     - copy ./setuptools/_vendor/autocommand-2.2.2.dist-info/LICENSE
[INFO]:     - copy ./setuptools/_vendor/autocommand-2.2.2.dist-info/INSTALLER
[INFO]:     - copy ./setuptools/_vendor/autocommand-2.2.2.dist-info/top_level.txt
[INFO]:     - copy ./setuptools/_vendor/autocommand-2.2.2.dist-info/WHEEL
[INFO]:     - copy ./setuptools/_vendor/autocommand-2.2.2.dist-info/REQUESTED
[INFO]:     - copy ./setuptools/_vendor/autocommand-2.2.2.dist-info/METADATA
[INFO]:     - copy ./setuptools/_vendor/backports.tarfile-1.2.0.dist-info/RECORD
[DEBUG]:   Create directory /home/runner/work/Khala-joybug/Khala-joybug/.buildozer/android/platform/build-arm64-v8a/dists/khalajoybug/_python_bundle__arm64-v8a/_python_bundle/site-packages/./setuptools/_vendor/backports.tarfile-1.2.0.dist-info
[INFO]:     - copy ./setuptools/_vendor/backports.tarfile-1.2.0.dist-info/LICENSE
[INFO]:     - copy ./setuptools/_vendor/backports.tarfile-1.2.0.dist-info/INSTALLER
[INFO]:     - copy ./setuptools/_vendor/backports.tarfile-1.2.0.dist-info/top_level.txt
[INFO]:     - copy ./setuptools/_vendor/backports.tarfile-1.2.0.dist-info/WHEEL
[INFO]:     - copy ./setuptools/_vendor/backports.tarfile-1.2.0.dist-info/REQUESTED
[INFO]:     - copy ./setuptools/_vendor/backports.tarfile-1.2.0.dist-info/METADATA
[INFO]:     - copy ./setuptools/_vendor/jaraco.text-4.0.0.dist-info/RECORD
[DEBUG]:   Create directory /home/runner/work/Khala-joybug/Khala-joybug/.buildozer/android/platform/build-arm64-v8a/dists/khalajoybug/_python_bundle__arm64-v8a/_python_bundle/site-packages/./setuptools/_vendor/jaraco.text-4.0.0.dist-info
[INFO]:     - copy ./setuptools/_vendor/jaraco.text-4.0.0.dist-info/LICENSE
[INFO]:     - copy ./setuptools/_vendor/jaraco.text-4.0.0.dist-info/INSTALLER
[INFO]:     - copy ./setuptools/_vendor/jaraco.text-4.0.0.dist-info/top_level.txt
[INFO]:     - copy ./setuptools/_vendor/jaraco.text-4.0.0.dist-info/WHEEL
[INFO]:     - copy ./setuptools/_vendor/jaraco.text-4.0.0.dist-info/REQUESTED
[INFO]:     - copy ./setuptools/_vendor/jaraco.text-4.0.0.dist-info/METADATA
[INFO]:     - copy ./setuptools/_vendor/tomli/_parser.pyc
[DEBUG]:   Create directory /home/runner/work/Khala-joybug/Khala-joybug/.buildozer/android/platform/build-arm64-v8a/dists/khalajoybug/_python_bundle__arm64-v8a/_python_bundle/site-packages/./setuptools/_vendor/tomli
[INFO]:     - copy ./setuptools/_vendor/tomli/_types.pyc
[INFO]:     - copy ./setuptools/_vendor/tomli/__init__.pyc
[INFO]:     - copy ./setuptools/_vendor/tomli/py.typed
[INFO]:     - copy ./setuptools/_vendor/tomli/_re.pyc
[INFO]:     - copy ./setuptools/_vendor/wheel-0.46.3.dist-info/RECORD
[DEBUG]:   Create directory /home/runner/work/Khala-joybug/Khala-joybug/.buildozer/android/platform/build-arm64-v8a/dists/khalajoybug/_python_bundle__arm64-v8a/_python_bundle/site-packages/./setuptools/_vendor/wheel-0.46.3.dist-info
[INFO]:     - copy ./setuptools/_vendor/wheel-0.46.3.dist-info/INSTALLER
[INFO]:     - copy ./setuptools/_vendor/wheel-0.46.3.dist-info/WHEEL
[INFO]:     - copy ./setuptools/_vendor/wheel-0.46.3.dist-info/REQUESTED
[INFO]:     - copy ./setuptools/_vendor/wheel-0.46.3.dist-info/METADATA
[INFO]:     - copy ./setuptools/_vendor/wheel-0.46.3.dist-info/entry_points.txt
[INFO]:     - copy ./setuptools/_vendor/wheel-0.46.3.dist-info/licenses/LICENSE.txt
[DEBUG]:   Create directory /home/runner/work/Khala-joybug/Khala-joybug/.buildozer/android/platform/build-arm64-v8a/dists/khalajoybug/_python_bundle__arm64-v8a/_python_bundle/site-packages/./setuptools/_vendor/wheel-0.46.3.dist-info/licenses
[INFO]:     - copy ./setuptools/_vendor/zipp-3.23.0.dist-info/RECORD
[DEBUG]:   Create directory /home/runner/work/Khala-joybug/Khala-joybug/.buildozer/android/platform/build-arm64-v8a/dists/khalajoybug/_python_bundle__arm64-v8a/_python_bundle/site-packages/./setuptools/_vendor/zipp-3.23.0.dist-info
[INFO]:     - copy ./setuptools/_vendor/zipp-3.23.0.dist-info/INSTALLER
[INFO]:     - copy ./setuptools/_vendor/zipp-3.23.0.dist-info/top_level.txt
[INFO]:     - copy ./setuptools/_vendor/zipp-3.23.0.dist-info/WHEEL
[INFO]:     - copy ./setuptools/_vendor/zipp-3.23.0.dist-info/REQUESTED
[INFO]:     - copy ./setuptools/_vendor/zipp-3.23.0.dist-info/METADATA
[INFO]:     - copy ./setuptools/_vendor/zipp-3.23.0.dist-info/licenses/LICENSE
[DEBUG]:   Create directory /home/runner/work/Khala-joybug/Khala-joybug/.buildozer/android/platform/build-arm64-v8a/dists/khalajoybug/_python_bundle__arm64-v8a/_python_bundle/site-packages/./setuptools/_vendor/zipp-3.23.0.dist-info/licenses
[INFO]:     - copy ./setuptools/_vendor/jaraco/text/to-qwerty.pyc
[DEBUG]:   Create directory /home/runner/work/Khala-joybug/Khala-joybug/.buildozer/android/platform/build-arm64-v8a/dists/khalajoybug/_python_bundle__arm64-v8a/_python_bundle/site-packages/./setuptools/_vendor/jaraco/text
[INFO]:     - copy ./setuptools/_vendor/jaraco/text/to-dvorak.pyc
[INFO]:     - copy ./setuptools/_vendor/jaraco/text/Lorem ipsum.txt
[INFO]:     - copy ./setuptools/_vendor/jaraco/text/layouts.pyc
[INFO]:     - copy ./setuptools/_vendor/jaraco/text/show-newlines.pyc
[INFO]:     - copy ./setuptools/_vendor/jaraco/text/__init__.pyc
[INFO]:     - copy ./setuptools/_vendor/jaraco/text/strip-prefix.pyc
[INFO]:     - copy ./setuptools/_vendor/jaraco/functools/__init__.pyi
[DEBUG]:   Create directory /home/runner/work/Khala-joybug/Khala-joybug/.buildozer/android/platform/build-arm64-v8a/dists/khalajoybug/_python_bundle__arm64-v8a/_python_bundle/site-packages/./setuptools/_vendor/jaraco/functools
[INFO]:     - copy ./setuptools/_vendor/jaraco/functools/__init__.pyc
[INFO]:     - copy ./setuptools/_vendor/jaraco/functools/py.typed
[INFO]:     - copy ./setuptools/_vendor/jaraco/context/__init__.pyc
[DEBUG]:   Create directory /home/runner/work/Khala-joybug/Khala-joybug/.buildozer/android/platform/build-arm64-v8a/dists/khalajoybug/_python_bundle__arm64-v8a/_python_bundle/site-packages/./setuptools/_vendor/jaraco/context
[INFO]:     - copy ./setuptools/_vendor/jaraco/context/py.typed
[INFO]:     - copy ./setuptools/_vendor/backports/__init__.pyc
[DEBUG]:   Create directory /home/runner/work/Khala-joybug/Khala-joybug/.buildozer/android/platform/build-arm64-v8a/dists/khalajoybug/_python_bundle__arm64-v8a/_python_bundle/site-packages/./setuptools/_vendor/backports
[INFO]:     - copy ./setuptools/_vendor/backports/tarfile/__init__.pyc
[DEBUG]:   Create directory /home/runner/work/Khala-joybug/Khala-joybug/.buildozer/android/platform/build-arm64-v8a/dists/khalajoybug/_python_bundle__arm64-v8a/_python_bundle/site-packages/./setuptools/_vendor/backports/tarfile
[INFO]:     - copy ./setuptools/_vendor/backports/tarfile/__main__.pyc
[INFO]:     - copy ./setuptools/_vendor/backports/tarfile/compat/__init__.pyc
[DEBUG]:   Create directory /home/runner/work/Khala-joybug/Khala-joybug/.buildozer/android/platform/build-arm64-v8a/dists/khalajoybug/_python_bundle__arm64-v8a/_python_bundle/site-packages/./setuptools/_vendor/backports/tarfile/compat
[INFO]:     - copy ./setuptools/_vendor/backports/tarfile/compat/py38.pyc
[INFO]:     - copy ./setuptools/_vendor/packaging/utils.pyc
[DEBUG]:   Create directory /home/runner/work/Khala-joybug/Khala-joybug/.buildozer/android/platform/build-arm64-v8a/dists/khalajoybug/_python_bundle__arm64-v8a/_python_bundle/site-packages/./setuptools/_vendor/packaging
[INFO]:     - copy ./setuptools/_vendor/packaging/_parser.pyc
[INFO]:     - copy ./setuptools/_vendor/packaging/metadata.pyc
[INFO]:     - copy ./setuptools/_vendor/packaging/markers.pyc
[INFO]:     - copy ./setuptools/_vendor/packaging/_manylinux.pyc
[INFO]:     - copy ./setuptools/_vendor/packaging/pylock.pyc
[INFO]:     - copy ./setuptools/_vendor/packaging/_musllinux.pyc
[INFO]:     - copy ./setuptools/_vendor/packaging/tags.pyc
[INFO]:     - copy ./setuptools/_vendor/packaging/_structures.pyc
[INFO]:     - copy ./setuptools/_vendor/packaging/version.pyc
[INFO]:     - copy ./setuptools/_vendor/packaging/specifiers.pyc
[INFO]:     - copy ./setuptools/_vendor/packaging/requirements.pyc
[INFO]:     - copy ./setuptools/_vendor/packaging/__init__.pyc
[INFO]:     - copy ./setuptools/_vendor/packaging/_elffile.pyc
[INFO]:     - copy ./setuptools/_vendor/packaging/py.typed
[INFO]:     - copy ./setuptools/_vendor/packaging/_tokenizer.pyc
[INFO]:     - copy ./setuptools/_vendor/packaging/licenses/_spdx.pyc
[DEBUG]:   Create directory /home/runner/work/Khala-joybug/Khala-joybug/.buildozer/android/platform/build-arm64-v8a/dists/khalajoybug/_python_bundle__arm64-v8a/_python_bundle/site-packages/./setuptools/_vendor/packaging/licenses
[INFO]:     - copy ./setuptools/_vendor/packaging/licenses/__init__.pyc
[INFO]:     - copy ./setuptools/_vendor/jaraco_functools-4.4.0.dist-info/RECORD
[DEBUG]:   Create directory /home/runner/work/Khala-joybug/Khala-joybug/.buildozer/android/platform/build-arm64-v8a/dists/khalajoybug/_python_bundle__arm64-v8a/_python_bundle/site-packages/./setuptools/_vendor/jaraco_functools-4.4.0.dist-info
[INFO]:     - copy ./setuptools/_vendor/jaraco_functools-4.4.0.dist-info/INSTALLER
[INFO]:     - copy ./setuptools/_vendor/jaraco_functools-4.4.0.dist-info/top_level.txt
[INFO]:     - copy ./setuptools/_vendor/jaraco_functools-4.4.0.dist-info/WHEEL
[INFO]:     - copy ./setuptools/_vendor/jaraco_functools-4.4.0.dist-info/REQUESTED
[INFO]:     - copy ./setuptools/_vendor/jaraco_functools-4.4.0.dist-info/METADATA
[INFO]:     - copy ./setuptools/_vendor/jaraco_functools-4.4.0.dist-info/licenses/LICENSE
[DEBUG]:   Create directory /home/runner/work/Khala-joybug/Khala-joybug/.buildozer/android/platform/build-arm64-v8a/dists/khalajoybug/_python_bundle__arm64-v8a/_python_bundle/site-packages/./setuptools/_vendor/jaraco_functools-4.4.0.dist-info/licenses
[INFO]:     - copy ./setuptools/_vendor/importlib_metadata-8.7.1.dist-info/RECORD
[DEBUG]:   Create directory /home/runner/work/Khala-joybug/Khala-joybug/.buildozer/android/platform/build-arm64-v8a/dists/khalajoybug/_python_bundle__arm64-v8a/_python_bundle/site-packages/./setuptools/_vendor/importlib_metadata-8.7.1.dist-info
[INFO]:     - copy ./setuptools/_vendor/importlib_metadata-8.7.1.dist-info/INSTALLER
[INFO]:     - copy ./setuptools/_vendor/importlib_metadata-8.7.1.dist-info/top_level.txt
[INFO]:     - copy ./setuptools/_vendor/importlib_metadata-8.7.1.dist-info/WHEEL
[INFO]:     - copy ./setuptools/_vendor/importlib_metadata-8.7.1.dist-info/REQUESTED
[INFO]:     - copy ./setuptools/_vendor/importlib_metadata-8.7.1.dist-info/METADATA
[INFO]:     - copy ./setuptools/_vendor/importlib_metadata-8.7.1.dist-info/licenses/LICENSE
[DEBUG]:   Create directory /home/runner/work/Khala-joybug/Khala-joybug/.buildozer/android/platform/build-arm64-v8a/dists/khalajoybug/_python_bundle__arm64-v8a/_python_bundle/site-packages/./setuptools/_vendor/importlib_metadata-8.7.1.dist-info/licenses
[INFO]:     - copy ./setuptools/_vendor/more_itertools/more.pyc
[DEBUG]:   Create directory /home/runner/work/Khala-joybug/Khala-joybug/.buildozer/android/platform/build-arm64-v8a/dists/khalajoybug/_python_bundle__arm64-v8a/_python_bundle/site-packages/./setuptools/_vendor/more_itertools
[INFO]:     - copy ./setuptools/_vendor/more_itertools/recipes.pyc
[INFO]:     - copy ./setuptools/_vendor/more_itertools/__init__.pyi
[INFO]:     - copy ./setuptools/_vendor/more_itertools/recipes.pyi
[INFO]:     - copy ./setuptools/_vendor/more_itertools/__init__.pyc
[INFO]:     - copy ./setuptools/_vendor/more_itertools/py.typed
[INFO]:     - copy ./setuptools/_vendor/more_itertools/more.pyi
[INFO]:     - copy ./setuptools/_vendor/importlib_metadata/_itertools.pyc
[DEBUG]:   Create directory /home/runner/work/Khala-joybug/Khala-joybug/.buildozer/android/platform/build-arm64-v8a/dists/khalajoybug/_python_bundle__arm64-v8a/_python_bundle/site-packages/./setuptools/_vendor/importlib_metadata
[INFO]:     - copy ./setuptools/_vendor/importlib_metadata/_text.pyc
[INFO]:     - copy ./setuptools/_vendor/importlib_metadata/_functools.pyc
[INFO]:     - copy ./setuptools/_vendor/importlib_metadata/diagnose.pyc
[INFO]:     - copy ./setuptools/_vendor/importlib_metadata/_adapters.pyc
[INFO]:     - copy ./setuptools/_vendor/importlib_metadata/_typing.pyc
[INFO]:     - copy ./setuptools/_vendor/importlib_metadata/_compat.pyc
[INFO]:     - copy ./setuptools/_vendor/importlib_metadata/_collections.pyc
[INFO]:     - copy ./setuptools/_vendor/importlib_metadata/__init__.pyc
[INFO]:     - copy ./setuptools/_vendor/importlib_metadata/_meta.pyc
[INFO]:     - copy ./setuptools/_vendor/importlib_metadata/py.typed
[INFO]:     - copy ./setuptools/_vendor/importlib_metadata/compat/py39.pyc
[DEBUG]:   Create directory /home/runner/work/Khala-joybug/Khala-joybug/.buildozer/android/platform/build-arm64-v8a/dists/khalajoybug/_python_bundle__arm64-v8a/_python_bundle/site-packages/./setuptools/_vendor/importlib_metadata/compat
[INFO]:     - copy ./setuptools/_vendor/importlib_metadata/compat/__init__.pyc
[INFO]:     - copy ./setuptools/_vendor/importlib_metadata/compat/py311.pyc
[INFO]:     - copy ./filetype-1.2.0.dist-info/RECORD
[DEBUG]:   Create directory /home/runner/work/Khala-joybug/Khala-joybug/.buildozer/android/platform/build-arm64-v8a/dists/khalajoybug/_python_bundle__arm64-v8a/_python_bundle/site-packages/./filetype-1.2.0.dist-info
[INFO]:     - copy ./filetype-1.2.0.dist-info/LICENSE
[INFO]:     - copy ./filetype-1.2.0.dist-info/INSTALLER
[INFO]:     - copy ./filetype-1.2.0.dist-info/top_level.txt
[INFO]:     - copy ./filetype-1.2.0.dist-info/zip-safe
[INFO]:     - copy ./filetype-1.2.0.dist-info/WHEEL
[INFO]:     - copy ./filetype-1.2.0.dist-info/REQUESTED
[INFO]:     - copy ./filetype-1.2.0.dist-info/METADATA
[INFO]:     - copy ./filetype-1.2.0.dist-info/entry_points.txt
[INFO]:     - copy ./pyjnius-1.7.0.dist-info/RECORD
[DEBUG]:   Create directory /home/runner/work/Khala-joybug/Khala-joybug/.buildozer/android/platform/build-arm64-v8a/dists/khalajoybug/_python_bundle__arm64-v8a/_python_bundle/site-packages/./pyjnius-1.7.0.dist-info
[INFO]:     - copy ./pyjnius-1.7.0.dist-info/top_level.txt
[INFO]:     - copy ./pyjnius-1.7.0.dist-info/WHEEL
[INFO]:     - copy ./pyjnius-1.7.0.dist-info/METADATA
[INFO]:     - copy ./pyjnius-1.7.0.dist-info/licenses/LICENSE
[DEBUG]:   Create directory /home/runner/work/Khala-joybug/Khala-joybug/.buildozer/android/platform/build-arm64-v8a/dists/khalajoybug/_python_bundle__arm64-v8a/_python_bundle/site-packages/./pyjnius-1.7.0.dist-info/licenses
[INFO]:     - copy ./filetype/utils.pyc
[DEBUG]:   Create directory /home/runner/work/Khala-joybug/Khala-joybug/.buildozer/android/platform/build-arm64-v8a/dists/khalajoybug/_python_bundle__arm64-v8a/_python_bundle/site-packages/./filetype
[INFO]:     - copy ./filetype/filetype.pyc
[INFO]:     - copy ./filetype/match.pyc
[INFO]:     - copy ./filetype/helpers.pyc
[INFO]:     - copy ./filetype/__init__.pyc
[INFO]:     - copy ./filetype/__main__.pyc
[INFO]:     - copy ./filetype/types/application.pyc
[DEBUG]:   Create directory /home/runner/work/Khala-joybug/Khala-joybug/.buildozer/android/platform/build-arm64-v8a/dists/khalajoybug/_python_bundle__arm64-v8a/_python_bundle/site-packages/./filetype/types
[INFO]:     - copy ./filetype/types/image.pyc
[INFO]:     - copy ./filetype/types/audio.pyc
[INFO]:     - copy ./filetype/types/archive.pyc
[INFO]:     - copy ./filetype/types/isobmff.pyc
[INFO]:     - copy ./filetype/types/font.pyc
[INFO]:     - copy ./filetype/types/base.pyc
[INFO]:     - copy ./filetype/types/__init__.pyc
[INFO]:     - copy ./filetype/types/document.pyc
[INFO]:     - copy ./filetype/types/video.pyc
[INFO]:     - copy ./idna/uts46data.pyc
[DEBUG]:   Create directory /home/runner/work/Khala-joybug/Khala-joybug/.buildozer/android/platform/build-arm64-v8a/dists/khalajoybug/_python_bundle__arm64-v8a/_python_bundle/site-packages/./idna
[INFO]:     - copy ./idna/core.pyc
[INFO]:     - copy ./idna/cli.pyc
[INFO]:     - copy ./idna/compat.pyc
[INFO]:     - copy ./idna/idnadata.pyc
[INFO]:     - copy ./idna/codec.pyc
[INFO]:     - copy ./idna/__init__.pyc
[INFO]:     - copy ./idna/intranges.pyc
[INFO]:     - copy ./idna/__main__.pyc
[INFO]:     - copy ./idna/py.typed
[INFO]:     - copy ./idna/package_data.pyc
[INFO]:     - copy ./requests/utils.pyc
[DEBUG]:   Create directory /home/runner/work/Khala-joybug/Khala-joybug/.buildozer/android/platform/build-arm64-v8a/dists/khalajoybug/_python_bundle__arm64-v8a/_python_bundle/site-packages/./requests
[INFO]:     - copy ./requests/packages.pyc
[INFO]:     - copy ./requests/certs.pyc
[INFO]:     - copy ./requests/_types.pyc
[INFO]:     - copy ./requests/exceptions.pyc
[INFO]:     - copy ./requests/auth.pyc
[INFO]:     - copy ./requests/__version__.pyc
[INFO]:     - copy ./requests/models.pyc
[INFO]:     - copy ./requests/compat.pyc
[INFO]:     - copy ./requests/structures.pyc
[INFO]:     - copy ./requests/_internal_utils.pyc
[INFO]:     - copy ./requests/status_codes.pyc
[INFO]:     - copy ./requests/cookies.pyc
[INFO]:     - copy ./requests/adapters.pyc
[INFO]:     - copy ./requests/__init__.pyc
[INFO]:     - copy ./requests/help.pyc
[INFO]:     - copy ./requests/py.typed
[INFO]:     - copy ./requests/hooks.pyc
[INFO]:     - copy ./requests/api.pyc
[INFO]:     - copy ./requests/sessions.pyc
[INFO]:     - copy ./_distutils_hack/override.pyc
[DEBUG]:   Create directory /home/runner/work/Khala-joybug/Khala-joybug/.buildozer/android/platform/build-arm64-v8a/dists/khalajoybug/_python_bundle__arm64-v8a/_python_bundle/site-packages/./_distutils_hack
[INFO]:     - copy ./_distutils_hack/__init__.pyc
[INFO]:     - copy ./six-1.17.0.dist-info/RECORD
[DEBUG]:   Create directory /home/runner/work/Khala-joybug/Khala-joybug/.buildozer/android/platform/build-arm64-v8a/dists/khalajoybug/_python_bundle__arm64-v8a/_python_bundle/site-packages/./six-1.17.0.dist-info
[INFO]:     - copy ./six-1.17.0.dist-info/LICENSE
[INFO]:     - copy ./six-1.17.0.dist-info/INSTALLER
[INFO]:     - copy ./six-1.17.0.dist-info/top_level.txt
[INFO]:     - copy ./six-1.17.0.dist-info/WHEEL
[INFO]:     - copy ./six-1.17.0.dist-info/REQUESTED
[INFO]:     - copy ./six-1.17.0.dist-info/METADATA
[INFO]:    <- directory context /home/runner/work/Khala-joybug/Khala-joybug/.buildozer/android/platform/build-arm64-v8a/dists/khalajoybug
stty: 'standard input': Inappropriate ioctl for device
[DEBUG]:   -> running cp /home/runner/work/Khala-joybug/Khala-joybug/.buildozer/android/platform/build-arm64-v8a/build/other_builds/python3/arm64-v8a__ndk_target_21/python3/android-build/libpython3.14.so /home/runner/work/Khala-joybug/Khala-joybug/.buildozer/android/platform/build-arm64-v8a/dists/khalajoybug/libs/arm64-v8a
[INFO]:    Renaming .so files to reflect cross-compile
stty: 'standard input': Inappropriate ioctl for device
[DEBUG]:   -> running find /home/runner/work/Khala-joybug/Khala-joybug/.buildozer/android/platform/build-arm64-v8a/dists/khalajoybug/_python_bundle__arm64-v8a/_python_bundle/site-packages -iname *.so
[DEBUG]:   	/home/runner/work/Khala-joybug/Khala-joybug/.buildozer/android/platform/build-arm64-v8a/dists/khalajoybug/_python_bundle__arm64-v8a/_python_bundle/site-packages/jnius/jnius.cpython-314-x86_64-linux-gnu.so
[DEBUG]:   	/home/runner/work/Khala-joybug/Khala-joybug/.buildozer/android/platform/build-arm64-v8a/dists/khalajoybug/_python_bundle__arm64-v8a/_python_bundle/site-packages/kivy/_metrics.cpython-314-x86_64-linux-gnu.so
[DEBUG]:   	/home/runner/work/Khala-joybug/Khala-joybug/.buildozer/android/platform/build-arm64-v8a/dists/khalajoybug/_python_bundle__arm64-v8a/_python_bundle/site-packages/kivy/_event.cpython-314-x86_64-linux-gnu.so
[DEBUG]:   	/home/runner/work/Khala-joybug/Khala-joybug/.buildozer/android/platform/build-arm64-v8a/dists/khalajoybug/_python_bundle__arm64-v8a/_python_bundle/site-packages/kivy/_clock.cpython-314-x86_64-linux-gnu.so
[DEBUG]:   	/home/runner/work/Khala-joybug/Khala-joybug/.buildozer/android/platform/build-arm64-v8a/dists/khalajoybug/_python_bundle__arm64-v8a/_python_bundle/site-packages/kivy/properties.cpython-314-x86_64-linux-gnu.so
[DEBUG]:   	/home/runner/work/Khala-joybug/Khala-joybug/.buildozer/android/platform/build-arm64-v8a/dists/khalajoybug/_python_bundle__arm64-v8a/_python_bundle/site-packages/kivy/weakproxy.cpython-314-x86_64-linux-gnu.so
[DEBUG]:   	/home/runner/work/Khala-joybug/Khala-joybug/.buildozer/android/platform/build-arm64-v8a/dists/khalajoybug/_python_bundle__arm64-v8a/_python_bundle/site-packages/kivy/graphics/opengl_utils.cpython-314-x86_64-linux-gnu.so
[DEBUG]:   	/home/runner/work/Khala-joybug/Khala-joybug/.buildozer/android/platform/build-arm64-v8a/dists/khalajoybug/_python_bundle__arm64-v8a/_python_bundle/site-packages/kivy/graphics/stencil_instructions.cpython-314-x86_64-linux-gnu.so
[DEBUG]:   	/home/runner/work/Khala-joybug/Khala-joybug/.buildozer/android/platform/build-arm64-v8a/dists/khalajoybug/_python_bundle__arm64-v8a/_python_bundle/site-packages/kivy/graphics/vbo.cpython-314-x86_64-linux-gnu.so
[DEBUG]:   	/home/runner/work/Khala-joybug/Khala-joybug/.buildozer/android/platform/build-arm64-v8a/dists/khalajoybug/_python_bundle__arm64-v8a/_python_bundle/site-packages/kivy/graphics/instructions.cpython-314-x86_64-linux-gnu.so
[DEBUG]:   	/home/runner/work/Khala-joybug/Khala-joybug/.buildozer/android/platform/build-arm64-v8a/dists/khalajoybug/_python_bundle__arm64-v8a/_python_bundle/site-packages/kivy/graphics/tesselator.cpython-314-x86_64-linux-gnu.so
[DEBUG]:   	/home/runner/work/Khala-joybug/Khala-joybug/.buildozer/android/platform/build-arm64-v8a/dists/khalajoybug/_python_bundle__arm64-v8a/_python_bundle/site-packages/kivy/graphics/gl_instructions.cpython-314-x86_64-linux-gnu.so
[DEBUG]:   	/home/runner/work/Khala-joybug/Khala-joybug/.buildozer/android/platform/build-arm64-v8a/dists/khalajoybug/_python_bundle__arm64-v8a/_python_bundle/site-packages/kivy/graphics/shader.cpython-314-x86_64-linux-gnu.so
[DEBUG]:   	/home/runner/work/Khala-joybug/Khala-joybug/.buildozer/android/platform/build-arm64-v8a/dists/khalajoybug/_python_bundle__arm64-v8a/_python_bundle/site-packages/kivy/graphics/vertex.cpython-314-x86_64-linux-gnu.so
[DEBUG]:   	/home/runner/work/Khala-joybug/Khala-joybug/.buildozer/android/platform/build-arm64-v8a/dists/khalajoybug/_python_bundle__arm64-v8a/_python_bundle/site-packages/kivy/graphics/fbo.cpython-314-x86_64-linux-gnu.so
[DEBUG]:   	/home/runner/work/Khala-joybug/Khala-joybug/.buildozer/android/platform/build-arm64-v8a/dists/khalajoybug/_python_bundle__arm64-v8a/_python_bundle/site-packages/kivy/graphics/context_instructions.cpython-314-x86_64-linux-gnu.so
[DEBUG]:   	/home/runner/work/Khala-joybug/Khala-joybug/.buildozer/android/platform/build-arm64-v8a/dists/khalajoybug/_python_bundle__arm64-v8a/_python_bundle/site-packages/kivy/graphics/texture.cpython-314-x86_64-linux-gnu.so
[DEBUG]:   	/home/runner/work/Khala-joybug/Khala-joybug/.buildozer/android/platform/build-arm64-v8a/dists/khalajoybug/_python_bundle__arm64-v8a/_python_bundle/site-packages/kivy/graphics/vertex_instructions.cpython-314-x86_64-linux-gnu.so
[DEBUG]:   	/home/runner/work/Khala-joybug/Khala-joybug/.buildozer/android/platform/build-arm64-v8a/dists/khalajoybug/_python_bundle__arm64-v8a/_python_bundle/site-packages/kivy/graphics/opengl.cpython-314-x86_64-linux-gnu.so
[DEBUG]:   	/home/runner/work/Khala-joybug/Khala-joybug/.buildozer/android/platform/build-arm64-v8a/dists/khalajoybug/_python_bundle__arm64-v8a/_python_bundle/site-packages/kivy/graphics/boxshadow.cpython-314-x86_64-linux-gnu.so
[DEBUG]:   	/home/runner/work/Khala-joybug/Khala-joybug/.buildozer/android/platform/build-arm64-v8a/dists/khalajoybug/_python_bundle__arm64-v8a/_python_bundle/site-packages/kivy/graphics/compiler.cpython-314-x86_64-linux-gnu.so
[DEBUG]:   	/home/runner/work/Khala-joybug/Khala-joybug/.buildozer/android/platform/build-arm64-v8a/dists/khalajoybug/_python_bundle__arm64-v8a/_python_bundle/site-packages/kivy/graphics/svg.cpython-314-x86_64-linux-gnu.so
[DEBUG]:   	/home/runner/work/Khala-joybug/Khala-joybug/.buildozer/android/platform/build-arm64-v8a/dists/khalajoybug/_python_bundle__arm64-v8a/_python_bundle/site-packages/kivy/graphics/cgl.cpython-314-x86_64-linux-gnu.so
[DEBUG]:   	/home/runner/work/Khala-joybug/Khala-joybug/.buildozer/android/platform/build-arm64-v8a/dists/khalajoybug/_python_bundle__arm64-v8a/_python_bundle/site-packages/kivy/graphics/cgl_backend/cgl_gl.cpython-314-x86_64-linux-gnu.so
[DEBUG]:   	/home/runner/work/Khala-joybug/Khala-joybug/.buildozer/android/platform/build-arm64-v8a/dists/khalajoybug/_python_bundle__arm64-v8a/_python_bundle/site-packages/kivy/graphics/cgl_backend/cgl_mock.cpython-314-x86_64-linux-gnu.so
[DEBUG]:   	/home/runner/work/Khala-joybug/Khala-joybug/.buildozer/android/platform/build-arm64-v8a/dists/khalajoybug/_python_bundle__arm64-v8a/_python_bundle/site-packages/kivy/graphics/cgl_backend/cgl_debug.cpython-314-x86_64-linux-gnu.so
[DEBUG]:   	/home/runner/work/Khala-joybug/Khala-joybug/.buildozer/android/platform/build-arm64-v8a/dists/khalajoybug/_python_bundle__arm64-v8a/_python_bundle/site-packages/kivy/graphics/cgl_backend/cgl_glew.cpython-314-x86_64-linux-gnu.so
[DEBUG]:   	/home/runner/work/Khala-joybug/Khala-joybug/.buildozer/android/platform/build-arm64-v8a/dists/khalajoybug/_python_bundle__arm64-v8a/_python_bundle/site-packages/kivy/graphics/cgl_backend/cgl_sdl2.cpython-314-x86_64-linux-gnu.so
[DEBUG]:   	/home/runner/work/Khala-joybug/Khala-joybug/.buildozer/android/platform/build-arm64-v8a/dists/khalajoybug/_python_bundle__arm64-v8a/_python_bundle/site-packages/kivy/graphics/transformation.cpython-314-x86_64-linux-gnu.so
[DEBUG]:   	/home/runner/work/Khala-joybug/Khala-joybug/.buildozer/android/platform/build-arm64-v8a/dists/khalajoybug/_python_bundle__arm64-v8a/_python_bundle/site-packages/kivy/graphics/buffer.cpython-314-x86_64-linux-gnu.so
[DEBUG]:   	/home/runner/work/Khala-joybug/Khala-joybug/.buildozer/android/platform/build-arm64-v8a/dists/khalajoybug/_python_bundle__arm64-v8a/_python_bundle/site-packages/kivy/graphics/context.cpython-314-x86_64-linux-gnu.so
[DEBUG]:   	/home/runner/work/Khala-joybug/Khala-joybug/.buildozer/android/platform/build-arm64-v8a/dists/khalajoybug/_python_bundle__arm64-v8a/_python_bundle/site-packages/kivy/graphics/scissor_instructions.cpython-314-x86_64-linux-gnu.so
[DEBUG]:   	/home/runner/work/Khala-joybug/Khala-joybug/.buildozer/android/platform/build-arm64-v8a/dists/khalajoybug/_python_bundle__arm64-v8a/_python_bundle/site-packages/kivy/core/audio/audio_sdl2.cpython-314-x86_64-linux-gnu.so
[DEBUG]:   	/home/runner/work/Khala-joybug/Khala-joybug/.buildozer/android/platform/build-arm64-v8a/dists/khalajoybug/_python_bundle__arm64-v8a/_python_bundle/site-packages/kivy/core/window/_window_sdl2.cpython-314-x86_64-linux-gnu.so
[DEBUG]:   	/home/runner/work/Khala-joybug/Khala-joybug/.buildozer/android/platform/build-arm64-v8a/dists/khalajoybug/_python_bundle__arm64-v8a/_python_bundle/site-packages/kivy/core/window/window_info.cpython-314-x86_64-linux-gnu.so
[DEBUG]:   	/home/runner/work/Khala-joybug/Khala-joybug/.buildozer/android/platform/build-arm64-v8a/dists/khalajoybug/_python_bundle__arm64-v8a/_python_bundle/site-packages/kivy/core/text/text_layout.cpython-314-x86_64-linux-gnu.so
[DEBUG]:   	/home/runner/work/Khala-joybug/Khala-joybug/.buildozer/android/platform/build-arm64-v8a/dists/khalajoybug/_python_bundle__arm64-v8a/_python_bundle/site-packages/kivy/core/text/_text_sdl2.cpython-314-x86_64-linux-gnu.so
[DEBUG]:   	/home/runner/work/Khala-joybug/Khala-joybug/.buildozer/android/platform/build-arm64-v8a/dists/khalajoybug/_python_bundle__arm64-v8a/_python_bundle/site-packages/kivy/core/image/_img_sdl2.cpython-314-x86_64-linux-gnu.so
[DEBUG]:   	/home/runner/work/Khala-joybug/Khala-joybug/.buildozer/android/platform/build-arm64-v8a/dists/khalajoybug/_python_bundle__arm64-v8a/_python_bundle/site-packages/kivy/core/clipboard/_clipboard_sdl2.cpython-314-x86_64-linux-gnu.so
[DEBUG]:   	/home/runner/work/Khala-joybug/Khala-joybug/.buildozer/android/platform/build-arm64-v8a/dists/khalajoybug/_python_bundle__arm64-v8a/_python_bundle/site-packages/chardet/_kernel.cpython-314-x86_64-linux-gnu.so
[DEBUG]:   	/home/runner/work/Khala-joybug/Khala-joybug/.buildozer/android/platform/build-arm64-v8a/dists/khalajoybug/_python_bundle__arm64-v8a/_python_bundle/site-packages/chardet/models/__init__.cpython-314-x86_64-linux-gnu.so
[DEBUG]:   	/home/runner/work/Khala-joybug/Khala-joybug/.buildozer/android/platform/build-arm64-v8a/dists/khalajoybug/_python_bundle__arm64-v8a/_python_bundle/site-packages/chardet/pipeline/validity.cpython-314-x86_64-linux-gnu.so
[DEBUG]:   	/home/runner/work/Khala-joybug/Khala-joybug/.buildozer/android/platform/build-arm64-v8a/dists/khalajoybug/_python_bundle__arm64-v8a/_python_bundle/site-packages/chardet/pipeline/postprocess.cpython-314-x86_64-linux-gnu.so
[DEBUG]:   	/home/runner/work/Khala-joybug/Khala-joybug/.buildozer/android/platform/build-arm64-v8a/dists/khalajoybug/_python_bundle__arm64-v8a/_python_bundle/site-packages/chardet/pipeline/ascii.cpython-314-x86_64-linux-gnu.so
[DEBUG]:   	/home/runner/work/Khala-joybug/Khala-joybug/.buildozer/android/platform/build-arm64-v8a/dists/khalajoybug/_python_bundle__arm64-v8a/_python_bundle/site-packages/chardet/pipeline/statistical.cpython-314-x86_64-linux-gnu.so
[DEBUG]:   	/home/runner/work/Khala-joybug/Khala-joybug/.buildozer/android/platform/build-arm64-v8a/dists/khalajoybug/_python_bundle__arm64-v8a/_python_bundle/site-packages/chardet/pipeline/magic.cpython-314-x86_64-linux-gnu.so
[DEBUG]:   	/home/runner/work/Khala-joybug/Khala-joybug/.buildozer/android/platform/build-arm64-v8a/dists/khalajoybug/_python_bundle__arm64-v8a/_python_bundle/site-packages/chardet/pipeline/utf8.cpython-314-x86_64-linux-gnu.so
[DEBUG]:   	/home/runner/work/Khala-joybug/Khala-joybug/.buildozer/android/platform/build-arm64-v8a/dists/khalajoybug/_python_bundle__arm64-v8a/_python_bundle/site-packages/chardet/pipeline/escape.cpython-314-x86_64-linux-gnu.so
[DEBUG]:   	/home/runner/work/Khala-joybug/Khala-joybug/.buildozer/android/platform/build-arm64-v8a/dists/khalajoybug/_python_bundle__arm64-v8a/_python_bundle/site-packages/chardet/pipeline/language.cpython-314-x86_64-linux-gnu.so
[DEBUG]:   	/home/runner/work/Khala-joybug/Khala-joybug/.buildozer/android/platform/build-arm64-v8a/dists/khalajoybug/_python_bundle__arm64-v8a/_python_bundle/site-packages/chardet/pipeline/structural.cpython-314-x86_64-linux-gnu.so
[DEBUG]:   	/home/runner/work/Khala-joybug/Khala-joybug/.buildozer/android/platform/build-arm64-v8a/dists/khalajoybug/_python_bundle__arm64-v8a/_python_bundle/site-packages/chardet/pipeline/utf1632.cpython-314-x86_64-linux-gnu.so
[DEBUG]:   	/home/runner/work/Khala-joybug/Khala-joybug/.buildozer/android/platform/build-arm64-v8a/dists/khalajoybug/_python_bundle__arm64-v8a/_python_bundle/site-packages/chardet/pipeline/confusion.cpython-314-x86_64-linux-gnu.so
[DEBUG]:   	/home/runner/work/Khala-joybug/Khala-joybug/.buildozer/android/platform/build-arm64-v8a/dists/khalajoybug/_python_bundle__arm64-v8a/_python_bundle/site-packages/chardet/pipeline/orchestrator.cpython-314-x86_64-linux-gnu.so
[DEBUG]:   	/home/runner/work/Khala-joybug/Khala-joybug/.buildozer/android/platform/build-arm64-v8a/dists/khalajoybug/_python_bundle__arm64-v8a/_python_bundle/site-packages/android/_android_sound.cpython-314-x86_64-linux-gnu.so
[DEBUG]:   	/home/runner/work/Khala-joybug/Khala-joybug/.buildozer/android/platform/build-arm64-v8a/dists/khalajoybug/_python_bundle__arm64-v8a/_python_bundle/site-packages/android/_android.cpython-314-x86_64-linux-gnu.so
[DEBUG]:   	/home/runner/work/Khala-joybug/Khala-joybug/.buildozer/android/platform/build-arm64-v8a/dists/khalajoybug/_python_bundle__arm64-v8a/_python_bundle/site-packages/android/_android_billing.cpython-314-x86_64-linux-gnu.so
[DEBUG]:   	/home/runner/work/Khala-joybug/Khala-joybug/.buildozer/android/platform/build-arm64-v8a/dists/khalajoybug/_python_bundle__arm64-v8a/_python_bundle/site-packages/7cf47097c39cf1afcee8__mypyc.cpython-314-x86_64-linux-gnu.so
[DEBUG]:   Moving /home/runner/work/Khala-joybug/Khala-joybug/.buildozer/android/platform/build-arm64-v8a/dists/khalajoybug/_python_bundle__arm64-v8a/_python_bundle/site-packages/jnius/jnius.cpython-314-x86_64-linux-gnu.so to /home/runner/work/Khala-joybug/Khala-joybug/.buildozer/android/platform/build-arm64-v8a/dists/khalajoybug/_python_bundle__arm64-v8a/_python_bundle/site-packages/jnius/jnius.so
[DEBUG]:   Moving /home/runner/work/Khala-joybug/Khala-joybug/.buildozer/android/platform/build-arm64-v8a/dists/khalajoybug/_python_bundle__arm64-v8a/_python_bundle/site-packages/kivy/_metrics.cpython-314-x86_64-linux-gnu.so to /home/runner/work/Khala-joybug/Khala-joybug/.buildozer/android/platform/build-arm64-v8a/dists/khalajoybug/_python_bundle__arm64-v8a/_python_bundle/site-packages/kivy/_metrics.so
[DEBUG]:   Moving /home/runner/work/Khala-joybug/Khala-joybug/.buildozer/android/platform/build-arm64-v8a/dists/khalajoybug/_python_bundle__arm64-v8a/_python_bundle/site-packages/kivy/_event.cpython-314-x86_64-linux-gnu.so to /home/runner/work/Khala-joybug/Khala-joybug/.buildozer/android/platform/build-arm64-v8a/dists/khalajoybug/_python_bundle__arm64-v8a/_python_bundle/site-packages/kivy/_event.so
[DEBUG]:   Moving /home/runner/work/Khala-joybug/Khala-joybug/.buildozer/android/platform/build-arm64-v8a/dists/khalajoybug/_python_bundle__arm64-v8a/_python_bundle/site-packages/kivy/_clock.cpython-314-x86_64-linux-gnu.so to /home/runner/work/Khala-joybug/Khala-joybug/.buildozer/android/platform/build-arm64-v8a/dists/khalajoybug/_python_bundle__arm64-v8a/_python_bundle/site-packages/kivy/_clock.so
[DEBUG]:   Moving /home/runner/work/Khala-joybug/Khala-joybug/.buildozer/android/platform/build-arm64-v8a/dists/khalajoybug/_python_bundle__arm64-v8a/_python_bundle/site-packages/kivy/properties.cpython-314-x86_64-linux-gnu.so to /home/runner/work/Khala-joybug/Khala-joybug/.buildozer/android/platform/build-arm64-v8a/dists/khalajoybug/_python_bundle__arm64-v8a/_python_bundle/site-packages/kivy/properties.so
[DEBUG]:   Moving /home/runner/work/Khala-joybug/Khala-joybug/.buildozer/android/platform/build-arm64-v8a/dists/khalajoybug/_python_bundle__arm64-v8a/_python_bundle/site-packages/kivy/weakproxy.cpython-314-x86_64-linux-gnu.so to /home/runner/work/Khala-joybug/Khala-joybug/.buildozer/android/platform/build-arm64-v8a/dists/khalajoybug/_python_bundle__arm64-v8a/_python_bundle/site-packages/kivy/weakproxy.so
[DEBUG]:   Moving /home/runner/work/Khala-joybug/Khala-joybug/.buildozer/android/platform/build-arm64-v8a/dists/khalajoybug/_python_bundle__arm64-v8a/_python_bundle/site-packages/kivy/graphics/opengl_utils.cpython-314-x86_64-linux-gnu.so to /home/runner/work/Khala-joybug/Khala-joybug/.buildozer/android/platform/build-arm64-v8a/dists/khalajoybug/_python_bundle__arm64-v8a/_python_bundle/site-packages/kivy/graphics/opengl_utils.so
[DEBUG]:   Moving /home/runner/work/Khala-joybug/Khala-joybug/.buildozer/android/platform/build-arm64-v8a/dists/khalajoybug/_python_bundle__arm64-v8a/_python_bundle/site-packages/kivy/graphics/stencil_instructions.cpython-314-x86_64-linux-gnu.so to /home/runner/work/Khala-joybug/Khala-joybug/.buildozer/android/platform/build-arm64-v8a/dists/khalajoybug/_python_bundle__arm64-v8a/_python_bundle/site-packages/kivy/graphics/stencil_instructions.so
[DEBUG]:   Moving /home/runner/work/Khala-joybug/Khala-joybug/.buildozer/android/platform/build-arm64-v8a/dists/khalajoybug/_python_bundle__arm64-v8a/_python_bundle/site-packages/kivy/graphics/vbo.cpython-314-x86_64-linux-gnu.so to /home/runner/work/Khala-joybug/Khala-joybug/.buildozer/android/platform/build-arm64-v8a/dists/khalajoybug/_python_bundle__arm64-v8a/_python_bundle/site-packages/kivy/graphics/vbo.so
[DEBUG]:   Moving /home/runner/work/Khala-joybug/Khala-joybug/.buildozer/android/platform/build-arm64-v8a/dists/khalajoybug/_python_bundle__arm64-v8a/_python_bundle/site-packages/kivy/graphics/instructions.cpython-314-x86_64-linux-gnu.so to /home/runner/work/Khala-joybug/Khala-joybug/.buildozer/android/platform/build-arm64-v8a/dists/khalajoybug/_python_bundle__arm64-v8a/_python_bundle/site-packages/kivy/graphics/instructions.so
[DEBUG]:   Moving /home/runner/work/Khala-joybug/Khala-joybug/.buildozer/android/platform/build-arm64-v8a/dists/khalajoybug/_python_bundle__arm64-v8a/_python_bundle/site-packages/kivy/graphics/tesselator.cpython-314-x86_64-linux-gnu.so to /home/runner/work/Khala-joybug/Khala-joybug/.buildozer/android/platform/build-arm64-v8a/dists/khalajoybug/_python_bundle__arm64-v8a/_python_bundle/site-packages/kivy/graphics/tesselator.so
[DEBUG]:   Moving /home/runner/work/Khala-joybug/Khala-joybug/.buildozer/android/platform/build-arm64-v8a/dists/khalajoybug/_python_bundle__arm64-v8a/_python_bundle/site-packages/kivy/graphics/gl_instructions.cpython-314-x86_64-linux-gnu.so to /home/runner/work/Khala-joybug/Khala-joybug/.buildozer/android/platform/build-arm64-v8a/dists/khalajoybug/_python_bundle__arm64-v8a/_python_bundle/site-packages/kivy/graphics/gl_instructions.so
[DEBUG]:   Moving /home/runner/work/Khala-joybug/Khala-joybug/.buildozer/android/platform/build-arm64-v8a/dists/khalajoybug/_python_bundle__arm64-v8a/_python_bundle/site-packages/kivy/graphics/shader.cpython-314-x86_64-linux-gnu.so to /home/runner/work/Khala-joybug/Khala-joybug/.buildozer/android/platform/build-arm64-v8a/dists/khalajoybug/_python_bundle__arm64-v8a/_python_bundle/site-packages/kivy/graphics/shader.so
[DEBUG]:   Moving /home/runner/work/Khala-joybug/Khala-joybug/.buildozer/android/platform/build-arm64-v8a/dists/khalajoybug/_python_bundle__arm64-v8a/_python_bundle/site-packages/kivy/graphics/vertex.cpython-314-x86_64-linux-gnu.so to /home/runner/work/Khala-joybug/Khala-joybug/.buildozer/android/platform/build-arm64-v8a/dists/khalajoybug/_python_bundle__arm64-v8a/_python_bundle/site-packages/kivy/graphics/vertex.so
[DEBUG]:   Moving /home/runner/work/Khala-joybug/Khala-joybug/.buildozer/android/platform/build-arm64-v8a/dists/khalajoybug/_python_bundle__arm64-v8a/_python_bundle/site-packages/kivy/graphics/fbo.cpython-314-x86_64-linux-gnu.so to /home/runner/work/Khala-joybug/Khala-joybug/.buildozer/android/platform/build-arm64-v8a/dists/khalajoybug/_python_bundle__arm64-v8a/_python_bundle/site-packages/kivy/graphics/fbo.so
[DEBUG]:   Moving /home/runner/work/Khala-joybug/Khala-joybug/.buildozer/android/platform/build-arm64-v8a/dists/khalajoybug/_python_bundle__arm64-v8a/_python_bundle/site-packages/kivy/graphics/context_instructions.cpython-314-x86_64-linux-gnu.so to /home/runner/work/Khala-joybug/Khala-joybug/.buildozer/android/platform/build-arm64-v8a/dists/khalajoybug/_python_bundle__arm64-v8a/_python_bundle/site-packages/kivy/graphics/context_instructions.so
[DEBUG]:   Moving /home/runner/work/Khala-joybug/Khala-joybug/.buildozer/android/platform/build-arm64-v8a/dists/khalajoybug/_python_bundle__arm64-v8a/_python_bundle/site-packages/kivy/graphics/texture.cpython-314-x86_64-linux-gnu.so to /home/runner/work/Khala-joybug/Khala-joybug/.buildozer/android/platform/build-arm64-v8a/dists/khalajoybug/_python_bundle__arm64-v8a/_python_bundle/site-packages/kivy/graphics/texture.so
[DEBUG]:   Moving /home/runner/work/Khala-joybug/Khala-joybug/.buildozer/android/platform/build-arm64-v8a/dists/khalajoybug/_python_bundle__arm64-v8a/_python_bundle/site-packages/kivy/graphics/vertex_instructions.cpython-314-x86_64-linux-gnu.so to /home/runner/work/Khala-joybug/Khala-joybug/.buildozer/android/platform/build-arm64-v8a/dists/khalajoybug/_python_bundle__arm64-v8a/_python_bundle/site-packages/kivy/graphics/vertex_instructions.so
[DEBUG]:   Moving /home/runner/work/Khala-joybug/Khala-joybug/.buildozer/android/platform/build-arm64-v8a/dists/khalajoybug/_python_bundle__arm64-v8a/_python_bundle/site-packages/kivy/graphics/opengl.cpython-314-x86_64-linux-gnu.so to /home/runner/work/Khala-joybug/Khala-joybug/.buildozer/android/platform/build-arm64-v8a/dists/khalajoybug/_python_bundle__arm64-v8a/_python_bundle/site-packages/kivy/graphics/opengl.so
[DEBUG]:   Moving /home/runner/work/Khala-joybug/Khala-joybug/.buildozer/android/platform/build-arm64-v8a/dists/khalajoybug/_python_bundle__arm64-v8a/_python_bundle/site-packages/kivy/graphics/boxshadow.cpython-314-x86_64-linux-gnu.so to /home/runner/work/Khala-joybug/Khala-joybug/.buildozer/android/platform/build-arm64-v8a/dists/khalajoybug/_python_bundle__arm64-v8a/_python_bundle/site-packages/kivy/graphics/boxshadow.so
[DEBUG]:   Moving /home/runner/work/Khala-joybug/Khala-joybug/.buildozer/android/platform/build-arm64-v8a/dists/khalajoybug/_python_bundle__arm64-v8a/_python_bundle/site-packages/kivy/graphics/compiler.cpython-314-x86_64-linux-gnu.so to /home/runner/work/Khala-joybug/Khala-joybug/.buildozer/android/platform/build-arm64-v8a/dists/khalajoybug/_python_bundle__arm64-v8a/_python_bundle/site-packages/kivy/graphics/compiler.so
[DEBUG]:   Moving /home/runner/work/Khala-joybug/Khala-joybug/.buildozer/android/platform/build-arm64-v8a/dists/khalajoybug/_python_bundle__arm64-v8a/_python_bundle/site-packages/kivy/graphics/svg.cpython-314-x86_64-linux-gnu.so to /home/runner/work/Khala-joybug/Khala-joybug/.buildozer/android/platform/build-arm64-v8a/dists/khalajoybug/_python_bundle__arm64-v8a/_python_bundle/site-packages/kivy/graphics/svg.so
[DEBUG]:   Moving /home/runner/work/Khala-joybug/Khala-joybug/.buildozer/android/platform/build-arm64-v8a/dists/khalajoybug/_python_bundle__arm64-v8a/_python_bundle/site-packages/kivy/graphics/cgl.cpython-314-x86_64-linux-gnu.so to /home/runner/work/Khala-joybug/Khala-joybug/.buildozer/android/platform/build-arm64-v8a/dists/khalajoybug/_python_bundle__arm64-v8a/_python_bundle/site-packages/kivy/graphics/cgl.so
[DEBUG]:   Moving /home/runner/work/Khala-joybug/Khala-joybug/.buildozer/android/platform/build-arm64-v8a/dists/khalajoybug/_python_bundle__arm64-v8a/_python_bundle/site-packages/kivy/graphics/cgl_backend/cgl_gl.cpython-314-x86_64-linux-gnu.so to /home/runner/work/Khala-joybug/Khala-joybug/.buildozer/android/platform/build-arm64-v8a/dists/khalajoybug/_python_bundle__arm64-v8a/_python_bundle/site-packages/kivy/graphics/cgl_backend/cgl_gl.so
[DEBUG]:   Moving /home/runner/work/Khala-joybug/Khala-joybug/.buildozer/android/platform/build-arm64-v8a/dists/khalajoybug/_python_bundle__arm64-v8a/_python_bundle/site-packages/kivy/graphics/cgl_backend/cgl_mock.cpython-314-x86_64-linux-gnu.so to /home/runner/work/Khala-joybug/Khala-joybug/.buildozer/android/platform/build-arm64-v8a/dists/khalajoybug/_python_bundle__arm64-v8a/_python_bundle/site-packages/kivy/graphics/cgl_backend/cgl_mock.so
[DEBUG]:   Moving /home/runner/work/Khala-joybug/Khala-joybug/.buildozer/android/platform/build-arm64-v8a/dists/khalajoybug/_python_bundle__arm64-v8a/_python_bundle/site-packages/kivy/graphics/cgl_backend/cgl_debug.cpython-314-x86_64-linux-gnu.so to /home/runner/work/Khala-joybug/Khala-joybug/.buildozer/android/platform/build-arm64-v8a/dists/khalajoybug/_python_bundle__arm64-v8a/_python_bundle/site-packages/kivy/graphics/cgl_backend/cgl_debug.so
[DEBUG]:   Moving /home/runner/work/Khala-joybug/Khala-joybug/.buildozer/android/platform/build-arm64-v8a/dists/khalajoybug/_python_bundle__arm64-v8a/_python_bundle/site-packages/kivy/graphics/cgl_backend/cgl_glew.cpython-314-x86_64-linux-gnu.so to /home/runner/work/Khala-joybug/Khala-joybug/.buildozer/android/platform/build-arm64-v8a/dists/khalajoybug/_python_bundle__arm64-v8a/_python_bundle/site-packages/kivy/graphics/cgl_backend/cgl_glew.so
[DEBUG]:   Moving /home/runner/work/Khala-joybug/Khala-joybug/.buildozer/android/platform/build-arm64-v8a/dists/khalajoybug/_python_bundle__arm64-v8a/_python_bundle/site-packages/kivy/graphics/cgl_backend/cgl_sdl2.cpython-314-x86_64-linux-gnu.so to /home/runner/work/Khala-joybug/Khala-joybug/.buildozer/android/platform/build-arm64-v8a/dists/khalajoybug/_python_bundle__arm64-v8a/_python_bundle/site-packages/kivy/graphics/cgl_backend/cgl_sdl2.so
[DEBUG]:   Moving /home/runner/work/Khala-joybug/Khala-joybug/.buildozer/android/platform/build-arm64-v8a/dists/khalajoybug/_python_bundle__arm64-v8a/_python_bundle/site-packages/kivy/graphics/transformation.cpython-314-x86_64-linux-gnu.so to /home/runner/work/Khala-joybug/Khala-joybug/.buildozer/android/platform/build-arm64-v8a/dists/khalajoybug/_python_bundle__arm64-v8a/_python_bundle/site-packages/kivy/graphics/transformation.so
[DEBUG]:   Moving /home/runner/work/Khala-joybug/Khala-joybug/.buildozer/android/platform/build-arm64-v8a/dists/khalajoybug/_python_bundle__arm64-v8a/_python_bundle/site-packages/kivy/graphics/buffer.cpython-314-x86_64-linux-gnu.so to /home/runner/work/Khala-joybug/Khala-joybug/.buildozer/android/platform/build-arm64-v8a/dists/khalajoybug/_python_bundle__arm64-v8a/_python_bundle/site-packages/kivy/graphics/buffer.so
[DEBUG]:   Moving /home/runner/work/Khala-joybug/Khala-joybug/.buildozer/android/platform/build-arm64-v8a/dists/khalajoybug/_python_bundle__arm64-v8a/_python_bundle/site-packages/kivy/graphics/context.cpython-314-x86_64-linux-gnu.so to /home/runner/work/Khala-joybug/Khala-joybug/.buildozer/android/platform/build-arm64-v8a/dists/khalajoybug/_python_bundle__arm64-v8a/_python_bundle/site-packages/kivy/graphics/context.so
[DEBUG]:   Moving /home/runner/work/Khala-joybug/Khala-joybug/.buildozer/android/platform/build-arm64-v8a/dists/khalajoybug/_python_bundle__arm64-v8a/_python_bundle/site-packages/kivy/graphics/scissor_instructions.cpython-314-x86_64-linux-gnu.so to /home/runner/work/Khala-joybug/Khala-joybug/.buildozer/android/platform/build-arm64-v8a/dists/khalajoybug/_python_bundle__arm64-v8a/_python_bundle/site-packages/kivy/graphics/scissor_instructions.so
[DEBUG]:   Moving /home/runner/work/Khala-joybug/Khala-joybug/.buildozer/android/platform/build-arm64-v8a/dists/khalajoybug/_python_bundle__arm64-v8a/_python_bundle/site-packages/kivy/core/audio/audio_sdl2.cpython-314-x86_64-linux-gnu.so to /home/runner/work/Khala-joybug/Khala-joybug/.buildozer/android/platform/build-arm64-v8a/dists/khalajoybug/_python_bundle__arm64-v8a/_python_bundle/site-packages/kivy/core/audio/audio_sdl2.so
[DEBUG]:   Moving /home/runner/work/Khala-joybug/Khala-joybug/.buildozer/android/platform/build-arm64-v8a/dists/khalajoybug/_python_bundle__arm64-v8a/_python_bundle/site-packages/kivy/core/window/_window_sdl2.cpython-314-x86_64-linux-gnu.so to /home/runner/work/Khala-joybug/Khala-joybug/.buildozer/android/platform/build-arm64-v8a/dists/khalajoybug/_python_bundle__arm64-v8a/_python_bundle/site-packages/kivy/core/window/_window_sdl2.so
[DEBUG]:   Moving /home/runner/work/Khala-joybug/Khala-joybug/.buildozer/android/platform/build-arm64-v8a/dists/khalajoybug/_python_bundle__arm64-v8a/_python_bundle/site-packages/kivy/core/window/window_info.cpython-314-x86_64-linux-gnu.so to /home/runner/work/Khala-joybug/Khala-joybug/.buildozer/android/platform/build-arm64-v8a/dists/khalajoybug/_python_bundle__arm64-v8a/_python_bundle/site-packages/kivy/core/window/window_info.so
[DEBUG]:   Moving /home/runner/work/Khala-joybug/Khala-joybug/.buildozer/android/platform/build-arm64-v8a/dists/khalajoybug/_python_bundle__arm64-v8a/_python_bundle/site-packages/kivy/core/text/text_layout.cpython-314-x86_64-linux-gnu.so to /home/runner/work/Khala-joybug/Khala-joybug/.buildozer/android/platform/build-arm64-v8a/dists/khalajoybug/_python_bundle__arm64-v8a/_python_bundle/site-packages/kivy/core/text/text_layout.so
[DEBUG]:   Moving /home/runner/work/Khala-joybug/Khala-joybug/.buildozer/android/platform/build-arm64-v8a/dists/khalajoybug/_python_bundle__arm64-v8a/_python_bundle/site-packages/kivy/core/text/_text_sdl2.cpython-314-x86_64-linux-gnu.so to /home/runner/work/Khala-joybug/Khala-joybug/.buildozer/android/platform/build-arm64-v8a/dists/khalajoybug/_python_bundle__arm64-v8a/_python_bundle/site-packages/kivy/core/text/_text_sdl2.so
[DEBUG]:   Moving /home/runner/work/Khala-joybug/Khala-joybug/.buildozer/android/platform/build-arm64-v8a/dists/khalajoybug/_python_bundle__arm64-v8a/_python_bundle/site-packages/kivy/core/image/_img_sdl2.cpython-314-x86_64-linux-gnu.so to /home/runner/work/Khala-joybug/Khala-joybug/.buildozer/android/platform/build-arm64-v8a/dists/khalajoybug/_python_bundle__arm64-v8a/_python_bundle/site-packages/kivy/core/image/_img_sdl2.so
[DEBUG]:   Moving /home/runner/work/Khala-joybug/Khala-joybug/.buildozer/android/platform/build-arm64-v8a/dists/khalajoybug/_python_bundle__arm64-v8a/_python_bundle/site-packages/kivy/core/clipboard/_clipboard_sdl2.cpython-314-x86_64-linux-gnu.so to /home/runner/work/Khala-joybug/Khala-joybug/.buildozer/android/platform/build-arm64-v8a/dists/khalajoybug/_python_bundle__arm64-v8a/_python_bundle/site-packages/kivy/core/clipboard/_clipboard_sdl2.so
[DEBUG]:   Moving /home/runner/work/Khala-joybug/Khala-joybug/.buildozer/android/platform/build-arm64-v8a/dists/khalajoybug/_python_bundle__arm64-v8a/_python_bundle/site-packages/chardet/_kernel.cpython-314-x86_64-linux-gnu.so to /home/runner/work/Khala-joybug/Khala-joybug/.buildozer/android/platform/build-arm64-v8a/dists/khalajoybug/_python_bundle__arm64-v8a/_python_bundle/site-packages/chardet/_kernel.so
[DEBUG]:   Moving /home/runner/work/Khala-joybug/Khala-joybug/.buildozer/android/platform/build-arm64-v8a/dists/khalajoybug/_python_bundle__arm64-v8a/_python_bundle/site-packages/chardet/models/__init__.cpython-314-x86_64-linux-gnu.so to /home/runner/work/Khala-joybug/Khala-joybug/.buildozer/android/platform/build-arm64-v8a/dists/khalajoybug/_python_bundle__arm64-v8a/_python_bundle/site-packages/chardet/models/__init__.so
[DEBUG]:   Moving /home/runner/work/Khala-joybug/Khala-joybug/.buildozer/android/platform/build-arm64-v8a/dists/khalajoybug/_python_bundle__arm64-v8a/_python_bundle/site-packages/chardet/pipeline/validity.cpython-314-x86_64-linux-gnu.so to /home/runner/work/Khala-joybug/Khala-joybug/.buildozer/android/platform/build-arm64-v8a/dists/khalajoybug/_python_bundle__arm64-v8a/_python_bundle/site-packages/chardet/pipeline/validity.so
[DEBUG]:   Moving /home/runner/work/Khala-joybug/Khala-joybug/.buildozer/android/platform/build-arm64-v8a/dists/khalajoybug/_python_bundle__arm64-v8a/_python_bundle/site-packages/chardet/pipeline/postprocess.cpython-314-x86_64-linux-gnu.so to /home/runner/work/Khala-joybug/Khala-joybug/.buildozer/android/platform/build-arm64-v8a/dists/khalajoybug/_python_bundle__arm64-v8a/_python_bundle/site-packages/chardet/pipeline/postprocess.so
[DEBUG]:   Moving /home/runner/work/Khala-joybug/Khala-joybug/.buildozer/android/platform/build-arm64-v8a/dists/khalajoybug/_python_bundle__arm64-v8a/_python_bundle/site-packages/chardet/pipeline/ascii.cpython-314-x86_64-linux-gnu.so to /home/runner/work/Khala-joybug/Khala-joybug/.buildozer/android/platform/build-arm64-v8a/dists/khalajoybug/_python_bundle__arm64-v8a/_python_bundle/site-packages/chardet/pipeline/ascii.so
[DEBUG]:   Moving /home/runner/work/Khala-joybug/Khala-joybug/.buildozer/android/platform/build-arm64-v8a/dists/khalajoybug/_python_bundle__arm64-v8a/_python_bundle/site-packages/chardet/pipeline/statistical.cpython-314-x86_64-linux-gnu.so to /home/runner/work/Khala-joybug/Khala-joybug/.buildozer/android/platform/build-arm64-v8a/dists/khalajoybug/_python_bundle__arm64-v8a/_python_bundle/site-packages/chardet/pipeline/statistical.so
[DEBUG]:   Moving /home/runner/work/Khala-joybug/Khala-joybug/.buildozer/android/platform/build-arm64-v8a/dists/khalajoybug/_python_bundle__arm64-v8a/_python_bundle/site-packages/chardet/pipeline/magic.cpython-314-x86_64-linux-gnu.so to /home/runner/work/Khala-joybug/Khala-joybug/.buildozer/android/platform/build-arm64-v8a/dists/khalajoybug/_python_bundle__arm64-v8a/_python_bundle/site-packages/chardet/pipeline/magic.so
[DEBUG]:   Moving /home/runner/work/Khala-joybug/Khala-joybug/.buildozer/android/platform/build-arm64-v8a/dists/khalajoybug/_python_bundle__arm64-v8a/_python_bundle/site-packages/chardet/pipeline/utf8.cpython-314-x86_64-linux-gnu.so to /home/runner/work/Khala-joybug/Khala-joybug/.buildozer/android/platform/build-arm64-v8a/dists/khalajoybug/_python_bundle__arm64-v8a/_python_bundle/site-packages/chardet/pipeline/utf8.so
[DEBUG]:   Moving /home/runner/work/Khala-joybug/Khala-joybug/.buildozer/android/platform/build-arm64-v8a/dists/khalajoybug/_python_bundle__arm64-v8a/_python_bundle/site-packages/chardet/pipeline/escape.cpython-314-x86_64-linux-gnu.so to /home/runner/work/Khala-joybug/Khala-joybug/.buildozer/android/platform/build-arm64-v8a/dists/khalajoybug/_python_bundle__arm64-v8a/_python_bundle/site-packages/chardet/pipeline/escape.so
[DEBUG]:   Moving /home/runner/work/Khala-joybug/Khala-joybug/.buildozer/android/platform/build-arm64-v8a/dists/khalajoybug/_python_bundle__arm64-v8a/_python_bundle/site-packages/chardet/pipeline/language.cpython-314-x86_64-linux-gnu.so to /home/runner/work/Khala-joybug/Khala-joybug/.buildozer/android/platform/build-arm64-v8a/dists/khalajoybug/_python_bundle__arm64-v8a/_python_bundle/site-packages/chardet/pipeline/language.so
[DEBUG]:   Moving /home/runner/work/Khala-joybug/Khala-joybug/.buildozer/android/platform/build-arm64-v8a/dists/khalajoybug/_python_bundle__arm64-v8a/_python_bundle/site-packages/chardet/pipeline/structural.cpython-314-x86_64-linux-gnu.so to /home/runner/work/Khala-joybug/Khala-joybug/.buildozer/android/platform/build-arm64-v8a/dists/khalajoybug/_python_bundle__arm64-v8a/_python_bundle/site-packages/chardet/pipeline/structural.so
[DEBUG]:   Moving /home/runner/work/Khala-joybug/Khala-joybug/.buildozer/android/platform/build-arm64-v8a/dists/khalajoybug/_python_bundle__arm64-v8a/_python_bundle/site-packages/chardet/pipeline/utf1632.cpython-314-x86_64-linux-gnu.so to /home/runner/work/Khala-joybug/Khala-joybug/.buildozer/android/platform/build-arm64-v8a/dists/khalajoybug/_python_bundle__arm64-v8a/_python_bundle/site-packages/chardet/pipeline/utf1632.so
[DEBUG]:   Moving /home/runner/work/Khala-joybug/Khala-joybug/.buildozer/android/platform/build-arm64-v8a/dists/khalajoybug/_python_bundle__arm64-v8a/_python_bundle/site-packages/chardet/pipeline/confusion.cpython-314-x86_64-linux-gnu.so to /home/runner/work/Khala-joybug/Khala-joybug/.buildozer/android/platform/build-arm64-v8a/dists/khalajoybug/_python_bundle__arm64-v8a/_python_bundle/site-packages/chardet/pipeline/confusion.so
[DEBUG]:   Moving /home/runner/work/Khala-joybug/Khala-joybug/.buildozer/android/platform/build-arm64-v8a/dists/khalajoybug/_python_bundle__arm64-v8a/_python_bundle/site-packages/chardet/pipeline/orchestrator.cpython-314-x86_64-linux-gnu.so to /home/runner/work/Khala-joybug/Khala-joybug/.buildozer/android/platform/build-arm64-v8a/dists/khalajoybug/_python_bundle__arm64-v8a/_python_bundle/site-packages/chardet/pipeline/orchestrator.so
[DEBUG]:   Moving /home/runner/work/Khala-joybug/Khala-joybug/.buildozer/android/platform/build-arm64-v8a/dists/khalajoybug/_python_bundle__arm64-v8a/_python_bundle/site-packages/android/_android_sound.cpython-314-x86_64-linux-gnu.so to /home/runner/work/Khala-joybug/Khala-joybug/.buildozer/android/platform/build-arm64-v8a/dists/khalajoybug/_python_bundle__arm64-v8a/_python_bundle/site-packages/android/_android_sound.so
[DEBUG]:   Moving /home/runner/work/Khala-joybug/Khala-joybug/.buildozer/android/platform/build-arm64-v8a/dists/khalajoybug/_python_bundle__arm64-v8a/_python_bundle/site-packages/android/_android.cpython-314-x86_64-linux-gnu.so to /home/runner/work/Khala-joybug/Khala-joybug/.buildozer/android/platform/build-arm64-v8a/dists/khalajoybug/_python_bundle__arm64-v8a/_python_bundle/site-packages/android/_android.so
[DEBUG]:   Moving /home/runner/work/Khala-joybug/Khala-joybug/.buildozer/android/platform/build-arm64-v8a/dists/khalajoybug/_python_bundle__arm64-v8a/_python_bundle/site-packages/android/_android_billing.cpython-314-x86_64-linux-gnu.so to /home/runner/work/Khala-joybug/Khala-joybug/.buildozer/android/platform/build-arm64-v8a/dists/khalajoybug/_python_bundle__arm64-v8a/_python_bundle/site-packages/android/_android_billing.so
[DEBUG]:   Moving /home/runner/work/Khala-joybug/Khala-joybug/.buildozer/android/platform/build-arm64-v8a/dists/khalajoybug/_python_bundle__arm64-v8a/_python_bundle/site-packages/7cf47097c39cf1afcee8__mypyc.cpython-314-x86_64-linux-gnu.so to /home/runner/work/Khala-joybug/Khala-joybug/.buildozer/android/platform/build-arm64-v8a/dists/khalajoybug/_python_bundle__arm64-v8a/_python_bundle/site-packages/7cf47097c39cf1afcee8__mypyc.so
[INFO]:    Stripping libraries
stty: 'standard input': Inappropriate ioctl for device
[DEBUG]:   -> running find /home/runner/work/Khala-joybug/Khala-joybug/.buildozer/android/platform/build-arm64-v8a/dists/khalajoybug/_python_bundle__arm64-v8a/_python_bundle/modules /home/runner/work/Khala-joybug/Khala-joybug/.buildozer/android/platform/build-arm64-v8a/dists/khalajoybug/libs -iname *.so
[DEBUG]:   	/home/runner/work/Khala-joybug/Khala-joybug/.buildozer/android/platform/build-arm64-v8a/dists/khalajoybug/_python_bundle__arm64-v8a/_python_bundle/modules/_ctypes_test.cpython-314-aarch64-linux-android.so
[DEBUG]:   	/home/runner/work/Khala-joybug/Khala-joybug/.buildozer/android/platform/build-arm64-v8a/dists/khalajoybug/_python_bundle__arm64-v8a/_python_bundle/modules/_testlimitedcapi.cpython-314-aarch64-linux-android.so
[DEBUG]:   	/home/runner/work/Khala-joybug/Khala-joybug/.buildozer/android/platform/build-arm64-v8a/dists/khalajoybug/_python_bundle__arm64-v8a/_python_bundle/modules/_csv.cpython-314-aarch64-linux-android.so
[DEBUG]:   	/home/runner/work/Khala-joybug/Khala-joybug/.buildozer/android/platform/build-arm64-v8a/dists/khalajoybug/_python_bundle__arm64-v8a/_python_bundle/modules/_zoneinfo.cpython-314-aarch64-linux-android.so
[DEBUG]:   	/home/runner/work/Khala-joybug/Khala-joybug/.buildozer/android/platform/build-arm64-v8a/dists/khalajoybug/_python_bundle__arm64-v8a/_python_bundle/modules/_testclinic_limited.cpython-314-aarch64-linux-android.so
[DEBUG]:   	/home/runner/work/Khala-joybug/Khala-joybug/.buildozer/android/platform/build-arm64-v8a/dists/khalajoybug/_python_bundle__arm64-v8a/_python_bundle/modules/fcntl.cpython-314-aarch64-linux-android.so
[DEBUG]:   	/home/runner/work/Khala-joybug/Khala-joybug/.buildozer/android/platform/build-arm64-v8a/dists/khalajoybug/_python_bundle__arm64-v8a/_python_bundle/modules/_hmac.cpython-314-aarch64-linux-android.so
[DEBUG]:   	/home/runner/work/Khala-joybug/Khala-joybug/.buildozer/android/platform/build-arm64-v8a/dists/khalajoybug/_python_bundle__arm64-v8a/_python_bundle/modules/_hashlib.cpython-314-aarch64-linux-android.so
[DEBUG]:   	/home/runner/work/Khala-joybug/Khala-joybug/.buildozer/android/platform/build-arm64-v8a/dists/khalajoybug/_python_bundle__arm64-v8a/_python_bundle/modules/_testimportmultiple.cpython-314-aarch64-linux-android.so
[DEBUG]:   	/home/runner/work/Khala-joybug/Khala-joybug/.buildozer/android/platform/build-arm64-v8a/dists/khalajoybug/_python_bundle__arm64-v8a/_python_bundle/modules/xxlimited.cpython-314-aarch64-linux-android.so
[DEBUG]:   	/home/runner/work/Khala-joybug/Khala-joybug/.buildozer/android/platform/build-arm64-v8a/dists/khalajoybug/_python_bundle__arm64-v8a/_python_bundle/modules/_testclinic.cpython-314-aarch64-linux-android.so
[DEBUG]:   	/home/runner/work/Khala-joybug/Khala-joybug/.buildozer/android/platform/build-arm64-v8a/dists/khalajoybug/_python_bundle__arm64-v8a/_python_bundle/modules/_random.cpython-314-aarch64-linux-android.so
[DEBUG]:   	/home/runner/work/Khala-joybug/Khala-joybug/.buildozer/android/platform/build-arm64-v8a/dists/khalajoybug/_python_bundle__arm64-v8a/_python_bundle/modules/_ssl.cpython-314-aarch64-linux-android.so
[DEBUG]:   	/home/runner/work/Khala-joybug/Khala-joybug/.buildozer/android/platform/build-arm64-v8a/dists/khalajoybug/_python_bundle__arm64-v8a/_python_bundle/modules/_md5.cpython-314-aarch64-linux-android.so
[DEBUG]:   	/home/runner/work/Khala-joybug/Khala-joybug/.buildozer/android/platform/build-arm64-v8a/dists/khalajoybug/_python_bundle__arm64-v8a/_python_bundle/modules/pyexpat.cpython-314-aarch64-linux-android.so
[DEBUG]:   	/home/runner/work/Khala-joybug/Khala-joybug/.buildozer/android/platform/build-arm64-v8a/dists/khalajoybug/_python_bundle__arm64-v8a/_python_bundle/modules/resource.cpython-314-aarch64-linux-android.so
[DEBUG]:   	/home/runner/work/Khala-joybug/Khala-joybug/.buildozer/android/platform/build-arm64-v8a/dists/khalajoybug/_python_bundle__arm64-v8a/_python_bundle/modules/_lsprof.cpython-314-aarch64-linux-android.so
[DEBUG]:   	/home/runner/work/Khala-joybug/Khala-joybug/.buildozer/android/platform/build-arm64-v8a/dists/khalajoybug/_python_bundle__arm64-v8a/_python_bundle/modules/_posixsubprocess.cpython-314-aarch64-linux-android.so
[DEBUG]:   	/home/runner/work/Khala-joybug/Khala-joybug/.buildozer/android/platform/build-arm64-v8a/dists/khalajoybug/_python_bundle__arm64-v8a/_python_bundle/modules/xxlimited_35.cpython-314-aarch64-linux-android.so
[DEBUG]:   	/home/runner/work/Khala-joybug/Khala-joybug/.buildozer/android/platform/build-arm64-v8a/dists/khalajoybug/_python_bundle__arm64-v8a/_python_bundle/modules/_pickle.cpython-314-aarch64-linux-android.so
[DEBUG]:   	/home/runner/work/Khala-joybug/Khala-joybug/.buildozer/android/platform/build-arm64-v8a/dists/khalajoybug/_python_bundle__arm64-v8a/_python_bundle/modules/_asyncio.cpython-314-aarch64-linux-android.so
[DEBUG]:   	/home/runner/work/Khala-joybug/Khala-joybug/.buildozer/android/platform/build-arm64-v8a/dists/khalajoybug/_python_bundle__arm64-v8a/_python_bundle/modules/select.cpython-314-aarch64-linux-android.so
[DEBUG]:   	/home/runner/work/Khala-joybug/Khala-joybug/.buildozer/android/platform/build-arm64-v8a/dists/khalajoybug/_python_bundle__arm64-v8a/_python_bundle/modules/_sha1.cpython-314-aarch64-linux-android.so
[DEBUG]:   	/home/runner/work/Khala-joybug/Khala-joybug/.buildozer/android/platform/build-arm64-v8a/dists/khalajoybug/_python_bundle__arm64-v8a/_python_bundle/modules/termios.cpython-314-aarch64-linux-android.so
[DEBUG]:   	/home/runner/work/Khala-joybug/Khala-joybug/.buildozer/android/platform/build-arm64-v8a/dists/khalajoybug/_python_bundle__arm64-v8a/_python_bundle/modules/_codecs_iso2022.cpython-314-aarch64-linux-android.so
[DEBUG]:   	/home/runner/work/Khala-joybug/Khala-joybug/.buildozer/android/platform/build-arm64-v8a/dists/khalajoybug/_python_bundle__arm64-v8a/_python_bundle/modules/_testsinglephase.cpython-314-aarch64-linux-android.so
[DEBUG]:   	/home/runner/work/Khala-joybug/Khala-joybug/.buildozer/android/platform/build-arm64-v8a/dists/khalajoybug/_python_bundle__arm64-v8a/_python_bundle/modules/_interpchannels.cpython-314-aarch64-linux-android.so
[DEBUG]:   	/home/runner/work/Khala-joybug/Khala-joybug/.buildozer/android/platform/build-arm64-v8a/dists/khalajoybug/_python_bundle__arm64-v8a/_python_bundle/modules/cmath.cpython-314-aarch64-linux-android.so
[DEBUG]:   	/home/runner/work/Khala-joybug/Khala-joybug/.buildozer/android/platform/build-arm64-v8a/dists/khalajoybug/_python_bundle__arm64-v8a/_python_bundle/modules/syslog.cpython-314-aarch64-linux-android.so
[DEBUG]:   	/home/runner/work/Khala-joybug/Khala-joybug/.buildozer/android/platform/build-arm64-v8a/dists/khalajoybug/_python_bundle__arm64-v8a/_python_bundle/modules/_codecs_kr.cpython-314-aarch64-linux-android.so
[DEBUG]:   	/home/runner/work/Khala-joybug/Khala-joybug/.buildozer/android/platform/build-arm64-v8a/dists/khalajoybug/_python_bundle__arm64-v8a/_python_bundle/modules/_multibytecodec.cpython-314-aarch64-linux-android.so
[DEBUG]:   	/home/runner/work/Khala-joybug/Khala-joybug/.buildozer/android/platform/build-arm64-v8a/dists/khalajoybug/_python_bundle__arm64-v8a/_python_bundle/modules/_testcapi.cpython-314-aarch64-linux-android.so
[DEBUG]:   	/home/runner/work/Khala-joybug/Khala-joybug/.buildozer/android/platform/build-arm64-v8a/dists/khalajoybug/_python_bundle__arm64-v8a/_python_bundle/modules/_codecs_cn.cpython-314-aarch64-linux-android.so
[DEBUG]:   	/home/runner/work/Khala-joybug/Khala-joybug/.buildozer/android/platform/build-arm64-v8a/dists/khalajoybug/_python_bundle__arm64-v8a/_python_bundle/modules/_bisect.cpython-314-aarch64-linux-android.so
[DEBUG]:   	/home/runner/work/Khala-joybug/Khala-joybug/.buildozer/android/platform/build-arm64-v8a/dists/khalajoybug/_python_bundle__arm64-v8a/_python_bundle/modules/_sha2.cpython-314-aarch64-linux-android.so
[DEBUG]:   	/home/runner/work/Khala-joybug/Khala-joybug/.buildozer/android/platform/build-arm64-v8a/dists/khalajoybug/_python_bundle__arm64-v8a/_python_bundle/modules/_xxtestfuzz.cpython-314-aarch64-linux-android.so
[DEBUG]:   	/home/runner/work/Khala-joybug/Khala-joybug/.buildozer/android/platform/build-arm64-v8a/dists/khalajoybug/_python_bundle__arm64-v8a/_python_bundle/modules/_struct.cpython-314-aarch64-linux-android.so
[DEBUG]:   	/home/runner/work/Khala-joybug/Khala-joybug/.buildozer/android/platform/build-arm64-v8a/dists/khalajoybug/_python_bundle__arm64-v8a/_python_bundle/modules/_interpqueues.cpython-314-aarch64-linux-android.so
[DEBUG]:   	/home/runner/work/Khala-joybug/Khala-joybug/.buildozer/android/platform/build-arm64-v8a/dists/khalajoybug/_python_bundle__arm64-v8a/_python_bundle/modules/_heapq.cpython-314-aarch64-linux-android.so
[DEBUG]:   	/home/runner/work/Khala-joybug/Khala-joybug/.buildozer/android/platform/build-arm64-v8a/dists/khalajoybug/_python_bundle__arm64-v8a/_python_bundle/modules/_blake2.cpython-314-aarch64-linux-android.so
[DEBUG]:   	/home/runner/work/Khala-joybug/Khala-joybug/.buildozer/android/platform/build-arm64-v8a/dists/khalajoybug/_python_bundle__arm64-v8a/_python_bundle/modules/_json.cpython-314-aarch64-linux-android.so
[DEBUG]:   	/home/runner/work/Khala-joybug/Khala-joybug/.buildozer/android/platform/build-arm64-v8a/dists/khalajoybug/_python_bundle__arm64-v8a/_python_bundle/modules/_sqlite3.cpython-314-aarch64-linux-android.so
[DEBUG]:   	/home/runner/work/Khala-joybug/Khala-joybug/.buildozer/android/platform/build-arm64-v8a/dists/khalajoybug/_python_bundle__arm64-v8a/_python_bundle/modules/unicodedata.cpython-314-aarch64-linux-android.so
[DEBUG]:   	/home/runner/work/Khala-joybug/Khala-joybug/.buildozer/android/platform/build-arm64-v8a/dists/khalajoybug/_python_bundle__arm64-v8a/_python_bundle/modules/_elementtree.cpython-314-aarch64-linux-android.so
[DEBUG]:   	/home/runner/work/Khala-joybug/Khala-joybug/.buildozer/android/platform/build-arm64-v8a/dists/khalajoybug/_python_bundle__arm64-v8a/_python_bundle/modules/xxsubtype.cpython-314-aarch64-linux-android.so
[DEBUG]:   	/home/runner/work/Khala-joybug/Khala-joybug/.buildozer/android/platform/build-arm64-v8a/dists/khalajoybug/_python_bundle__arm64-v8a/_python_bundle/modules/_statistics.cpython-314-aarch64-linux-android.so
[DEBUG]:   	/home/runner/work/Khala-joybug/Khala-joybug/.buildozer/android/platform/build-arm64-v8a/dists/khalajoybug/_python_bundle__arm64-v8a/_python_bundle/modules/_ctypes.cpython-314-aarch64-linux-android.so
[DEBUG]:   	/home/runner/work/Khala-joybug/Khala-joybug/.buildozer/android/platform/build-arm64-v8a/dists/khalajoybug/_python_bundle__arm64-v8a/_python_bundle/modules/_interpreters.cpython-314-aarch64-linux-android.so
[DEBUG]:   	/home/runner/work/Khala-joybug/Khala-joybug/.buildozer/android/platform/build-arm64-v8a/dists/khalajoybug/_python_bundle__arm64-v8a/_python_bundle/modules/_testbuffer.cpython-314-aarch64-linux-android.so
[DEBUG]:   	/home/runner/work/Khala-joybug/Khala-joybug/.buildozer/android/platform/build-arm64-v8a/dists/khalajoybug/_python_bundle__arm64-v8a/_python_bundle/modules/mmap.cpython-314-aarch64-linux-android.so
[DEBUG]:   	/home/runner/work/Khala-joybug/Khala-joybug/.buildozer/android/platform/build-arm64-v8a/dists/khalajoybug/_python_bundle__arm64-v8a/_python_bundle/modules/math.cpython-314-aarch64-linux-android.so
[DEBUG]:   	/home/runner/work/Khala-joybug/Khala-joybug/.buildozer/android/platform/build-arm64-v8a/dists/khalajoybug/_python_bundle__arm64-v8a/_python_bundle/modules/_decimal.cpython-314-aarch64-linux-android.so
[DEBUG]:   	/home/runner/work/Khala-joybug/Khala-joybug/.buildozer/android/platform/build-arm64-v8a/dists/khalajoybug/_python_bundle__arm64-v8a/_python_bundle/modules/_remote_debugging.cpython-314-aarch64-linux-android.so
[DEBUG]:   	/home/runner/work/Khala-joybug/Khala-joybug/.buildozer/android/platform/build-arm64-v8a/dists/khalajoybug/_python_bundle__arm64-v8a/_python_bundle/modules/zlib.cpython-314-aarch64-linux-android.so
[DEBUG]:   	/home/runner/work/Khala-joybug/Khala-joybug/.buildozer/android/platform/build-arm64-v8a/dists/khalajoybug/_python_bundle__arm64-v8a/_python_bundle/modules/_testmultiphase.cpython-314-aarch64-linux-android.so
[DEBUG]:   	/home/runner/work/Khala-joybug/Khala-joybug/.buildozer/android/platform/build-arm64-v8a/dists/khalajoybug/_python_bundle__arm64-v8a/_python_bundle/modules/binascii.cpython-314-aarch64-linux-android.so
[DEBUG]:   	/home/runner/work/Khala-joybug/Khala-joybug/.buildozer/android/platform/build-arm64-v8a/dists/khalajoybug/_python_bundle__arm64-v8a/_python_bundle/modules/_socket.cpython-314-aarch64-linux-android.so
[DEBUG]:   	/home/runner/work/Khala-joybug/Khala-joybug/.buildozer/android/platform/build-arm64-v8a/dists/khalajoybug/_python_bundle__arm64-v8a/_python_bundle/modules/_codecs_hk.cpython-314-aarch64-linux-android.so
[DEBUG]:   	/home/runner/work/Khala-joybug/Khala-joybug/.buildozer/android/platform/build-arm64-v8a/dists/khalajoybug/_python_bundle__arm64-v8a/_python_bundle/modules/_codecs_jp.cpython-314-aarch64-linux-android.so
[DEBUG]:   	/home/runner/work/Khala-joybug/Khala-joybug/.buildozer/android/platform/build-arm64-v8a/dists/khalajoybug/_python_bundle__arm64-v8a/_python_bundle/modules/_codecs_tw.cpython-314-aarch64-linux-android.so
[DEBUG]:   	/home/runner/work/Khala-joybug/Khala-joybug/.buildozer/android/platform/build-arm64-v8a/dists/khalajoybug/_python_bundle__arm64-v8a/_python_bundle/modules/_testinternalcapi.cpython-314-aarch64-linux-android.so
[DEBUG]:   	/home/runner/work/Khala-joybug/Khala-joybug/.buildozer/android/platform/build-arm64-v8a/dists/khalajoybug/_python_bundle__arm64-v8a/_python_bundle/modules/_queue.cpython-314-aarch64-linux-android.so
[DEBUG]:   	/home/runner/work/Khala-joybug/Khala-joybug/.buildozer/android/platform/build-arm64-v8a/dists/khalajoybug/_python_bundle__arm64-v8a/_python_bundle/modules/_sha3.cpython-314-aarch64-linux-android.so
[DEBUG]:   	/home/runner/work/Khala-joybug/Khala-joybug/.buildozer/android/platform/build-arm64-v8a/dists/khalajoybug/_python_bundle__arm64-v8a/_python_bundle/modules/array.cpython-314-aarch64-linux-android.so
[DEBUG]:   	/home/runner/work/Khala-joybug/Khala-joybug/.buildozer/android/platform/build-arm64-v8a/dists/khalajoybug/libs/arm64-v8a/libSDL2_ttf.so
[DEBUG]:   	/home/runner/work/Khala-joybug/Khala-joybug/.buildozer/android/platform/build-arm64-v8a/dists/khalajoybug/libs/arm64-v8a/libffi.so
[DEBUG]:   	/home/runner/work/Khala-joybug/Khala-joybug/.buildozer/android/platform/build-arm64-v8a/dists/khalajoybug/libs/arm64-v8a/libpython3.14.so
[DEBUG]:   	/home/runner/work/Khala-joybug/Khala-joybug/.buildozer/android/platform/build-arm64-v8a/dists/khalajoybug/libs/arm64-v8a/libssl.so
[DEBUG]:   	/home/runner/work/Khala-joybug/Khala-joybug/.buildozer/android/platform/build-arm64-v8a/dists/khalajoybug/libs/arm64-v8a/libcrypto.so
[DEBUG]:   	/home/runner/work/Khala-joybug/Khala-joybug/.buildozer/android/platform/build-arm64-v8a/dists/khalajoybug/libs/arm64-v8a/libpythonbin.so
[DEBUG]:   	/home/runner/work/Khala-joybug/Khala-joybug/.buildozer/android/platform/build-arm64-v8a/dists/khalajoybug/libs/arm64-v8a/libmain.so
[DEBUG]:   	/home/runner/work/Khala-joybug/Khala-joybug/.buildozer/android/platform/build-arm64-v8a/dists/khalajoybug/libs/arm64-v8a/libSDL2.so
[DEBUG]:   	/home/runner/work/Khala-joybug/Khala-joybug/.buildozer/android/platform/build-arm64-v8a/dists/khalajoybug/libs/arm64-v8a/libSDL2_image.so
[DEBUG]:   	/home/runner/work/Khala-joybug/Khala-joybug/.buildozer/android/platform/build-arm64-v8a/dists/khalajoybug/libs/arm64-v8a/libSDL2_mixer.so
[DEBUG]:   	/home/runner/work/Khala-joybug/Khala-joybug/.buildozer/android/platform/build-arm64-v8a/dists/khalajoybug/libs/arm64-v8a/libsqlite3.so
[INFO]:    Stripping libraries in private dir
[INFO]:    Frying eggs in /home/runner/work/Khala-joybug/Khala-joybug/.buildozer/android/platform/build-arm64-v8a/dists/khalajoybug/_python_bundle__arm64-v8a/_python_bundle/site-packages
[INFO]:    <- directory context /home/runner/work/Khala-joybug/Khala-joybug/.buildozer/android/platform/python-for-android
[INFO]:    Copying in SDL .java files from: /home/runner/work/Khala-joybug/Khala-joybug/.buildozer/android/platform/build-arm64-v8a/build/bootstrap_builds/sdl2/jni/SDL/android-project/app/src/main/java/org/libsdl/app
[INFO]:    -> directory context /home/runner/work/Khala-joybug/Khala-joybug/.buildozer/android/platform/build-arm64-v8a/dists/khalajoybug
[INFO]:    Saving distribution info
[INFO]:    <- directory context /home/runner/work/Khala-joybug/Khala-joybug/.buildozer/android/platform/python-for-android
[INFO]:    # Your distribution was created successfully, exiting.
[INFO]:    Dist can be found at (for now) /home/runner/work/Khala-joybug/Khala-joybug/.buildozer/android/platform/build-arm64-v8a/dists/khalajoybug
[WARNING]: prerequisites.py is experimental and does not support all prerequisites yet.
[WARNING]: Please report any issues to the python-for-android issue tracker.
# Build the application #1
# Copy application source from /home/runner/work/Khala-joybug/Khala-joybug
# Create directory /home/runner/work/Khala-joybug/Khala-joybug/.buildozer/android/app
# Copy /home/runner/work/Khala-joybug/Khala-joybug/thorns.png
# Copy /home/runner/work/Khala-joybug/Khala-joybug/main.py
# Copy /home/runner/work/Khala-joybug/Khala-joybug/clover.png
# Copy /home/runner/work/Khala-joybug/Khala-joybug/ladybug.png
# Copy /home/runner/work/Khala-joybug/Khala-joybug/crunch.wav
# Copy /home/runner/work/Khala-joybug/Khala-joybug/ladybug_gold.png
# Copy /home/runner/work/Khala-joybug/Khala-joybug/spider.png
# Copy /home/runner/work/Khala-joybug/Khala-joybug/bee.png
# Copy /home/runner/work/Khala-joybug/Khala-joybug/leaf.png
# Copy /home/runner/work/Khala-joybug/Khala-joybug/icon.png
# Package the application
# project.properties updated
# Run ['/opt/hostedtoolcache/Python/3.11.17/x64/bin/python', '-m', 'pythonforandroid.toolchain', 'apk', '--bootstrap', 'sdl2', '--dist_name', 'khalajoybug', '--name', 'Khala Joybug', '--version', '1.0', '--package', 'org.joybug.khalajoybug', '--minsdk', '21', '--ndk-api', '21', '--private', '/home/runner/work/Khala-joybug/Khala-joybug/.buildozer/android/app', '--android-entrypoint', 'org.kivy.android.PythonActivity', '--android-apptheme', '@android:style/Theme.NoTitleBar', '--icon', '/home/runner/work/Khala-joybug/Khala-joybug/./icon.png', '--orientation', 'portrait', '--enable-androidx', '--c
# Cwd /home/runner/work/Khala-joybug/Khala-joybug/.buildozer/android/platform/python-for-android
[WARNING]: prerequisites.py is experimental and does not support all prerequisites yet.
[WARNING]: Please report any issues to the python-for-android issue tracker.
[INFO]:    Will compile for the following archs: arm64-v8a
[INFO]:    Found Android API target in $ANDROIDAPI: 31
[INFO]:    Available Android APIs are (31)
[INFO]:    Requested API target 31 is available, continuing.
[INFO]:    Found NDK dir in $ANDROIDNDK: /home/runner/.buildozer/android/platform/android-ndk-r28c
[INFO]:    Found NDK version 28c
[WARNING]: Maximum recommended NDK version is 28c, but newer versions may work.
[WARNING]: Newer NDKs may not be fully supported by p4a.
[INFO]:    Getting NDK API version (i.e. minimum supported API) from user argument
[DEBUG]:   All possible dists: [<Distribution: name khalajoybug with recipes (hostpython3, libffi, openssl, sdl2_image, sdl2_mixer, sdl2_ttf, sqlite3, python3, sdl2, pyjnius, setuptools, android, kivy, certifi, filetype, urllib3, requests, chardet, six, idna)>]
[DEBUG]:   Dist matching name and arch: [<Distribution: name khalajoybug with recipes (hostpython3, libffi, openssl, sdl2_image, sdl2_mixer, sdl2_ttf, sqlite3, python3, sdl2, pyjnius, setuptools, android, kivy, certifi, filetype, urllib3, requests, chardet, six, idna)>]
[DEBUG]:   Dist matching ndk_api and recipe: [<Distribution: name khalajoybug with recipes (hostpython3, libffi, openssl, sdl2_image, sdl2_mixer, sdl2_ttf, sqlite3, python3, sdl2, pyjnius, setuptools, android, kivy, certifi, filetype, urllib3, requests, chardet, six, idna)>]
[INFO]:    Of the existing distributions, the following meet the given requirements:
[INFO]:    	khalajoybug: min API 21, includes recipes (hostpython3, libffi, openssl, sdl2_image, sdl2_mixer, sdl2_ttf, sqlite3, python3, sdl2, pyjnius, setuptools, android, kivy, certifi, filetype, urllib3, requests, chardet, six, idna), built for archs (arm64-v8a)
[INFO]:    khalajoybug has compatible recipes, using this one
[DEBUG]:   All possible dists: [<Distribution: name khalajoybug with recipes (hostpython3, libffi, openssl, sdl2_image, sdl2_mixer, sdl2_ttf, sqlite3, python3, sdl2, pyjnius, setuptools, android, kivy, certifi, filetype, urllib3, requests, chardet, six, idna)>]
[DEBUG]:   Dist matching name and arch: [<Distribution: name khalajoybug with recipes (hostpython3, libffi, openssl, sdl2_image, sdl2_mixer, sdl2_ttf, sqlite3, python3, sdl2, pyjnius, setuptools, android, kivy, certifi, filetype, urllib3, requests, chardet, six, idna)>]
[DEBUG]:   Dist matching ndk_api and recipe: [<Distribution: name khalajoybug with recipes (hostpython3, libffi, openssl, sdl2_image, sdl2_mixer, sdl2_ttf, sqlite3, python3, sdl2, pyjnius, setuptools, android, kivy, certifi, filetype, urllib3, requests, chardet, six, idna)>]
[INFO]:    Of the existing distributions, the following meet the given requirements:
[INFO]:    	khalajoybug: min API 21, includes recipes (hostpython3, libffi, openssl, sdl2_image, sdl2_mixer, sdl2_ttf, sqlite3, python3, sdl2, pyjnius, setuptools, android, kivy, certifi, filetype, urllib3, requests, chardet, six, idna), built for archs (arm64-v8a)
[INFO]:    khalajoybug has compatible recipes, using this one
[INFO]:    -> directory context /home/runner/work/Khala-joybug/Khala-joybug/.buildozer/android/platform/build-arm64-v8a/build/bootstrap_builds/sdl2
[INFO]:    <- directory context /home/runner/work/Khala-joybug/Khala-joybug/.buildozer/android/platform/python-for-android
[INFO]:    -> directory context /home/runner/work/Khala-joybug/Khala-joybug/.buildozer/android/platform/build-arm64-v8a/dists/khalajoybug
[DEBUG]:   Remove directory and subdirectory src/main/assets
[DEBUG]:   Create directory src/main/assets
Compiling '/home/runner/work/Khala-joybug/Khala-joybug/.buildozer/android/app/main.py'...
Compiling '/home/runner/work/Khala-joybug/Khala-joybug/.buildozer/android/app/sitecustomize.py'...
[DEBUG]:   Remove directory and subdirectory /tmp/p4a-extra-env-88rbd77v
[INFO]:    Detected highest available build tools version to be 37.0.0
stty: 'standard input': Inappropriate ioctl for device
[DEBUG]:   -> running gradlew clean assembleDebug
[DEBUG]:   	Downloading https://services.gradle.org/distributions/gradle-8.14.3-all.zip
[DEBUG]:   	............................................................................................................................................................................................................................................................................................................................................................................................................................................................................................................................................................................................................
[DEBUG]:   	Unzipping /home/runner/.gradle/wrapper/dists/gradle-8.14.3-all/h9bud5ffjflfoe91ghcb596uv/gradle-8.14.3-all.zip to /home/runner/.gradle/wrapper/dists/gradle-8.14.3-all/h9bud5ffjflfoe91ghcb596uv
[DEBUG]:   	Set executable permissions for: /home/runner/.gradle/wrapper/dists/gradle-8.14.3-all/h9bud5ffjflfoe91ghcb596uv/gradle-8.14.3/bin/gradle
[DEBUG]:   	
[DEBUG]:   	Welcome to Gradle 8.14.3!
[DEBUG]:   	
[DEBUG]:   	Here are the highlights of this release:
[DEBUG]:   	 - Java 24 support
[DEBUG]:   	 - GraalVM Native Image toolchain selection
[DEBUG]:   	 - Enhancements to test reporting
[DEBUG]:   	 - Build Authoring improvements
[DEBUG]:   	
[DEBUG]:   	For more details see https://docs.gradle.org/8.14.3/release-notes.html
[DEBUG]:   	
[DEBUG]:   	Starting a Gradle Daemon (subsequent builds will be faster)
[DEBUG]:   	> Task :clean UP-TO-DATE
[DEBUG]:   	> Task :preBuild UP-TO-DATE
[DEBUG]:   	> Task :preDebugBuild UP-TO-DATE
[DEBUG]:   	> Task :mergeDebugNativeDebugMetadata NO-SOURCE
[DEBUG]:   	> Task :generateDebugResValues
[DEBUG]:   	> Task :javaPreCompileDebug
[DEBUG]:   	> Task :checkDebugAarMetadata
[DEBUG]:   	> Task :mapDebugSourceSetPaths
[DEBUG]:   	> Task :generateDebugResources
[DEBUG]:   	> Task :packageDebugResources
[DEBUG]:   	> Task :mergeDebugResources
[DEBUG]:   	> Task :createDebugCompatibleScreenManifests
[DEBUG]:   	> Task :extractDeepLinksDebug
[DEBUG]:   	> Task :parseDebugLocalResources
[DEBUG]:   	
[DEBUG]:   	> Task :processDebugMainManifest
[DEBUG]:   	/home/runner/work/Khala-joybug/Khala-joybug/.buildozer/android/platform/build-arm64-v8a/dists/khalajoybug/src/main/AndroidManifest.xml:53:18-50 Warning:
[DEBUG]:   		android:extractNativeLibs should not be specified in this source AndroidManifest.xml file. See https://d.android.com/guide/topics/manifest/application-element#extractNativeLibs for more information.
[DEBUG]:   	The AGP Upgrade Assistant can remove the attribute from the AndroidManifest.xml file and update the build file accordingly. See https://d.android.com/studio/build/agp-upgrade-assistant for more information.
[DEBUG]:   	
[DEBUG]:   	> Task :processDebugManifest
[DEBUG]:   	> Task :mergeDebugShaders
[DEBUG]:   	> Task :compileDebugShaders NO-SOURCE
[DEBUG]:   	> Task :generateDebugAssets UP-TO-DATE
[DEBUG]:   	> Task :mergeDebugAssets
[DEBUG]:   	> Task :processDebugManifestForPackage
[DEBUG]:   	> Task :processDebugJavaRes NO-SOURCE
[DEBUG]:   	> Task :checkDebugDuplicateClasses
[DEBUG]:   	> Task :compressDebugAssets
[DEBUG]:   	> Task :mergeDebugJavaResource
[DEBUG]:   	> Task :processDebugResources
[DEBUG]:   	> Task :desugarDebugFileDependencies
[DEBUG]:   	
[DEBUG]:   	> Task :compileDebugJavaWithJavac
[DEBUG]:   	Note: Some input files use or override a deprecated API.
[DEBUG]:   	Note: Recompile with -Xlint:deprecation for details.
[DEBUG]:   	
[DEBUG]:   	> Task :mergeExtDexDebug
[DEBUG]:   	> Task :mergeLibDexDebug
[DEBUG]:   	> Task :dexBuilderDebug
[DEBUG]:   	> Task :mergeProjectDexDebug
[DEBUG]:   	> Task :mergeDebugJniLibFolders
[DEBUG]:   	> Task :mergeDebugNativeLibs
[DEBUG]:   	> Task :validateSigningDebug
[DEBUG]:   	> Task :writeDebugAppMetadata
[DEBUG]:   	> Task :writeDebugSigningConfigVersions
[DEBUG]:   	> Task :stripDebugDebugSymbols
[DEBUG]:   	> Task :packageDebug
[DEBUG]:   	> Task :createDebugApkListingFileRedirect
[DEBUG]:   	> Task :assembleDebug
[DEBUG]:   	
[DEBUG]:   	[Incubating] Problems report is available at: file:///home/runner/work/Khala-joybug/Khala-joybug/.buildozer/android/platform/build-arm64-v8a/dists/khalajoybug/build/reports/problems/problems-report.html
[DEBUG]:   	
[DEBUG]:   	Deprecated Gradle features were used in this build, making it incompatible with Gradle 9.0.
[DEBUG]:   	
[DEBUG]:   	You can use '--warning-mode all' to show the individual deprecation warnings and determine if they come from your own scripts or plugins.
[DEBUG]:   	
[DEBUG]:   	For more on this, please refer to https://docs.gradle.org/8.14.3/userguide/command_line_interface.html#sec:command_line_warnings in the Gradle documentation.
[DEBUG]:   	
[DEBUG]:   	BUILD SUCCESSFUL in 41s
[DEBUG]:   	34 actionable tasks: 33 executed, 1 up-to-date
[INFO]:    <- directory context /home/runner/work/Khala-joybug/Khala-joybug/.buildozer/android/platform/python-for-android
[DEBUG]:   All possible dists: [<Distribution: name khalajoybug with recipes (hostpython3, libffi, openssl, sdl2_image, sdl2_mixer, sdl2_ttf, sqlite3, python3, sdl2, pyjnius, setuptools, android, kivy, certifi, filetype, urllib3, requests, chardet, six, idna)>]
[DEBUG]:   Dist matching name and arch: [<Distribution: name khalajoybug with recipes (hostpython3, libffi, openssl, sdl2_image, sdl2_mixer, sdl2_ttf, sqlite3, python3, sdl2, pyjnius, setuptools, android, kivy, certifi, filetype, urllib3, requests, chardet, six, idna)>]
[DEBUG]:   Dist matching ndk_api and recipe: [<Distribution: name khalajoybug with recipes (hostpython3, libffi, openssl, sdl2_image, sdl2_mixer, sdl2_ttf, sqlite3, python3, sdl2, pyjnius, setuptools, android, kivy, certifi, filetype, urllib3, requests, chardet, six, idna)>]
[INFO]:    Of the existing distributions, the following meet the given requirements:
[INFO]:    	khalajoybug: min API 21, includes recipes (hostpython3, libffi, openssl, sdl2_image, sdl2_mixer, sdl2_ttf, sqlite3, python3, sdl2, pyjnius, setuptools, android, kivy, certifi, filetype, urllib3, requests, chardet, six, idna), built for archs (arm64-v8a)
[INFO]:    khalajoybug has compatible recipes, using this one
[INFO]:    # Copying android package to current directory
[INFO]:    # Android package filename not found in build output. Guessing...
[INFO]:    # Found android package file: /home/runner/work/Khala-joybug/Khala-joybug/.buildozer/android/platform/build-arm64-v8a/dists/khalajoybug/build/outputs/apk/debug/khalajoybug-debug.apk
[INFO]:    # Add version number to android package
[INFO]:    # Android package renamed to khalajoybug-debug-1.0.apk
stty: 'standard input': Inappropriate ioctl for device
[DEBUG]:   -> running cp /home/runner/work/Khala-joybug/Khala-joybug/.buildozer/android/platform/build-arm64-v8a/dists/khalajoybug/build/outputs/apk/debug/khalajoybug-debug.apk khalajoybug-debug-1.0.apk
No setup.py/pyproject.toml used, copying full private data into .apk.
Applying Java source code patches...
Applying patch: src/patches/SDLActivity.java.patch
Applying patch: src/patches/SDLSurface.java.patch
# Android packaging done!
# APK khalajoybug-1.0-arm64-v8a-debug.apk available in the bin directory
